<?xml version="1.0" encoding="utf-8"?>
<COLLADA xmlns="http://www.collada.org/2005/11/COLLADASchema" version="1.4.1">
  <asset>
    <created>2023-10-29T15:39:20Z</created>
    <modified>2023-10-29T15:39:20Z</modified>
  </asset>
  <library_images>
    <image id="Image">
      <init_from>Texture_001.png</init_from>
    </image>
    <image id="Image1">
      <init_from>Texture_002.png</init_from>
    </image>
  </library_images>
  <library_materials>
    <material id="VisualMaterial" name="Texture_001">
      <instance_effect url="#Effect"/>
      <extra>
        <technique profile="FCOLLADA">
          <user_properties>Texture_001</user_properties>
        </technique>
      </extra>
    </material>
    <material id="VisualMaterial1" name="Texture_002">
      <instance_effect url="#Effect1"/>
      <extra>
        <technique profile="FCOLLADA">
          <user_properties>Texture_002</user_properties>
        </technique>
      </extra>
    </material>
  </library_materials>
  <library_effects>
    <effect id="Effect" name="Texture_001_png">
      <profile_COMMON>
        <newparam sid="Image-surface">
          <surface type="2D">
            <init_from>Image</init_from>
            <format>A8R8G8B8</format>
          </surface>
        </newparam>
        <newparam sid="Image-sampler">
          <sampler2D>
            <source>Image-surface</source>
            <wrap_s>WRAP</wrap_s>
            <wrap_t>WRAP</wrap_t>
            <minfilter>NONE</minfilter>
            <magfilter>NONE</magfilter>
            <mipfilter>NONE</mipfilter>
          </sampler2D>
        </newparam>
        <technique sid="common">
          <phong>
            <emission>
              <color>0 0 0 1</color>
            </emission>
            <ambient>
              <color>0 0 0 1</color>
            </ambient>
            <diffuse>
              <texture texture="Image-sampler" texcoord=""/>
            </diffuse>
            <specular>
              <color>1 1 1 1</color>
            </specular>
            <shininess>
              <float>0</float>
            </shininess>
            <transparent opaque="A_ONE">
              <color>0 0 0 1</color>
            </transparent>
            <transparency>
              <float>1</float>
            </transparency>
            <index_of_refraction>
              <float>1.55</float>
            </index_of_refraction>
          </phong>
          <extra>
            <technique profile="FCOLLADA">
              <spec_level>
                <float>0</float>
              </spec_level>
            </technique>
          </extra>
        </technique>
      </profile_COMMON>
      <extra>
        <technique profile="FCOLLADA">
          <user_properties>Texture_001.png</user_properties>
        </technique>
      </extra>
    </effect>
    <effect id="Effect1" name="Texture_002_png">
      <profile_COMMON>
        <newparam sid="Image1-surface">
          <surface type="2D">
            <init_from>Image1</init_from>
            <format>A8R8G8B8</format>
          </surface>
        </newparam>
        <newparam sid="Image1-sampler">
          <sampler2D>
            <source>Image1-surface</source>
            <wrap_s>WRAP</wrap_s>
            <wrap_t>WRAP</wrap_t>
            <minfilter>NONE</minfilter>
            <magfilter>NONE</magfilter>
            <mipfilter>NONE</mipfilter>
          </sampler2D>
        </newparam>
        <technique sid="common">
          <phong>
            <emission>
              <color>0 0 0 1</color>
            </emission>
            <ambient>
              <color>0 0 0 1</color>
            </ambient>
            <diffuse>
              <texture texture="Image1-sampler" texcoord=""/>
            </diffuse>
            <specular>
              <color>1 1 1 1</color>
            </specular>
            <shininess>
              <float>0</float>
            </shininess>
            <transparent opaque="A_ONE">
              <color>0 0 0 1</color>
            </transparent>
            <transparency>
              <float>1</float>
            </transparency>
            <index_of_refraction>
              <float>1.55</float>
            </index_of_refraction>
          </phong>
          <extra>
            <technique profile="FCOLLADA">
              <spec_level>
                <float>0</float>
              </spec_level>
            </technique>
          </extra>
        </technique>
      </profile_COMMON>
      <extra>
        <technique profile="FCOLLADA">
          <user_properties>Texture_002.png</user_properties>
        </technique>
      </extra>
    </effect>
  </library_effects>
  <library_geometries>
    <geometry id="Geometry" name="_000_Mesh_001">
      <mesh>
        <source id="GeometrySource" name="0000_Mesh_001Pos">
          <float_array id="GeometrySource-array" count="6939">0.383204 1.61831 -0.070225 0.399463 1.60026 -0.043397 0.381176 1.58514 -0.043853 0.385705 1.59327 -0.004511 0.401422 1.60606 -0.007228 0.390235 1.62208 0.020947 0.403381 1.62846 0.018072 0.403618 1.67703 0.0282 0.39774 1.67624 0.035395 0.460309 1.60567 -0.050081 0.460462 1.61061 -0.012241 0.460614 1.63216 0.01473 0.4375 1.6779 0.030617 0.401025 1.70973 -0.002344 0.403618 1.67703 0.0282 0.4375 1.6779 0.030617 0.394963 1.71527 0.000858 0.388605 1.72606 -0.03966 0.459907 1.62171 -0.085403 0.464507 1.67757 0.028694 0.459907 1.62171 -0.085403 0.43653 1.66915 -0.106688 0.463875 1.66925 -0.104733 0.437809 1.71503 -0.088683 0.465163 1.71306 -0.088135 0.438253 1.72437 -0.042432 0.465509 1.72261 -0.043765 0.46581 1.7121 -0.00507 0.383204 1.61831 -0.070225 0.378179 1.67299 -0.091503 0.3905 1.71077 -0.074259 0.395444 1.72034 -0.040476 0.438625 1.71371 -0.003642 0.464507 1.67757 0.028694 -0.383205 1.61831 -0.070225 -0.369292 1.61169 -0.072429 -0.381177 1.58514 -0.043914 -0.399463 1.60026 -0.043397 -0.46031 1.60567 -0.050081 -0.459908 1.62171 -0.085403 -0.385706 1.59327 -0.004511 -0.401423 1.60606 -0.007228 -0.460462 1.61061 -0.012241 -0.390235 1.62208 0.020947 -0.403381 1.62846 0.018072 -0.460615 1.63216 0.01473 -0.403619 1.67703 0.0282 -0.4375 1.6779 0.030616 -0.464508 1.67757 0.028693 -0.39774 1.67624 0.035395 -0.401026 1.70973 -0.002344 -0.4375 1.6779 0.030616 -0.438626 1.71371 -0.003643 -0.464508 1.67757 0.028693 -0.46581 1.7121 -0.00507 -0.394963 1.71527 0.000858 -0.388606 1.72606 -0.03966 -0.395445 1.72034 -0.040476 -0.438254 1.72437 -0.042432 -0.465509 1.72261 -0.043765 -0.390501 1.71077 -0.074259 -0.43781 1.71503 -0.088683 -0.465164 1.71306 -0.088135 -0.382573 1.7167 -0.078106 -0.37818 1.67299 -0.091503 -0.437019 1.66915 -0.106688 -0.463875 1.66925 -0.104733 -0.370286 1.67339 -0.098658 -0.383205 1.61831 -0.070225 -0.459908 1.62171 -0.085403 -0.369292 1.61169 -0.072429 0.385705 1.59327 -0.004511 0.390235 1.62208 0.020947 0.386534 1.60618 0.020029 0.395225 1.67443 0.042057 0.397001 1.67536 0.073276 0.384264 1.57057 0.036422 0.38156 1.58035 -0.004846 0.381176 1.58514 -0.043853 0.39774 1.67624 0.035395 0.394963 1.71527 0.000858 0.395602 1.72969 0.009868 0.400656 1.76504 0.032846 0.395225 1.82931 0.11796 0.387868 1.66966 0.1193 0.373625 1.53465 0.109949 0.389345 1.74453 -0.038023 0.392442 1.78879 -0.038171 0.40975 1.84279 0.035519 0.428192 2.00067 0.040949 0.399408 2.00066 0.220675 0.38197 1.82881 0.21877 0.388605 1.72606 -0.03966 0.380891 1.73031 -0.086901 0.378785 1.76504 -0.113559 0.395794 1.84003 -0.039003 0.397223 2.00068 -0.124707 0.415598 2.1907 -0.142086 0.450343 2.1907 0.044475 0.381207 1.83715 -0.11697 0.340574 1.81329 -0.188865 0.376586 1.57403 -0.045863 0.377209 1.54642 -0.003236 0.370155 1.54249 -0.048946 0.366621 1.47 -0.003996 0.359388 1.46995 -0.05173 0.368609 1.41793 0.038806 0.339934 1.41842 -0.095694 0.373854 1.47579 0.037683 0.345794 1.46264 0.208858 0.332145 1.3139 0.19947 0.359121 1.3136 0.043545 0.331329 1.31331 -0.088944 0.415598 2.1907 0.231036 0.311407 2.13793 0.382926 0.2969 2.00064 0.38039 0.28303 1.84231 0.378866 0.328798 1.70383 0.294311 0.366559 1.66122 0.218996 0.319269 2.1907 0.386704 -0.311409 2.13793 0.382926 -0.319271 2.1907 0.386704 -0.415599 2.1907 0.231035 -0.399409 2.00066 0.220675 -0.296901 2.00064 0.38039 -0.450344 2.1907 0.044475 -0.428193 2.00067 0.040949 -0.395226 1.82931 0.11796 -0.381971 1.82881 0.21877 -0.283031 1.84231 0.378866 -0.415599 2.1907 -0.142086 -0.397224 2.00068 -0.124707 -0.395795 1.84003 -0.039003 -0.409751 1.84279 0.035519 -0.400657 1.76504 0.032845 -0.397002 1.67536 0.073276 -0.387869 1.66966 0.1193 -0.316652 2.1907 -0.300244 -0.304494 2.0007 -0.279691 -0.340575 1.81329 -0.188865 -0.381208 1.83715 -0.11697 -0.378786 1.76504 -0.113559 -0.392443 1.78879 -0.038172 -0.29549 1.81244 -0.264929 -0.284436 1.65998 -0.252974 -0.325877 1.65831 -0.179053 -0.360036 1.6659 -0.121046 -0.380892 1.73031 -0.086901 -0.312545 1.52162 -0.170223 -0.356708 1.5655 -0.101186 0.304493 2.0007 -0.279691 0.316651 2.1907 -0.300244 -0.264234 1.4189 -0.227501 -0.339934 1.41842 -0.095694 -0.255736 1.31301 -0.21693 0.318284 1.17808 -0.080261 0.3448 1.17808 0.049699 0.319681 1.17808 0.186536 0.238546 1.17209 0.301305 0.24558 1.31409 0.30988 0.283298 1.44357 0.28193 0.350667 1.53103 0.213047 0.316492 1.55015 0.268788 0.330387 1.6549 0.290252 -0.328799 1.70383 0.294311 -0.366559 1.66122 0.218996 -0.330388 1.6549 0.290252 -0.350667 1.53103 0.213047 -0.316492 1.55015 0.268788 -0.37379 1.53465 0.109971 -0.345794 1.46264 0.208858 -0.283298 1.44357 0.28193 -0.384265 1.57057 0.036422 -0.373855 1.47579 0.037683 -0.36861 1.41793 0.038806 -0.332145 1.3139 0.19947 -0.386534 1.60618 0.020029 -0.38156 1.58035 -0.004846 -0.37721 1.54642 -0.003236 -0.366622 1.47 -0.003996 -0.395226 1.67443 0.042057 -0.390235 1.62208 0.020947 -0.385706 1.59327 -0.004511 -0.381177 1.58514 -0.043914 -0.376587 1.57403 -0.045863 -0.370156 1.54249 -0.048946 -0.395603 1.72969 0.009867 -0.394963 1.71527 0.000858 -0.39774 1.67624 0.035395 -0.389346 1.74453 -0.038023 -0.388606 1.72606 -0.03966 -0.382573 1.7167 -0.078106 -0.370286 1.67339 -0.098658 -0.366815 1.67241 -0.106289 -0.369292 1.61169 -0.072429 -0.36571 1.59954 -0.079151 -0.359388 1.46995 -0.051731 -0.33133 1.31331 -0.088944 -0.359121 1.3136 0.043545 -0.34471 1.47522 -0.104619 -0.244909 1.17808 -0.203462 -0.318284 1.17808 -0.080261 -0.3448 1.17808 0.049699 -0.319681 1.17808 0.186536 -0.238547 1.17209 0.301305 -0.24558 1.31409 0.30988 0.219391 0.849364 -0.167468 0.225391 0.930681 -0.176464 0.294126 0.930681 -0.067716 0.118734 0.849364 -0.236513 0.121949 0.930681 -0.247765 0 0.849364 -0.260759 0 0.930681 -0.272802 0.286583 0.849367 -0.063999 0.318442 0.930681 0.056331 0.203005 0.826517 -0.150311 0.109866 0.826517 -0.214132 0.310206 0.849366 0.057626 0.294506 0.930681 0.180693 0.265239 0.826517 -0.054797 0.286637 0.849364 0.179642 0.224203 0.930681 0.288037 0.287093 0.826517 0.05787 -0.122083 0.930681 -0.247765 -0.118734 0.849364 -0.236514 -0.225458 0.930681 -0.175367 -0.219391 0.849364 -0.167468 -0.294126 0.930681 -0.067716 -0.286583 0.849367 -0.063999 -0.318442 0.930681 0.056331 -0.310206 0.849366 0.057626 -0.294506 0.930681 0.180693 -0.286637 0.849364 0.179641 -0.224203 0.930681 0.288037 0 0.826517 -0.236542 -0.109866 0.826517 -0.214132 -0.203005 0.826517 -0.150311 -0.265239 0.826517 -0.054797 -0.287093 0.826517 0.05787 -0.265239 0.826517 0.170536 -0.219166 0.849367 0.283042 -0.118033 0.849366 0.352213 -0.117194 0.930681 0.359872 -0.203006 0.826517 0.26605 -0.109866 0.826517 0.329871 0 0.849356 0.376462 0 0.930681 0.38485 0 0.826517 0.352282 0.109866 0.826517 0.329871 0.118033 0.849367 0.352213 0.117194 0.930681 0.359872 0.203006 0.826517 0.26605 0.219166 0.849368 0.283042 0.265239 0.826517 0.170536 0 0.826517 -0.236542 0.109866 0.826517 -0.214132 0 0.826517 0.05787 0.203005 0.826517 -0.150311 0.265239 0.826517 -0.054797 0.287093 0.826517 0.05787 0.265239 0.826517 0.170536 0.203006 0.826517 0.26605 0.109866 0.826517 0.329871 0 0.826517 0.352282 -0.109866 0.826517 0.329871 -0.203006 0.826517 0.26605 -0.265239 0.826517 0.170536 -0.287093 0.826517 0.05787 -0.265239 0.826517 -0.054797 -0.203005 0.826517 -0.150311 -0.109866 0.826517 -0.214132 0.492754 2.34325 0.043662 0.485125 2.35269 0.04361 0.448197 2.35269 0.24318 0.455245 2.34325 0.246295 0.452881 2.21765 0.244931 0.490195 2.21765 0.044347 0.485856 2.20988 0.044387 0.448904 2.20991 -0.154373 0.452881 2.21765 -0.156236 0.343035 2.35269 0.412367 0.34843 2.34325 0.41808 0.34662 2.21765 0.414978 0.448898 2.2099 0.243145 0.415598 2.1907 0.231036 0.450343 2.1907 0.044475 0.185649 2.35269 0.525414 0.188568 2.34325 0.532862 0.187589 2.21765 0.528599 0.343624 2.20995 0.4117 0.319269 2.1907 0.386704 0 2.35269 0.565111 0 2.34325 0.573168 0 2.21765 0.568498 0.185997 2.21 0.52438 0.174677 2.1907 0.494872 -0.18857 2.34325 0.532862 -0.18759 2.21765 0.528599 -0.185998 2.21 0.52438 0 2.21002 0.563963 0 2.1907 0.518718 -0.18565 2.35269 0.525414 -0.348431 2.34325 0.418079 -0.346621 2.21765 0.414978 -0.343625 2.20995 0.4117 -0.174678 2.1907 0.494872 -0.343036 2.35269 0.412367 -0.455247 2.34325 0.246295 -0.452883 2.21765 0.244931 -0.4489 2.2099 0.243145 -0.319271 2.1907 0.386704 -0.448198 2.35269 0.24318 -0.492756 2.34325 0.043662 -0.490196 2.21765 0.044347 -0.485857 2.20988 0.044387 -0.415599 2.1907 0.231035 -0.485126 2.35269 0.04361 -0.450344 2.1907 0.044475 -0.448905 2.20991 -0.154373 -0.452882 2.21765 -0.156236 -0.343633 2.20996 -0.322935 -0.415599 2.1907 -0.142086 -0.450344 2.1907 0.044475 -0.485857 2.20988 0.044387 -0.346621 2.21764 -0.326283 -0.186004 2.21001 -0.435622 -0.316652 2.1907 -0.300244 -0.455247 2.34325 -0.158972 -0.348431 2.34325 -0.330756 -0.18759 2.21764 -0.439904 0 2.21003 -0.475207 -0.174678 2.1907 -0.397176 -0.492756 2.34325 0.043662 -0.485126 2.35269 0.04361 -0.448198 2.35269 -0.15596 -0.343036 2.35269 -0.325147 -0.18857 2.34325 -0.445539 -0.343036 2.35269 -0.325147 -0.348431 2.34325 -0.330756 -0.18857 2.34325 -0.445539 0 2.21764 -0.479803 -0.490196 2.21765 0.044347 -0.18565 2.35269 -0.438194 0 2.34325 -0.485845 0.188569 2.34325 -0.445539 0.187589 2.21764 -0.439904 0 2.35269 -0.47789 0.185649 2.35269 -0.438194 0.343034 2.35269 -0.325146 0.348429 2.34325 -0.330756 0.34662 2.21765 -0.326283 0.186003 2.21001 -0.435622 0.174677 2.1907 -0.397176 0 2.1907 -0.434285 0.448197 2.35269 -0.15596 0.455245 2.34325 -0.158972 0.343632 2.20996 -0.322934 0.316651 2.1907 -0.300244 0.485125 2.35269 0.04361 0.492754 2.34325 0.043662 0.490195 2.21765 0.044347 0.415598 2.1907 -0.142086 0.450343 2.1907 0.044475 0.485856 2.20988 0.044387 0.043604 2.34286 0.090037 0.043604 2.29495 0.090037 0.025202 2.29495 0.103254 0.058575 2.34286 0.065948 0.058575 2.29495 0.065948 0.062893 2.34286 0.042615 0.062893 2.29495 0.042615 0.057636 2.34286 0.0142 0.057636 2.29495 0.0142 0.025202 2.34286 0.103254 0.027891 2.34986 0.109871 0.048377 2.34986 0.09538 0.065141 2.34986 0.068719 0.070012 2.34986 0.042771 0 2.29495 0.109168 0 2.34286 0.109168 0 2.34986 0.116359 0.116243 2.34986 0.32731 0.201117 2.34986 0.266347 0.270171 2.34986 0.155244 0.290085 2.34986 0.047621 -0.025203 2.34286 0.103254 -0.027892 2.34986 0.109871 -0.116244 2.34986 0.32731 0 2.34986 0.35459 0.185649 2.35269 0.525414 0.343035 2.35269 0.412367 -0.025203 2.29495 0.103254 -0.043605 2.34286 0.090036 -0.048379 2.34986 0.09538 -0.201118 2.34986 0.266347 -0.343036 2.35269 0.412367 -0.18565 2.35269 0.525414 0 2.35269 0.565111 -0.043605 2.29495 0.090036 -0.058577 2.34286 0.065948 -0.065143 2.34986 0.068719 -0.270173 2.34986 0.155244 -0.448198 2.35269 0.24318 -0.058577 2.29495 0.065948 -0.062894 2.34286 0.042615 -0.070013 2.34986 0.042771 -0.290087 2.34986 0.047621 -0.485126 2.35269 0.04361 -0.265838 2.34986 -0.083434 -0.448198 2.35269 -0.15596 -0.062894 2.29495 0.042615 -0.057637 2.34286 0.0142 -0.064102 2.34986 0.011169 -0.057637 2.29495 0.0142 -0.045341 2.34286 -0.005581 -0.05032 2.34986 -0.01072 -0.209127 2.34986 -0.174672 -0.343036 2.35269 -0.325147 -0.100116 2.34986 -0.25012 -0.18565 2.35269 -0.438194 0 2.35269 -0.47789 -0.045341 2.29495 -0.005581 -0.021707 2.34286 -0.021939 -0.024034 2.34986 -0.02871 -0.021707 2.29495 -0.021939 0 2.34286 -0.02658 0 2.34986 -0.033738 0 2.34986 -0.271527 0.100115 2.34986 -0.25012 0.185649 2.35269 -0.438194 0.343034 2.35269 -0.325146 0 2.29495 -0.02658 0.021705 2.29495 -0.021969 0.021705 2.34286 -0.021969 0.024032 2.34986 -0.02871 0.050318 2.34986 -0.01072 0.209126 2.34986 -0.174672 0.448197 2.35269 -0.15596 0.265837 2.34986 -0.083434 0.485125 2.35269 0.04361 0.04534 2.29495 -0.005581 0.04534 2.34286 -0.005581 0.064101 2.34986 0.011169 0.448197 2.35269 0.24318 0.16168 0.184909 -0.099698 0.161645 0.119339 -0.096722 0.072248 0.119582 -0.070137 0.232343 0.185402 -0.044477 0.232169 0.119508 -0.04146 0.23652 0.191318 0.032686 0.234987 0.12458 0.038821 0.258348 0.192589 0.0797 0.250818 0.102559 0.081237 0.072043 0.185082 -0.07299 0.077242 0.251173 -0.070054 0.159063 0.25414 -0.094448 0.224351 0.252559 -0.043376 0.227723 0.255998 0.02554 0.235579 0.251932 0.065706 0.040716 0.186029 0.014713 0.051017 0.257413 0.011722 0.089869 0.308341 -0.057409 0.154148 0.308181 -0.078118 0.206904 0.308433 -0.035987 0.209828 0.307718 0.019595 0.041037 0.120031 0.018084 0.085054 0.124152 0.086141 0.069663 0.18331 0.06945 0.077766 0.241277 0.06534 0.101834 0.307797 0.05594 0.070419 0.308807 0.009972 0.072248 0.119582 -0.070137 0.10236 0.101611 0.126533 0.083908 0.184386 0.119037 0.096986 0.2397 0.103812 0.12672 0.28474 0.099913 0.158627 0.315821 0.07202 0.170386 0.303381 0.090097 0.102315 0.096337 0.165899 0.087315 0.179406 0.157834 0.104204 0.233035 0.142487 0.131743 0.26623 0.133197 0.180768 0.289016 0.120758 0.208127 0.293309 0.075512 0.278699 0.187931 0.117947 0.269956 0.097341 0.117424 0.322841 0.16752 0.191369 0.316935 0.098554 0.191687 0.327823 0.172463 0.254227 0.324095 0.098768 0.260957 0.251061 0.242873 0.108019 0.284504 0.224417 0.170022 0.287956 0.236793 0.234353 0.293394 0.216252 0.286086 0.311348 0.182395 0.299005 0.308626 0.099095 0.308318 0.218923 0.276288 0.109911 0.252161 0.2521 0.16672 0.259778 0.261148 0.23779 0.265236 0.243695 0.286476 0.295855 0.189414 0.314763 0.298042 0.099032 0.321433 0.191191 0.27362 0.172677 0.213181 0.276676 0.262568 0.222358 0.256309 0.306018 0.267115 0.195516 0.335406 0.128308 0.251125 0.175028 0.144458 0.260373 0.254485 0.157617 0.244826 0.301525 0.182453 0.195673 0.355024 0.231416 0.195208 0.353898 0.101471 0.221906 0.184807 0.117569 0.233451 0.257405 0.131505 0.216255 0.304722 0.146876 0.188724 0.339644 0.194933 0.099567 0.367799 0.231963 0.100474 0.369747 0.082701 0.166958 0.216799 0.100901 0.17026 0.272845 0.123397 0.177669 0.313335 0.1536 0.099606 0.35068 0.086263 0.099067 0.213857 0.107189 0.098294 0.277187 0.13012 0.098437 0.319825 0.262008 0.099215 0.351558 0.160483 0.097437 -0.092258 0.075027 0.097516 -0.06682 0.227817 0.097268 -0.039372 0.228718 0.097916 0.047357 0.075027 0.097516 -0.06682 0.045116 0.097565 0.017607 0.09411 0.098057 0.089611 0.269956 0.097341 0.117424 0.102315 0.096337 0.165899 0.10236 0.101611 0.126533 0.250818 0.102559 0.081237 0.107189 0.098294 0.277187 0.324095 0.098768 0.260957 0.308626 0.099095 0.308318 0.262008 0.099215 0.351558 0.194933 0.099567 0.367799 0.1536 0.099606 0.35068 0.13012 0.098437 0.319825 0.298042 0.099032 0.321433 0.308626 0.099095 0.308318 0.298042 0.099032 0.321433 0.1536 0.099606 0.35068 0.13012 0.098437 0.319825 0.316935 0.098554 0.191687 0.324095 0.098768 0.260957 0.107189 0.098294 0.277187 0.086263 0.099067 0.213857 0.269956 0.097341 0.117424 0.102315 0.096337 0.165899 0.075027 0.097516 -0.06682 0.160483 0.097437 -0.092258 0.227817 0.097268 -0.039372 0.045116 0.097565 0.017607 0.09411 0.098057 0.089611 0.228718 0.097916 0.047357 0.09411 0.098057 0.089611 0.228718 0.097916 0.047357 0.234987 0.12458 0.038821 0.085054 0.124152 0.086141 0.10236 0.101611 0.126533 0.085054 0.124152 0.086141 0.234987 0.12458 0.038821 0.250818 0.102559 0.081237 0.131343 0.36778 0.026062 0.124868 0.37364 0.038201 0.154731 0.373573 0.038101 0.150515 0.367149 0.024961 0.137246 0.343655 0.014716 0.146867 0.343376 0.013669 0.139326 0.331153 0.010615 0.145503 0.330904 0.009489 0.153124 0.331442 0.005568 0.169633 0.367998 0.012875 0.157522 0.343965 0.007537 0.153124 0.331442 0.005568 0.157522 0.343965 0.007537 0.155516 0.343826 -0.006791 0.151497 0.331647 -0.004565 0.144087 0.332184 -0.011712 0.182069 0.373671 0.018599 0.165925 0.366975 -0.012653 0.144895 0.344402 -0.016666 0.133258 0.344128 -0.012728 0.136537 0.331921 -0.009174 0.129827 0.343425 0.002486 0.134104 0.331268 0.001881 0.139326 0.331153 0.010615 0.179098 0.374118 -0.019541 0.146964 0.367671 -0.029624 0.124629 0.367477 -0.02212 0.118439 0.366771 0.004022 0.137246 0.343655 0.014716 0.149627 0.374172 -0.044305 0.113939 0.374151 -0.032565 0.10373 0.374089 0.006408 0.131343 0.36778 0.026062 0.124868 0.37364 0.038201 0.084169 0.317829 -0.062841 0.089869 0.308341 -0.057409 0.070419 0.308807 0.009972 0.062679 0.317929 0.012434 0.059335 0.336558 0.012815 0.081769 0.336418 -0.065642 0.085519 0.356783 -0.061858 0.064391 0.356579 0.012107 0.10093 0.372498 -0.045627 0.101834 0.307797 0.05594 0.105444 0.315411 0.07426 0.103228 0.336721 0.078043 0.105822 0.356264 0.073502 0.116625 0.372582 0.053329 0.08545 0.372384 0.00914 0.166455 0.317856 0.077415 0.105444 0.315411 0.07426 0.167353 0.336583 0.080555 0.166078 0.356155 0.075767 0.159778 0.372623 0.054491 0.124868 0.37364 0.038201 0.10373 0.374089 0.006408 0.158627 0.315821 0.07202 0.209828 0.307718 0.019595 0.218201 0.315275 0.035987 0.222702 0.336426 0.037389 0.218286 0.356065 0.03521 0.19766 0.372557 0.025691 0.182069 0.373671 0.018599 0.154731 0.373573 0.038101 0.206904 0.308433 -0.035987 0.214516 0.317671 -0.038978 0.217671 0.336156 -0.040995 0.21354 0.356377 -0.038712 0.195148 0.372391 -0.028338 0.179098 0.374118 -0.019541 0.149627 0.374172 -0.044305 0.152533 0.372513 -0.062436 0.154148 0.308181 -0.078118 0.155882 0.317634 -0.085962 0.156373 0.336233 -0.089835 0.21354 0.356377 -0.038712 0.214516 0.317671 -0.038978 0.217671 0.336156 -0.040995 0.214516 0.317671 -0.038978 0.21354 0.356377 -0.038712 0.217671 0.336156 -0.040995 0.155695 0.356721 -0.08468 0.089869 0.308341 -0.057409 0.084169 0.317829 -0.062841 0.081769 0.336418 -0.065642 0.085519 0.356783 -0.061858 0.152533 0.372513 -0.062436 0.113939 0.374151 -0.032565 -0.190815 2.05083 0.494052 -0.209057 2.01723 0.473463 -0.187097 2.04046 0.494218 -0.157651 2.069 0.506393 -0.157475 2.04838 0.506994 -0.113444 2.06338 0.519296 -0.116257 2.04568 0.518809 -0.083156 2.04727 0.526463 -0.089745 2.03545 0.525433 -0.04343 2.01506 0.529658 0.190814 2.05082 0.494052 0.187096 2.04046 0.494218 0.209055 2.01723 0.473463 0.157649 2.069 0.506393 0.157474 2.04838 0.506994 0.113442 2.06338 0.519296 0.116256 2.04568 0.518809 0.083155 2.04727 0.526463 0.089743 2.03545 0.525433 0.043429 2.01506 0.529658 -0.072313 0.119551 -0.070153 -0.161713 0.119344 -0.096731 -0.161761 0.184914 -0.099703 -0.072129 0.185051 -0.073067 -0.041095 0.119983 0.018065 -0.232387 0.185432 -0.044464 -0.232232 0.119538 -0.041463 -0.22467 0.252573 -0.042835 -0.159879 0.254141 -0.094472 -0.077828 0.251157 -0.070833 -0.040748 0.185981 0.014698 -0.235041 0.124606 0.038818 -0.236548 0.191345 0.032688 -0.227616 0.256018 0.025772 -0.2089 0.307705 0.021241 -0.207889 0.308416 -0.034404 -0.156639 0.308177 -0.078332 -0.091682 0.30836 -0.059882 -0.258372 0.192622 0.079703 -0.235581 0.251956 0.065711 -0.20798 0.293321 0.075594 -0.16957 0.303381 0.090175 -0.155935 0.315828 0.071882 -0.126533 0.284722 0.099856 -0.099707 0.307821 0.053852 -0.250878 0.102589 0.081235 -0.278722 0.18797 0.117952 -0.251063 0.242901 0.108024 -0.218913 0.276304 0.109916 -0.180752 0.289016 0.120761 -0.131734 0.26621 0.133194 -0.270015 0.097376 0.117423 -0.322866 0.167816 0.191376 -0.284508 0.224455 0.17003 -0.252155 0.252125 0.166726 -0.191176 0.273621 0.17268 -0.102369 0.096304 0.165884 -0.102416 0.10158 0.126519 -0.083933 0.184349 0.119025 -0.087338 0.179367 0.157822 -0.086313 0.099025 0.213841 -0.082725 0.166914 0.216786 -0.107234 0.098256 0.277172 -0.069692 0.18327 0.069438 -0.09699 0.239668 0.103804 -0.104207 0.233004 0.14248 -0.101475 0.221872 0.184799 -0.100918 0.17022 0.272834 -0.082725 0.166914 0.216786 -0.100918 0.17022 0.272834 -0.087338 0.179367 0.157822 -0.085104 0.124117 0.086126 -0.077773 0.24124 0.065331 -0.128302 0.251101 0.175024 -0.144442 0.260351 0.254483 -0.117563 0.233419 0.257399 -0.123407 0.177636 0.313326 -0.130162 0.098406 0.319812 -0.213157 0.27668 0.262572 -0.157602 0.244807 0.301523 -0.131501 0.216225 0.304716 -0.14688 0.188699 0.339638 -0.153638 0.099582 0.350669 -0.259763 0.261173 0.237797 -0.222339 0.256315 0.306022 -0.182453 0.195661 0.355021 -0.19497 0.099559 0.367792 -0.287951 0.236829 0.234361 -0.293392 0.216287 0.286094 -0.265224 0.243719 0.286483 -0.267117 0.195537 0.33541 -0.231417 0.195215 0.353899 -0.231999 0.10048 0.369743 -0.327841 0.172513 0.254235 -0.311358 0.182436 0.299012 -0.295861 0.189448 0.314769 -0.298083 0.099066 0.321922 -0.262047 0.099234 0.351556 -0.316987 0.098603 0.19169 -0.324141 0.098816 0.26096 -0.308668 0.099134 0.308321 -0.050812 0.257394 0.010506 -0.069887 0.308838 0.00678 -0.160559 0.097442 -0.092268 -0.075101 0.097486 -0.066838 -0.075101 0.097486 -0.066838 -0.045183 0.097518 0.017587 -0.227888 0.097296 -0.039377 -0.228782 0.097939 0.047353 -0.270015 0.097376 0.117423 -0.250878 0.102589 0.081235 -0.102416 0.10158 0.126519 -0.102369 0.096304 0.165884 -0.09417 0.098025 0.089596 -0.153638 0.099582 0.350669 -0.19497 0.099559 0.367792 -0.262047 0.099234 0.351556 -0.298083 0.099066 0.321922 -0.107234 0.098256 0.277172 -0.130162 0.098406 0.319812 -0.308668 0.099134 0.308321 -0.308668 0.099134 0.308321 -0.130162 0.098406 0.319812 -0.153638 0.099582 0.350669 -0.298083 0.099066 0.321922 -0.324141 0.098816 0.26096 -0.107234 0.098256 0.277172 -0.316987 0.098603 0.19169 -0.086313 0.099025 0.213841 -0.270015 0.097376 0.117423 -0.102369 0.096304 0.165884 -0.227888 0.097296 -0.039377 -0.160559 0.097442 -0.092268 -0.075101 0.097486 -0.066838 -0.045183 0.097518 0.017587 -0.09417 0.098025 0.089596 -0.228782 0.097939 0.047353 -0.235041 0.124606 0.038818 -0.228782 0.097939 0.047353 -0.09417 0.098025 0.089596 -0.085104 0.124117 0.086126 -0.235041 0.124606 0.038818 -0.085104 0.124117 0.086126 -0.102416 0.10158 0.126519 -0.250878 0.102589 0.081235 -0.147881 0.367675 -0.03017 -0.151111 0.374173 -0.044739 -0.179608 0.37411 -0.018857 -0.114996 0.374167 -0.03438 -0.125274 0.36749 -0.02353 -0.103295 0.374113 0.004172 -0.118081 0.366789 0.002355 -0.130129 0.367795 0.024875 -0.123194 0.373659 0.036756 -0.069887 0.308838 0.00678 -0.091682 0.30836 -0.059882 -0.086219 0.31785 -0.065562 -0.062059 0.317964 0.008902 -0.099707 0.307821 0.053852 -0.102587 0.315437 0.072211 -0.163458 0.317861 0.077544 -0.155935 0.315828 0.071882 -0.2089 0.307705 0.021241 -0.058687 0.336598 0.009002 -0.100124 0.33675 0.075819 -0.164113 0.336589 0.080716 -0.163458 0.317861 0.077544 -0.216647 0.315259 0.037988 -0.207889 0.308416 -0.034404 -0.215636 0.31765 -0.037074 -0.156639 0.308177 -0.078332 -0.084024 0.336442 -0.068568 -0.087687 0.356807 -0.064708 -0.063763 0.356618 0.008403 -0.102834 0.356293 0.07133 -0.162961 0.356161 0.075883 -0.221032 0.336407 0.039639 -0.218922 0.336132 -0.038883 -0.102499 0.372518 -0.047934 -0.084921 0.372416 0.006199 -0.114373 0.372606 0.051556 -0.157452 0.37263 0.054378 -0.196415 0.372546 0.027057 -0.216675 0.356047 0.037337 -0.114996 0.374167 -0.03438 -0.103295 0.374113 0.004172 -0.123194 0.373659 0.036756 -0.151111 0.374173 -0.044739 -0.154712 0.372511 -0.062745 -0.158681 0.356716 -0.084849 -0.087687 0.356807 -0.064708 -0.084024 0.336442 -0.068568 -0.15948 0.336227 -0.089971 -0.21474 0.356353 -0.036714 -0.154712 0.372511 -0.062745 -0.195984 0.372375 -0.02703 -0.179608 0.37411 -0.018857 -0.15871 0.317629 -0.086114 -0.086219 0.31785 -0.065562 -0.091682 0.30836 -0.059882 -0.181108 0.373665 0.01937 -0.153039 0.37358 0.037806 -0.123194 0.373659 0.036756 -0.130129 0.367795 0.024875 -0.149329 0.367157 0.024513 -0.168899 0.367997 0.013172 -0.181108 0.373665 0.01937 -0.166176 0.366973 -0.012481 -0.136456 0.343667 0.013768 -0.146111 0.343383 0.013093 -0.156996 0.343968 0.007375 -0.155539 0.343828 -0.007021 -0.145306 0.344407 -0.017298 -0.133526 0.344139 -0.013811 -0.129511 0.343438 0.00126 -0.136456 0.343667 0.013768 -0.153039 0.37358 0.037806 -0.138691 0.331164 0.009759 -0.144913 0.330911 0.008874 -0.152679 0.331447 0.005247 -0.152679 0.331447 0.005247 -0.151434 0.331651 -0.004939 -0.144301 0.33219 -0.012372 -0.136661 0.33193 -0.010131 -0.133804 0.331279 0.000823 -0.138691 0.331164 0.009759 -0.499838 1.62285 -0.08066 -0.50019 1.60702 -0.056564 -0.600089 1.60985 -0.058132 -0.5997 1.62565 -0.082756 -0.500365 1.61197 -0.019044 -0.600255 1.61486 -0.022781 -0.701784 1.6132 -0.024987 -0.702967 1.60694 -0.059403 -0.70653 1.62425 -0.091492 -0.50054 1.63352 0.007607 -0.600422 1.63647 0.001702 -0.7006 1.63606 -0.00144 -0.50194 1.67597 0.017845 -0.602012 1.67535 0.01037 -0.699685 1.67825 0.009496 -0.503022 1.70531 -0.011484 -0.603125 1.70206 -0.01742 -0.703484 1.69974 -0.020514 -0.699685 1.67825 0.009496 -0.502677 1.7159 -0.045493 -0.602779 1.71267 -0.050092 -0.502295 1.70642 -0.083276 -0.602407 1.7032 -0.085228 -0.706074 1.71121 -0.05186 -0.501203 1.66931 -0.095751 -0.601216 1.68306 -0.100712 -0.499838 1.62285 -0.08066 -0.600657 1.6508 -0.100685 -0.697407 1.6507 -0.112102 -0.698431 1.68233 -0.111851 -0.5997 1.62565 -0.082756 -0.70653 1.62425 -0.091492 -0.709558 1.70092 -0.094024 -0.71275 1.63496 -0.117379 -0.702813 1.65502 -0.128018 -0.698431 1.68233 -0.111851 -0.703715 1.67815 -0.128013 -0.715092 1.69368 -0.118989 -0.742289 1.63369 -0.114913 -0.739977 1.64405 -0.14268 -0.718064 1.64405 -0.142862 -0.706481 1.65878 -0.143584 -0.707321 1.67456 -0.143843 -0.719848 1.68798 -0.143605 -0.745269 1.62172 -0.086852 -0.761604 1.65118 -0.109322 -0.75727 1.65554 -0.126324 -0.754658 1.65939 -0.142928 -0.743916 1.65883 -0.150797 -0.736189 1.65234 -0.150505 -0.723977 1.65237 -0.150619 -0.780571 1.62103 -0.083694 -0.782474 1.65079 -0.107464 -0.761961 1.68287 -0.109323 -0.757439 1.67839 -0.126443 -0.761961 1.68287 -0.109323 -0.754638 1.67447 -0.143183 -0.74391 1.67501 -0.151144 -0.846036 1.64971 -0.100041 -0.846874 1.68076 -0.100019 -0.783172 1.68226 -0.107446 -0.784706 1.70753 -0.086363 -0.749078 1.70758 -0.08942 -0.745054 1.69702 -0.116602 -0.844298 1.6246 -0.077658 -0.848525 1.70498 -0.080159 -0.848601 1.7135 -0.044118 -0.784701 1.71647 -0.046846 -0.745725 1.71705 -0.049358 -0.848543 1.70375 -0.009864 -0.784653 1.70626 -0.008388 -0.742295 1.70639 -0.008371 -0.847093 1.67484 0.017033 -0.783155 1.67585 0.020387 -0.738097 1.67621 0.021028 -0.844438 1.63238 0.007515 -0.780456 1.63111 0.009772 -0.738638 1.63242 0.010719 -0.844394 1.61199 -0.016554 -0.780466 1.61021 -0.016756 -0.740194 1.61084 -0.017069 -0.74175 1.60586 -0.055725 -0.844382 1.6082 -0.051493 -0.780479 1.60588 -0.054195 -0.844298 1.6246 -0.077658 -0.780571 1.62103 -0.083694 -0.745269 1.62172 -0.086852 -0.741831 1.688 -0.143422 -0.737358 1.68051 -0.151132 -0.735194 1.67561 -0.153925 -0.725174 1.68049 -0.151244 -0.727269 1.6756 -0.153997 -0.726631 1.65758 -0.153757 -0.734276 1.65773 -0.153788 -0.718967 1.67516 -0.15137 -0.717938 1.65837 -0.15101 0.244909 1.17808 -0.203461 0.132544 1.17808 -0.280102 0.235195 1.06026 -0.190797 0.127086 1.0606 -0.26574 0 1.17808 -0.307014 -0.000174 1.06072 -0.29206 -0.127434 1.0606 -0.26574 -0.132544 1.17808 -0.280102 0.306097 1.05973 -0.073615 0.331452 1.05914 0.054286 0.306877 1.05853 0.182347 0.232091 1.05801 0.295858 0.114507 1.14556 0.379785 0.11597 1.04935 0.371048 -0.235125 1.06026 -0.187953 -0.306098 1.05973 -0.073615 -0.331452 1.05914 0.054286 -0.306877 1.05853 0.182347 -0.232091 1.05801 0.295858 -0.114507 1.14556 0.379785 -0.115971 1.04935 0.371048 0 1.04207 0.396339 0 1.10951 0.406087 0.369291 1.61169 -0.072429 0.370773 1.67339 -0.098658 0.382572 1.7167 -0.078106 0.369291 1.61169 -0.072429 0.382572 1.7167 -0.078106 0.370773 1.67339 -0.098658 0.366814 1.67241 -0.106289 0.360036 1.6659 -0.121046 0.325876 1.65831 -0.179053 0.369291 1.61169 -0.072429 0.365709 1.59954 -0.07915 0.356708 1.5655 -0.101186 0.312544 1.52162 -0.170223 0.284435 1.65998 -0.252974 0.340409 1.47593 -0.115441 0.264233 1.4189 -0.227501 -0.174678 2.1907 -0.397176 -0.165193 2.0007 -0.376258 0 2.1907 -0.434285 0 2.00071 -0.411061 -0.158869 1.8093 -0.356719 -0.15409 1.66004 -0.342321 0.165192 2.0007 -0.376257 0.158869 1.8093 -0.356719 0 1.8053 -0.386355 -0.000152 1.65821 -0.37021 -0.143016 1.4192 -0.311139 0.174677 2.1907 -0.397176 0.295489 1.81244 -0.264929 0.153786 1.66004 -0.342321 0.143015 1.4192 -0.311139 0 1.41931 -0.340521 0.138394 1.31279 -0.297441 0 1.31266 -0.325707 -0.138394 1.31279 -0.297441 0.255736 1.31301 -0.21693 0.12736 1.30974 0.356768 0.095164 1.25764 0.362012 0.089943 1.32685 0.427509 0.127383 1.36564 0.409639 0.194146 1.51817 0.363311 0.161697 1.45243 0.396699 0.155099 1.51377 0.357063 0.118523 1.4921 0.399773 0.018713 1.48856 0.084087 0.118523 1.4921 0.399773 0.155099 1.51377 0.357063 0.018713 1.48856 0.084087 0.027002 1.48068 0.107608 0.178101 1.47575 0.349005 0.194146 1.51817 0.363311 0.178101 1.47575 0.349005 0.1757 1.45752 0.378281 0.194146 1.51817 0.363311 0.157894 1.41327 0.391608 0.148703 1.42966 0.410988 0.124339 1.40423 0.420156 0.124339 1.40423 0.420156 0.118523 1.4921 0.399773 0.072859 1.44828 0.379649 0.072859 1.44828 0.379649 0.0078 1.48054 0.091231 0 1.46253 0.085003 0 1.46253 0.085003 0.017985 1.39388 0.167191 0.095164 1.25764 0.362012 0.12736 1.30974 0.356768 0.091402 1.37733 0.431136 0.054185 1.36493 0.438796 0 1.41375 0.381281 0 1.4757 0.091848 0 1.4757 0.091848 0 1.35301 0.454316 -0.054186 1.36493 0.438796 -0.07286 1.44828 0.379649 -0.007801 1.48054 0.091231 0 1.4757 0.091848 -0.007801 1.48054 0.091231 -0.091402 1.37733 0.431136 -0.124339 1.40423 0.420156 -0.118523 1.4921 0.399773 -0.018714 1.48856 0.084087 -0.148704 1.42966 0.410988 -0.161697 1.45243 0.396699 -0.1551 1.51377 0.357063 -0.1551 1.51377 0.357063 -0.027003 1.48068 0.107608 -0.018714 1.48856 0.084087 -0.1551 1.51377 0.357063 0 1.46253 0.085003 -0.017986 1.39388 0.167191 -0.053323 1.22162 0.369017 0 1.20051 0.367648 0.053322 1.22162 0.369017 -0.194146 1.51817 0.363311 0.089943 1.32685 0.427509 0.095164 1.25764 0.362012 0.053322 1.22162 0.369017 0.053515 1.30395 0.441811 0 1.29412 0.449398 0 1.20051 0.367648 -0.053323 1.22162 0.369017 -0.053515 1.30395 0.441811 -0.089944 1.32685 0.427509 -0.095165 1.25764 0.362012 -0.095165 1.25764 0.362012 -0.12736 1.30974 0.356768 -0.178102 1.47575 0.349005 -0.127383 1.36564 0.409639 -0.157894 1.41327 0.391608 -0.127383 1.36564 0.409639 -0.1757 1.45752 0.378281 -0.194146 1.51817 0.363311 -0.1757 1.45752 0.378281 -0.194146 1.51817 0.363311 -0.178102 1.47575 0.349005 -0.194146 1.51817 0.363311 -0.178102 1.47575 0.349005 -0.1551 1.51377 0.357063 0.12736 1.30974 0.356768 0.127383 1.36564 0.409639 0.127383 1.36564 0.409639 -0.12736 1.30974 0.356768 -0.127383 1.36564 0.409639 -0.089944 1.32685 0.427509 -0.095165 1.25764 0.362012 0.174677 2.1907 0.494872 0.156926 2.13943 0.489906 0.233732 2.06448 0.436844 0.239589 2.0078 0.423269 0.227325 1.90115 0.423216 0 2.1907 0.518718 0.024922 2.13357 0.510912 0.088655 2.0944 0.503691 0.131269 2.10068 0.496817 0.167986 2.09825 0.484633 0.205697 2.04276 0.468239 -0.024923 2.13357 0.510912 -0.048487 2.07956 0.507446 0.048486 2.07956 0.507446 0.063758 2.04865 0.521119 0.100792 2.05995 0.516964 0.128464 2.0641 0.511182 -0.156927 2.13943 0.489906 -0.088656 2.0944 0.503691 -0.063759 2.04865 0.521119 -0.02661 2.02784 0.520055 0.026609 2.02784 0.520055 -0.174678 2.1907 0.494872 -0.233734 2.06447 0.436844 -0.167987 2.09825 0.484633 -0.13127 2.10068 0.496817 -0.128465 2.0641 0.511182 -0.100794 2.05995 0.516964 -0.23959 2.0078 0.423269 -0.205942 2.04276 0.468239 -0.173852 2.06388 0.496966 -0.227326 1.90115 0.423216 0.208495 1.37676 0.357521 0.179067 1.31947 0.368269 0.109042 1.20717 0.388113 0.243077 1.47954 0.334318 0.232053 1.44683 0.342442 0.192488 1.39614 0.380035 0.152887 1.31883 0.39337 0.280252 1.58004 0.364972 0.254426 1.52917 0.336854 0.198468 1.51922 0.370113 0.202852 1.45284 0.372595 0.17945 1.41162 0.399706 0.292788 1.65318 0.374663 0.234927 1.59279 0.436723 0.207329 1.54216 0.423942 0.242051 1.545 0.381877 0.215426 1.52925 0.37469 0.295967 1.70136 0.367888 0.241353 1.69677 0.445887 0.242173 1.65477 0.445345 0.170814 1.59378 0.468239 0.161547 1.54336 0.441149 0.182662 1.52932 0.397414 0.270693 1.74764 0.389713 0.228452 1.73213 0.449215 0.175199 1.69065 0.47993 0.176373 1.64578 0.479002 0.118613 1.58166 0.467572 0.202437 1.77429 0.425277 0.209359 1.7685 0.429323 0.168676 1.76519 0.461221 0.173937 1.7274 0.47648 0.111162 1.72869 0.484053 0.111783 1.68925 0.48917 0.220338 1.85065 0.423637 0.194924 1.85276 0.438592 0.163093 1.7852 0.450527 0.165208 1.77479 0.454633 0.202585 1.92571 0.438605 0.183682 1.93659 0.448553 0.171294 1.85208 0.447545 0.159993 1.86513 0.44885 0.152251 1.78456 0.451667 0.143913 1.7709 0.462284 0.206799 1.95696 0.438688 0.186449 1.97905 0.454377 0.170701 1.93998 0.455541 0.165675 1.938 0.454833 0.219456 2.01068 0.450625 0.18884 2.01805 0.476438 0.159791 2.03184 0.495243 0.164777 1.98419 0.464252 0.159469 1.98272 0.463467 0.197808 2.03273 0.474766 0.17251 2.05186 0.498436 0.135779 2.0385 0.509499 0.132161 2.03305 0.503172 0.151887 2.02526 0.486726 0.173851 2.06388 0.496966 0.131264 2.0522 0.513094 0.100145 2.04724 0.520578 0.1015 2.03512 0.519223 0.102985 2.03077 0.51275 0.064991 2.03554 0.524858 0.069821 2.02123 0.519332 0.075662 2.01734 0.50942 0.10447 2.02642 0.506277 0.128544 2.02759 0.496845 0.02558 2.01411 0.520516 0.024276 1.9969 0.508085 0.051474 1.96985 0.495359 0.081503 2.01346 0.499508 0.104856 2.02433 0.502544 0.127075 2.02533 0.493445 -0.025581 2.01411 0.520516 -0.024278 1.9969 0.508085 -0.025632 1.91229 0.496305 0.025631 1.91229 0.496305 0.059602 1.96714 0.492887 -0.064992 2.03554 0.524858 -0.069822 2.02123 0.519332 -0.075663 2.01734 0.50942 -0.051476 1.96985 0.495358 -0.100146 2.04724 0.520578 -0.101501 2.03512 0.519223 -0.102986 2.03077 0.51275 -0.104471 2.02642 0.506277 -0.081505 2.01346 0.499508 -0.059603 1.96714 0.492887 -0.131265 2.0522 0.513094 -0.13578 2.0385 0.509499 -0.132162 2.03305 0.503172 -0.128545 2.02759 0.496845 -0.104857 2.02433 0.502544 -0.083235 2.01229 0.496022 -0.172511 2.05186 0.498436 -0.159792 2.03184 0.495243 -0.151888 2.02526 0.486726 -0.143983 2.01868 0.478209 -0.127076 2.02533 0.493445 -0.197809 2.03273 0.474766 -0.188842 2.01805 0.476438 -0.18645 1.97905 0.454377 -0.164778 1.98419 0.464252 -0.15947 1.98272 0.463467 -0.219457 2.01068 0.450625 -0.2068 1.95696 0.438688 -0.202586 1.92571 0.438605 -0.183683 1.93659 0.448553 -0.170702 1.93998 0.455541 -0.220339 1.85065 0.423637 -0.194925 1.85276 0.438592 -0.171295 1.85208 0.447545 -0.165676 1.938 0.454833 -0.154162 1.98126 0.462682 -0.202438 1.77429 0.425277 -0.163094 1.7852 0.450527 -0.159994 1.86513 0.44885 -0.16065 1.93602 0.454124 -0.150417 1.98022 0.46167 -0.141511 2.01678 0.475084 -0.270694 1.74764 0.389713 -0.20936 1.7685 0.429323 -0.202438 1.77429 0.425277 -0.168677 1.76519 0.461221 -0.165209 1.77479 0.454633 -0.152252 1.78456 0.451667 -0.295968 1.70136 0.367888 -0.228453 1.73213 0.449215 -0.173938 1.7274 0.47648 -0.138139 1.76188 0.470415 -0.143914 1.7709 0.462284 -0.292789 1.65317 0.374663 -0.241354 1.69677 0.445887 -0.175199 1.69065 0.47993 -0.111163 1.72869 0.484053 -0.280253 1.58004 0.364972 -0.234928 1.59279 0.436723 -0.242173 1.65477 0.445345 -0.243052 1.47946 0.334336 -0.254426 1.52917 0.336858 -0.242051 1.545 0.381877 -0.040924 1.17904 0.415386 -0.109042 1.20717 0.388113 0.040923 1.17904 0.415386 0 1.1757 0.421194 0.043546 1.21617 0.424997 0 1.20836 0.431432 -0.043546 1.21617 0.424997 0.11289 1.26164 0.402632 0.054983 1.23059 0.466375 0 1.2212 0.473298 -0.054983 1.23059 0.466375 -0.11289 1.26164 0.402632 0.157128 1.33653 0.424088 0.115423 1.27621 0.445419 0.054031 1.26647 0.471266 0.054983 1.23059 0.466375 0 1.2578 0.478117 0 1.2212 0.473298 -0.054983 1.23059 0.466375 -0.054032 1.26647 0.471266 -0.115424 1.27621 0.445419 0.152649 1.3472 0.428306 0.112929 1.305 0.450731 0.10268 1.32318 0.442879 0.053637 1.29275 0.459984 0 1.28295 0.467477 0.169402 1.41429 0.403979 0.136139 1.362 0.421055 0.127383 1.36564 0.409639 0.089943 1.32685 0.427509 0.053515 1.30395 0.441811 0 1.29412 0.449398 0.1895 1.45646 0.384062 0.1757 1.45752 0.378281 0.157894 1.41327 0.391608 0.169402 1.41429 0.403979 0.198468 1.51922 0.370113 0.194146 1.51817 0.363311 0.161697 1.45243 0.396699 0.194146 1.51817 0.363311 0.198468 1.51922 0.370113 0.16845 1.45777 0.402688 0.149706 1.42999 0.428212 0.148703 1.42966 0.410988 0.125831 1.4023 0.447605 0.124339 1.40423 0.420156 0.091402 1.37733 0.431136 0.17987 1.48186 0.407485 0.159028 1.45262 0.435773 0.131144 1.42327 0.462175 0.098364 1.38011 0.469341 0.054185 1.36493 0.438796 0.055667 1.35909 0.492812 0 1.35301 0.454316 0.180621 1.502 0.405324 0.15653 1.48074 0.434612 0.129851 1.45698 0.467069 0.094597 1.43251 0.493788 0.099391 1.3972 0.490963 0.182662 1.52932 0.397414 0.154501 1.53438 0.423438 0.120553 1.49642 0.45473 0.086206 1.46591 0.473076 0.047948 1.44165 0.489931 0.054035 1.41076 0.515572 0.055514 1.3779 0.513841 0.154501 1.53438 0.423438 0.113818 1.54494 0.452771 0.113818 1.54494 0.452771 0.080696 1.50083 0.468067 0.044057 1.47101 0.480228 0 1.43739 0.497215 0 1.40003 0.525354 0 1.36812 0.525675 0.112739 1.58067 0.470811 0.096047 1.54002 0.46677 0.07987 1.51818 0.471398 0.04231 1.50057 0.48142 0 1.48815 0.489567 0 1.46165 0.486348 0.110831 1.62097 0.4807 0.106086 1.57633 0.474481 0.077831 1.52751 0.474249 0.04153 1.51375 0.481952 0 1.50238 0.490765 0.116531 1.63101 0.480851 0.079599 1.65825 0.489483 0.110831 1.62097 0.4807 0.079599 1.65825 0.489483 0.120806 1.6545 0.587848 0.125256 1.62815 0.583925 0.121472 1.60016 0.579647 0.114477 1.56817 0.552507 0.095414 1.67348 0.489329 0.045198 1.68686 0.497457 0.10362 1.68616 0.597371 0.045198 1.68686 0.497457 0.090011 1.67844 0.647116 0.114017 1.63007 0.6101 0.046684 1.70084 0.492143 0 1.70763 0.495277 0 1.6993 0.504631 0.050297 1.7168 0.606427 0.048221 1.72341 0.486649 0.024417 1.72251 0.489184 0 1.72349 0.488332 -0.024418 1.72251 0.489184 -0.046685 1.70084 0.492143 -0.045199 1.68686 0.497457 0.062256 1.74722 0.479263 0.030165 1.74169 0.482656 0 1.7382 0.485775 -0.030167 1.74169 0.482656 -0.048222 1.72341 0.486649 0.097322 1.75089 0.475527 0.096278 1.75815 0.472802 0.072902 1.75903 0.472916 0.055026 1.8316 0.481237 0.026564 1.85407 0.488201 0.109667 1.75435 0.474187 0.109361 1.76068 0.470078 0.096514 1.76165 0.468284 0.078956 1.76964 0.469091 0.066973 1.82289 0.472669 0.055059 1.86876 0.482641 0.138139 1.76188 0.470415 0.128806 1.76418 0.464757 0.10933 1.76298 0.466345 0.109325 1.76488 0.462698 0.09662 1.76358 0.464806 0.140401 1.78386 0.452913 0.128047 1.76635 0.460687 0.127303 1.76838 0.457265 0.109415 1.77198 0.44664 0.096833 1.77025 0.447634 0.148938 1.83508 0.447369 0.140401 1.78386 0.452913 0.148938 1.83508 0.447369 0.143544 1.82454 0.437232 0.133272 1.78504 0.436019 0.149459 1.87966 0.448876 0.138997 1.87892 0.441338 0.105421 1.87827 0.432809 0.10548 1.82393 0.431006 0.124356 1.7761 0.445483 0.133272 1.78504 0.436019 0.149388 1.93195 0.452578 0.131767 1.92637 0.439379 0.105368 1.92735 0.435018 0.078827 1.92744 0.453929 0.075431 1.87758 0.452545 0.156829 1.93459 0.453594 0.144116 1.97848 0.459156 0.125166 1.97215 0.442542 0.106097 1.97318 0.437494 0.085026 1.97283 0.45981 0.106097 1.97318 0.437494 0.160649 1.93602 0.454124 0.154161 1.98126 0.462682 0.150416 1.98022 0.46167 0.135963 2.01294 0.466902 0.116063 2.0034 0.441051 0.143982 2.01868 0.47821 0.154161 1.98126 0.462682 0.159469 1.98272 0.463467 0.150416 1.98022 0.46167 0.154161 1.98126 0.462682 0.150416 1.98022 0.46167 0.159469 1.98272 0.463467 0.14151 2.01678 0.475085 0.122051 2.01738 0.477905 0.112021 2.00555 0.448129 0.116063 2.0034 0.441051 0.112021 2.00555 0.448129 0.143982 2.01868 0.47821 0.151887 2.02526 0.486726 0.14151 2.01678 0.475085 0.143982 2.01868 0.47821 0.14151 2.01678 0.475085 0.151887 2.02526 0.486726 0.104676 2.01615 0.484598 0.101379 2.0047 0.458531 0.093576 2.00019 0.461235 0.08896 2.0084 0.482103 0.07815 1.97341 0.475609 0.083234 2.01229 0.496022 0.069258 1.96966 0.484215 0.068376 1.91039 0.473836 0.067012 1.87777 0.475322 0.075445 1.82325 0.448917 -0.026565 1.85407 0.488201 -0.055027 1.8316 0.481237 -0.062257 1.74722 0.479263 -0.05506 1.86876 0.482641 -0.066973 1.82289 0.472669 -0.078957 1.76964 0.469091 -0.072903 1.75903 0.472916 -0.069259 1.96966 0.484215 -0.068377 1.91039 0.473836 -0.067013 1.87777 0.475322 -0.075433 1.87758 0.452545 -0.075446 1.82325 0.448917 -0.085206 1.77553 0.449395 -0.088961 2.0084 0.482103 -0.078151 1.97341 0.475609 -0.078828 1.92744 0.453929 -0.105422 1.87827 0.432809 -0.105481 1.82393 0.431006 -0.096834 1.77025 0.447634 -0.104678 2.01615 0.484598 -0.093577 2.00019 0.461235 -0.085027 1.97283 0.45981 -0.105369 1.92735 0.435018 -0.122052 2.01738 0.477905 -0.112023 2.00555 0.448129 -0.101381 2.0047 0.458531 -0.106098 1.97318 0.437494 -0.131768 1.92637 0.439379 -0.135965 2.01294 0.466901 -0.116064 2.0034 0.441051 -0.144117 1.97848 0.459156 -0.116064 2.0034 0.441051 -0.125167 1.97215 0.442542 -0.149389 1.93195 0.452578 -0.14946 1.87966 0.448876 -0.138998 1.87892 0.441338 -0.143545 1.82454 0.437232 -0.15683 1.93459 0.453594 -0.148939 1.83508 0.447369 -0.140402 1.78386 0.452913 -0.133273 1.78504 0.436019 -0.133273 1.78504 0.436019 -0.124356 1.7761 0.445482 -0.109416 1.77198 0.44664 -0.140402 1.78386 0.452913 -0.128807 1.76418 0.464757 -0.128047 1.76636 0.460687 -0.127304 1.76838 0.457265 -0.109326 1.76488 0.462698 -0.096621 1.76358 0.464805 -0.109668 1.75435 0.474187 -0.109362 1.76068 0.470078 -0.109331 1.76298 0.466345 -0.127304 1.76838 0.457265 -0.128807 1.76418 0.464757 -0.128047 1.76636 0.460687 -0.128807 1.76418 0.464757 -0.127304 1.76838 0.457265 -0.128047 1.76636 0.460687 -0.096515 1.76165 0.468284 -0.096279 1.75815 0.472802 -0.097323 1.75089 0.475527 -0.111784 1.68925 0.48917 -0.095415 1.67348 0.489329 -0.176374 1.64578 0.479002 -0.116532 1.63101 0.480851 -0.079599 1.65825 0.489483 -0.045199 1.68686 0.497457 -0.079599 1.65825 0.489483 -0.103621 1.68616 0.597371 -0.050298 1.7168 0.606427 -0.170814 1.59378 0.468239 -0.118614 1.58166 0.467572 -0.110832 1.62097 0.4807 -0.110832 1.62097 0.4807 -0.120807 1.6545 0.587848 -0.090012 1.67844 0.647116 -0.161548 1.54336 0.441149 -0.113818 1.54494 0.452771 -0.11274 1.58067 0.470811 -0.20733 1.54216 0.423942 -0.182663 1.52932 0.397414 -0.154502 1.53438 0.423438 -0.215427 1.52925 0.37469 -0.198469 1.51922 0.370113 -0.198469 1.51922 0.370113 -0.180622 1.502 0.405324 -0.182663 1.52932 0.397414 -0.154502 1.53438 0.423438 -0.15653 1.48074 0.434612 -0.120554 1.49642 0.45473 -0.232053 1.44683 0.342442 -0.202852 1.45284 0.372595 -0.189501 1.45646 0.384062 -0.198469 1.51922 0.370113 -0.189501 1.45646 0.384062 -0.1757 1.45752 0.378281 -0.194146 1.51817 0.363311 -0.198469 1.51922 0.370113 -0.194146 1.51817 0.363311 -0.161697 1.45243 0.396699 -0.16845 1.45777 0.402688 -0.17987 1.48186 0.407485 -0.208495 1.37676 0.357521 -0.192489 1.39614 0.380035 -0.179451 1.41162 0.399706 -0.179068 1.31947 0.368269 -0.152888 1.31883 0.393371 -0.157128 1.33653 0.424088 -0.152649 1.3472 0.428306 -0.169403 1.41429 0.40398 -0.169403 1.41429 0.40398 -0.157894 1.41327 0.391608 -0.112929 1.305 0.450731 -0.136139 1.362 0.421055 -0.127383 1.36564 0.409639 -0.102681 1.32318 0.442879 -0.089944 1.32685 0.427509 -0.053637 1.29275 0.459984 -0.053515 1.30395 0.441811 0.085205 1.77553 0.449395 -0.149707 1.42999 0.428212 -0.159029 1.45262 0.435773 -0.125832 1.4023 0.447605 -0.131145 1.42327 0.462175 -0.129851 1.45698 0.467069 -0.148704 1.42966 0.410988 -0.124339 1.40423 0.420156 -0.091402 1.37733 0.431136 -0.098365 1.38011 0.469341 -0.099391 1.3972 0.490964 -0.094598 1.4325 0.493788 -0.086207 1.46591 0.473076 -0.054186 1.36493 0.438796 -0.055668 1.35909 0.492813 -0.055515 1.3779 0.513841 -0.054036 1.41076 0.515572 -0.047949 1.44165 0.489931 -0.044058 1.47101 0.480228 -0.080697 1.50083 0.468067 0 1.34892 0.505651 -0.04231 1.50057 0.48142 -0.079871 1.51818 0.471398 -0.096048 1.54002 0.46677 -0.106087 1.57633 0.474481 -0.041531 1.51375 0.481952 -0.077831 1.52751 0.474249 -0.087491 1.55068 0.483097 -0.101307 1.5567 0.509626 -0.106087 1.57633 0.474481 -0.114478 1.56817 0.552507 -0.046986 1.51519 0.499536 -0.041531 1.51375 0.481952 0 1.50238 0.490765 -0.077831 1.52751 0.474249 -0.056229 1.52681 0.504365 -0.083064 1.55545 0.491993 -0.087491 1.55068 0.483097 -0.083064 1.55545 0.491993 -0.08954 1.55546 0.509051 -0.089978 1.54025 0.553223 0 1.50121 0.523429 -0.046326 1.51075 0.528173 -0.053747 1.52225 0.52727 -0.073566 1.59656 0.515978 -0.073566 1.59656 0.515978 -0.08954 1.55546 0.509051 -0.08753 1.54533 0.542835 -0.089978 1.54025 0.553223 0.046985 1.51519 0.499536 0.046325 1.51075 0.528173 0 1.50204 0.551517 -0.055309 1.51446 0.559737 -0.069449 1.52621 0.558071 -0.073566 1.59656 0.515978 -0.069449 1.52621 0.558071 0.04153 1.51375 0.481952 0.077831 1.52751 0.474249 0.08749 1.55068 0.483097 0.056229 1.52681 0.504365 0.053746 1.52225 0.52727 0.055309 1.51446 0.559737 0.101306 1.5567 0.509626 0.089539 1.55546 0.509051 0.083063 1.55545 0.491993 0.08749 1.55068 0.483097 0.083063 1.55545 0.491993 0.073565 1.59656 0.515978 0.069448 1.52621 0.558071 0.089977 1.54025 0.553223 0.089977 1.54025 0.553223 0.087529 1.54533 0.542835 0.089539 1.55546 0.509051 0.073565 1.59656 0.515978 0.087452 1.54451 0.580546 0.057648 1.52361 0.589722 0.069098 1.51995 0.569882 0.069098 1.51995 0.569882 0.087529 1.54533 0.542835 0.073565 1.59656 0.515978 0.082083 1.56977 0.611073 0.047402 1.54908 0.618787 0 1.53872 0.622996 0 1.51288 0.594927 0.075525 1.64756 0.656865 0.047283 1.61067 0.657705 0 1.6022 0.666215 -0.047403 1.54908 0.618787 -0.057649 1.52361 0.589722 0.043865 1.66817 0.6769 0 1.67578 0.685329 -0.043865 1.66817 0.6769 -0.047284 1.61067 0.657705 -0.082084 1.56977 0.611073 0.043726 1.7133 0.662803 0 1.71806 0.676752 -0.043727 1.7133 0.662803 -0.075526 1.64756 0.656865 0 1.72305 0.663011 -0.043727 1.7133 0.662803 0 1.72382 0.61297 -0.114018 1.63007 0.6101 -0.121473 1.60016 0.579647 -0.087453 1.54451 0.580546 -0.125257 1.62815 0.583925 -0.069098 1.51995 0.569882 0.499837 1.62285 -0.08066 0.500189 1.60702 -0.056564 0.500364 1.61197 -0.019044 0.500539 1.63352 0.007607 0.501939 1.67597 0.017845 0.600088 1.60985 -0.058132 0.600254 1.61486 -0.02278 0.600421 1.63647 0.001702 0.602011 1.67535 0.01037 0.599699 1.62565 -0.082756 0.702966 1.60694 -0.059403 0.701783 1.6132 -0.024987 0.700599 1.63606 -0.00144 0.699684 1.67826 0.009496 0.602011 1.67535 0.01037 0.699684 1.67826 0.009496 0.703483 1.69974 -0.020514 0.603124 1.70206 -0.01742 0.501939 1.67597 0.017845 0.706529 1.62425 -0.091492 0.745268 1.62172 -0.08673 0.741749 1.60586 -0.055725 0.740193 1.61084 -0.017068 0.738637 1.63242 0.010719 0.738097 1.67621 0.021028 0.742294 1.70639 -0.00837 0.780478 1.60589 -0.054195 0.780465 1.61021 -0.016756 0.780455 1.63111 0.009772 0.783154 1.67585 0.020387 0.78057 1.62103 -0.083694 0.844381 1.60821 -0.051492 0.844394 1.61199 -0.016584 0.844438 1.63238 0.007516 0.847092 1.67484 0.017033 0.848542 1.70376 -0.009864 0.784653 1.70627 -0.008388 0.844297 1.6246 -0.077658 0.8486 1.7135 -0.044118 0.7847 1.71647 -0.046846 0.745724 1.71705 -0.049358 0.848524 1.70498 -0.080159 0.784705 1.70754 -0.086363 0.749077 1.70758 -0.08942 0.706073 1.71121 -0.05186 0.602778 1.71267 -0.050092 0.846874 1.68076 -0.100019 0.783171 1.68226 -0.107445 0.761961 1.68287 -0.109323 0.745053 1.69702 -0.116602 0.709557 1.70092 -0.094024 0.602406 1.7032 -0.085228 0.846035 1.64972 -0.100041 0.782473 1.65079 -0.107464 0.761604 1.65118 -0.109322 0.757438 1.67839 -0.126443 0.761961 1.68287 -0.109323 0.761604 1.65118 -0.109322 0.74183 1.688 -0.143421 0.715091 1.69368 -0.118989 0.844297 1.6246 -0.077658 0.78057 1.62103 -0.083694 0.745268 1.62172 -0.08673 0.742288 1.63369 -0.114913 0.757269 1.65554 -0.126324 0.706529 1.62425 -0.091492 0.71275 1.63496 -0.117378 0.739976 1.64405 -0.142679 0.754657 1.65939 -0.142927 0.754637 1.67447 -0.143183 0.697406 1.6507 -0.112102 0.702812 1.65502 -0.128018 0.718063 1.64405 -0.142862 0.723976 1.65237 -0.150619 0.736188 1.65234 -0.150505 0.743915 1.65883 -0.150797 0.600657 1.6508 -0.100685 0.601215 1.68306 -0.100712 0.69843 1.68233 -0.111851 0.69843 1.68233 -0.111851 0.703714 1.67815 -0.128013 0.70648 1.65878 -0.143584 0.703714 1.67815 -0.128013 0.702812 1.65502 -0.128018 0.70648 1.65878 -0.143584 0.599699 1.62565 -0.082756 0.499837 1.62285 -0.08066 0.501202 1.66931 -0.09575 0.502294 1.70642 -0.083276 0.502677 1.7159 -0.045493 0.503021 1.70531 -0.011484 0.719847 1.68799 -0.143605 0.715091 1.69368 -0.118989 0.719847 1.68799 -0.143605 0.74183 1.688 -0.143421 0.737357 1.68052 -0.151132 0.725174 1.68049 -0.151244 0.718966 1.67516 -0.15137 0.70732 1.67456 -0.143843 0.717937 1.65837 -0.15101 0.74391 1.67501 -0.151144 0.735193 1.67561 -0.153925 0.727268 1.6756 -0.153997 0.72663 1.65758 -0.153757 0.734275 1.65773 -0.153788 -0.948964 1.64819 -0.08515 -0.949915 1.67885 -0.085105 -0.947376 1.62992 -0.066992 -0.951587 1.69682 -0.068957 -0.951896 1.70542 -0.041963 -0.952209 1.69589 -0.014621 -0.950535 1.67237 0.00764 -0.947978 1.63972 0.002558 -0.94883 1.61939 -0.016703 -0.947729 1.61566 -0.046833 -0.947376 1.62992 -0.066992 0.947376 1.62992 -0.066991 0.947729 1.61566 -0.046833 0.94883 1.61939 -0.016703 0.947977 1.63972 0.002558 0.950535 1.67237 0.00764 0.952208 1.69589 -0.014621 0.951895 1.70542 -0.041963 0.951586 1.69682 -0.068957 0.949915 1.67885 -0.085105 0.948963 1.64819 -0.08515 0.947376 1.62992 -0.066991 -0.231999 0.10048 0.369743 0.231963 0.100474 0.369747 0.187279 0.471147 0.046729 0.170485 0.352281 0.022883 0.178665 0.352285 0.000759 0.158293 0.465765 0.058183 0.148501 0.352274 0.032694 0.127217 0.460303 0.047999 0.125305 0.352268 0.024739 0.114705 0.458067 0.022367 0.115442 0.352267 0.003576 0.122687 0.35227 -0.021914 0.120359 0.471227 -0.014603 0.146373 0.352278 -0.032974 0.198487 0.480225 0.020092 0.196918 0.524085 0.062049 0.1609 0.513328 0.075082 0.121969 0.502411 0.062599 0.106871 0.497941 0.032471 0.11101 0.524256 -0.015987 0.155033 0.476402 -0.031938 0.211218 0.542236 0.030926 0.198022 0.56989 0.074822 0.163369 0.569732 0.090406 0.131594 0.555962 0.071657 0.116066 0.55596 0.03689 0.129853 0.583259 0.001078 0.156703 0.534598 -0.039498 0.208956 0.599903 0.033715 0.207466 0.599842 0.057197 0.214202 0.599732 0.094047 0.204632 0.581634 0.100679 0.199055 0.630243 0.075804 0.2051 0.618312 0.101354 0.192234 0.601074 0.114966 0.1787 0.581461 0.112336 0.209974 0.650896 0.033689 0.198376 0.759225 0.067138 0.163612 0.630344 0.091345 0.199055 0.630243 0.075804 0.199055 0.630243 0.075804 0.179459 0.618421 0.112822 0.163612 0.630344 0.091345 0.166448 0.599751 0.11469 0.144573 0.599833 0.083755 0.127787 0.599872 0.072701 0.208502 0.759231 0.033423 0.18855 0.860464 0.060627 0.170341 0.759215 0.080536 0.131957 0.650867 0.070574 0.199411 0.860464 0.034408 0.162332 0.860464 0.071487 0.138084 0.759205 0.066258 0.125405 0.759203 0.0359 0.116481 0.650865 0.036151 0.111241 0.599869 0.037875 0.136114 0.860464 0.060627 0.125254 0.860464 0.034408 0.139023 0.75921 0.004758 0.127488 0.650871 0.000938 0.125405 0.759203 0.0359 0.111241 0.599869 0.037875 0.116481 0.650865 0.036151 0.129148 0.603436 0.001037 0.136114 0.860464 0.00819 0.167044 0.759221 -0.008809 0.159214 0.650883 -0.014132 0.158657 0.602404 -0.014344 0.158474 0.586517 -0.014414 0.162332 0.860464 -0.00267 0.195823 0.75923 0.003064 0.194498 0.650894 -0.000734 0.196411 0.599901 -0.00101 0.197244 0.540002 -0.019903 0.186786 0.479108 -0.017421 0.18855 0.860464 0.00819 0.208502 0.759231 0.033423 0.209974 0.650896 0.033689 0.208956 0.599903 0.033715 0.211218 0.542236 0.030926 0.198487 0.480225 0.020092 0.199411 0.860464 0.034408 0.178665 0.352285 0.000759 0.16931 0.352284 -0.023465 -0.195598 0.759214 0.004482 -0.194384 0.650878 0.00064 -0.208374 0.650878 0.035694 -0.167353 0.759218 -0.008611 -0.159705 0.650883 -0.014254 -0.138778 0.759222 0.003745 -0.127364 0.650888 -0.000554 -0.123841 0.759226 0.034276 -0.114861 0.650891 0.034156 -0.128851 0.65089 0.069209 -0.206967 0.759213 0.035354 -0.18855 0.860464 0.00819 -0.162332 0.860464 -0.00267 -0.136114 0.860464 0.00819 -0.125254 0.860464 0.034408 -0.136114 0.860464 0.060627 -0.13521 0.759225 0.065149 -0.19941 0.860464 0.034408 -0.162332 0.860464 0.071487 -0.166827 0.759221 0.080792 -0.159579 0.630354 0.091317 -0.18855 0.860464 0.060627 -0.195409 0.759216 0.068605 -0.195654 0.630234 0.077305 -0.206967 0.759213 0.035354 -0.208374 0.650878 0.035694 -0.19941 0.860464 0.034408 -0.046625 2.82672 -0.149229 0 2.82514 -0.102757 0 2.81515 -0.173399 -0.05505 2.84542 -0.110018 -0.031209 2.86128 -0.076668 0 2.86597 -0.06679 0.031207 2.86128 -0.076668 0.055049 2.84542 -0.110018 0.046623 2.82672 -0.149229 0 2.81515 -0.173399 0.046623 2.82672 -0.149229 0.044549 2.72091 -0.064245 0.052597 2.73888 -0.026811 0.043218 2.66316 -0.025639 0 2.65815 -0.051104 0 2.70981 -0.087322 -0.04455 2.72091 -0.064245 -0.046625 2.82672 -0.149229 0.055049 2.84542 -0.110018 0.029817 2.75412 0.005025 0.051001 2.67126 0.015608 0.031207 2.86128 -0.076668 0 2.75862 0.014453 0.0289 2.67814 0.050625 0.031207 2.86128 -0.076668 0.0289 2.67814 0.050625 0.029817 2.75412 0.005025 0.0289 2.67814 0.050625 0 2.86597 -0.06679 -0.031209 2.86128 -0.076668 -0.029819 2.75412 0.005025 -0.028901 2.67814 0.050625 0 2.68017 0.060986 -0.05505 2.84542 -0.110018 -0.052599 2.73888 -0.026811 -0.051003 2.67126 0.015608 -0.04322 2.66316 -0.025639 0.063285 2.648 0.025037 0.053634 2.64175 -0.027088 0.035857 2.6533 0.069272 0.028827 2.62604 0.063758 0.050885 2.62359 0.027959 0 2.65486 0.082356 0 2.62676 0.074344 0.030389 1.80936 0.140909 -0.035858 2.6533 0.069272 -0.063286 2.648 0.025037 -0.028829 2.62604 0.063758 -0.053635 2.64175 -0.027088 -0.050886 2.62359 0.027959 -0.03039 1.80936 0.140909 0 1.80936 0.151974 -0.053648 1.80936 0.103477 -0.043133 2.6207 -0.014247 -0.045481 1.80936 0.059324 0 2.61892 -0.040326 0 1.80936 0.032031 0.04548 1.80936 0.059324 0 1.80936 0.032031 0 2.61892 -0.040326 0.043131 2.6207 -0.014247 0.053647 1.80936 0.103477 0 2.63789 -0.059281 0.053634 2.64175 -0.027088 0 2.63789 -0.059281 0.165023 0.316642 0.014741 0.172574 0.316645 -0.004915 0.175924 0.336251 -0.001796 0.168034 0.336247 0.019219 0.147286 0.336241 0.028474 0.145791 0.316636 0.023307 0.125682 0.336235 0.020709 0.126139 0.316631 0.015776 0.116397 0.336234 0.000414 0.117564 0.316629 -0.003453 0.123772 0.336237 -0.022456 0.125099 0.316633 -0.023119 0.122687 0.35227 -0.021914 0.125305 0.352268 0.024739 0.115442 0.352267 0.003576 0.125305 0.352268 0.024739 0.122687 0.35227 -0.021914 0.115442 0.352267 0.003576 0.166923 0.33625 -0.023777 0.145456 0.336244 -0.0324 0.144343 0.316639 -0.031703 0.175924 0.336251 -0.001796 0.172574 0.316645 -0.004915 0.164009 0.316644 -0.02416 -0.178384 0.352279 0.001413 -0.169359 0.35228 0.023207 -0.185054 0.471141 0.047768 -0.197395 0.48021 0.021635 -0.194055 0.524076 0.063482 -0.209682 0.542216 0.032997 -0.155602 0.465774 0.057974 -0.147013 0.352283 0.032165 -0.157508 0.513337 0.074964 -0.194635 0.569882 0.076286 -0.207331 0.599885 0.035681 -0.124987 0.460326 0.046471 -0.124139 0.352285 0.023322 -0.119141 0.502438 0.06083 -0.128395 0.555986 0.070285 -0.159347 0.569743 0.090374 -0.113582 0.458093 0.020328 -0.115098 0.352286 0.001795 -0.105342 0.497972 0.030084 -0.114368 0.555987 0.034886 -0.124569 0.599898 0.071161 -0.123319 0.352284 -0.023399 -0.120818 0.471246 -0.016368 -0.111561 0.524279 -0.018125 -0.129688 0.583275 -0.000306 -0.109527 0.599899 0.035659 -0.147414 0.352281 -0.033539 -0.156203 0.476402 -0.032206 -0.158224 0.534596 -0.039692 -0.158946 0.586517 -0.01456 -0.128994 0.603452 -0.00038 -0.169969 0.352279 -0.023154 -0.187308 0.479094 -0.016344 -0.197892 0.539983 -0.018382 -0.196282 0.599885 0.000452 -0.159133 0.602405 -0.014485 -0.178384 0.352279 0.001413 -0.197395 0.48021 0.021635 -0.209682 0.542216 0.032997 -0.207331 0.599885 0.035681 -0.140867 0.599852 0.082923 -0.174487 0.618426 0.113453 -0.159579 0.630354 0.091317 -0.195654 0.630234 0.077305 -0.195654 0.630234 0.077305 -0.159579 0.630354 0.091317 -0.174487 0.618426 0.113453 -0.1614 0.599763 0.114765 -0.173731 0.581466 0.112939 -0.200139 0.581625 0.102401 -0.194635 0.569882 0.076286 -0.204838 0.599827 0.059078 -0.209992 0.599718 0.096182 -0.200595 0.618303 0.103091 -0.187151 0.601074 0.116142 -0.175739 0.336245 -0.001249 -0.172505 0.316641 -0.004507 -0.164226 0.316642 0.01486 -0.167047 0.336247 0.019452 -0.14596 0.336249 0.027904 -0.144676 0.316645 0.022697 -0.124665 0.336252 0.019311 -0.144676 0.316645 0.022697 -0.14596 0.336249 0.027904 -0.124665 0.336252 0.019311 -0.125308 0.316647 0.014409 -0.116167 0.336252 -0.001326 -0.117475 0.316647 -0.005143 -0.124418 0.336251 -0.023896 -0.117475 0.316647 -0.005143 -0.116167 0.336252 -0.001326 -0.124418 0.336251 -0.023896 -0.12576 0.316646 -0.024504 -0.146467 0.336248 -0.032998 -0.12576 0.316646 -0.024504 -0.146467 0.336248 -0.032998 -0.145305 0.316643 -0.032334 -0.164667 0.316641 -0.024052 -0.167585 0.336246 -0.023558 -0.167585 0.336246 -0.023558 -0.147414 0.352281 -0.033539 -0.172505 0.316641 -0.004507 -0.175739 0.336245 -0.001249 0.110861 1.37424 0.259906 0.110144 1.4006 0.146582 0.112171 1.45209 0.165282 0.106481 1.42786 0.287491 0.083175 1.35452 0.343894 0.083224 1.32598 0.290298 0.030055 1.27823 0.363635 0.029937 1.25827 0.31398 0 1.25647 0.31256 0.092504 1.4328 0.28795 0.106481 1.42786 0.287491 0.112171 1.45209 0.165282 0.069899 1.36345 0.349798 0.030152 1.30388 0.368308 0 1.29971 0.366762 0 1.2766 0.379578 0 1.2766 0.379578 -0.030055 1.27823 0.363635 -0.029938 1.25827 0.31398 0.096324 1.46232 0.168545 0.030597 1.45071 0.16454 0.030753 1.42426 0.271301 0.030152 1.30388 0.368308 0 1.39456 0.263795 0 1.39456 0.263795 -0.030753 1.42426 0.271301 -0.030152 1.30388 0.368308 -0.030055 1.27823 0.363635 0 1.43076 0.158653 0 1.43076 0.158653 -0.030598 1.45071 0.16454 -0.092505 1.4328 0.28795 -0.0699 1.36345 0.349798 -0.083175 1.35452 0.343894 -0.0699 1.36345 0.349798 -0.083225 1.32598 0.290298 -0.096325 1.46232 0.168545 -0.112172 1.45209 0.165282 -0.106482 1.42786 0.287491 -0.110861 1.37424 0.259906 -0.106482 1.42786 0.287491 -0.110144 1.4006 0.146582 0.104844 1.88351 0.429177 0.069139 1.85708 0.432677 0.075099 1.85776 0.457531 0.079699 1.81124 0.454966 0.075099 1.85776 0.457531 0.069139 1.85708 0.432677 0.079699 1.81124 0.454966 0.110317 1.88339 0.453625 0.075099 1.85776 0.457531 0.110317 1.88339 0.453625 0.068591 1.90186 0.435703 0.104844 1.88351 0.429177 0.110317 1.88339 0.453625 0.074602 1.90078 0.460352 0.073159 1.95151 0.437051 0.068591 1.90186 0.435703 0.074602 1.90078 0.460352 0.078744 1.94756 0.461589 0.080549 1.98067 0.437358 0.074212 1.80957 0.429948 0.086778 1.78511 0.452618 0.086778 1.78511 0.452618 0.082021 1.78226 0.42743 0.095765 1.76682 0.450351 0.095765 1.76682 0.450351 0.091933 1.76325 0.424999 0.105931 1.75792 0.44835 0.105931 1.75792 0.44835 0.103145 1.75408 0.422852 0.116452 1.75923 0.446775 0.116452 1.75923 0.446775 0.114749 1.7555 0.421164 0.126476 1.77065 0.445756 0.126476 1.77065 0.445756 0.125805 1.76738 0.420071 0.13519 1.7912 0.445375 0.13519 1.7912 0.445375 0.135418 1.78877 0.419662 0.14189 1.81922 0.445661 0.14189 1.81922 0.445661 0.142807 1.81794 0.419969 0.146032 1.85244 0.446593 0.146032 1.85244 0.446593 0.147376 1.85251 0.420968 0.147281 1.88817 0.448094 0.147281 1.88817 0.448094 0.148753 1.8897 0.422579 0.145535 1.92351 0.450044 0.145535 1.92351 0.450044 0.146827 1.92648 0.42467 0.140936 1.9556 0.452284 0.140936 1.9556 0.452284 0.141755 1.95988 0.427072 0.133856 1.98184 0.454632 0.133856 1.98184 0.454632 0.133946 1.98719 0.42959 0.124869 2.00011 0.456899 0.124869 2.00011 0.456899 0.114704 2.00891 0.4589 0.104183 2.00755 0.460474 0.094159 1.99614 0.461494 0.085444 1.97558 0.461875 0.078744 1.94756 0.461589 0.074602 1.90078 0.460352 0.124034 2.00619 0.432021 0.114704 2.00891 0.4589 0.112821 2.01536 0.434168 0.104183 2.00755 0.460474 0.101217 2.01395 0.435856 0.094159 1.99614 0.461494 0.090161 2.00206 0.436949 0.085444 1.97558 0.461875 -0.0751 1.85776 0.457531 -0.06914 1.85708 0.432677 -0.104845 1.88351 0.429177 -0.06914 1.85708 0.432677 -0.0751 1.85776 0.457531 -0.0797 1.81124 0.454966 -0.074213 1.80957 0.429948 -0.086779 1.78511 0.452618 -0.082022 1.78226 0.42743 -0.095766 1.76682 0.450351 -0.091934 1.76325 0.424999 -0.110318 1.88339 0.453625 -0.0751 1.85776 0.457531 -0.110318 1.88339 0.453625 -0.0797 1.81124 0.454966 -0.086779 1.78511 0.452618 -0.095766 1.76682 0.450351 -0.105931 1.75792 0.448349 -0.105931 1.75792 0.448349 -0.103146 1.75408 0.422852 -0.116452 1.75923 0.446775 -0.11475 1.7555 0.421164 -0.126476 1.77065 0.445756 -0.125806 1.76738 0.420071 -0.110318 1.88339 0.453625 -0.104845 1.88351 0.429177 -0.068592 1.90186 0.435703 -0.074603 1.90078 0.460352 -0.078745 1.94756 0.461589 -0.074603 1.90078 0.460352 -0.085445 1.97558 0.461875 -0.09416 1.99614 0.461493 -0.12487 2.00011 0.456899 -0.114705 2.00891 0.4589 -0.133857 1.98184 0.454632 -0.140937 1.9556 0.452284 -0.145536 1.92351 0.450044 -0.147282 1.88817 0.448094 -0.146033 1.85244 0.446593 -0.141891 1.81922 0.445661 -0.135191 1.7912 0.445374 -0.126476 1.77065 0.445756 -0.116452 1.75923 0.446775 -0.074603 1.90078 0.460352 -0.068592 1.90186 0.435703 -0.07316 1.95151 0.437051 -0.078745 1.94756 0.461589 -0.08055 1.98067 0.437358 -0.085445 1.97558 0.461875 -0.090162 2.00206 0.436949 -0.09416 1.99614 0.461493 -0.101218 2.01395 0.435856 -0.104184 2.00755 0.460474 -0.112823 2.01536 0.434168 -0.114705 2.00891 0.4589 -0.124035 2.00619 0.432021 -0.12487 2.00011 0.456899 -0.133947 1.98719 0.42959 -0.133857 1.98184 0.454632 -0.141756 1.95988 0.427072 -0.140937 1.9556 0.452284 -0.146828 1.92648 0.42467 -0.145536 1.92351 0.450044 -0.148754 1.8897 0.422579 -0.147282 1.88817 0.448094 -0.147377 1.85251 0.420968 -0.146033 1.85244 0.446593 -0.142808 1.81794 0.419969 -0.141891 1.81922 0.445661 -0.135419 1.78877 0.419662 -0.135191 1.7912 0.445374 -0.104184 2.00755 0.460474</float_array>
          <technique_common>
            <accessor source="#GeometrySource-array" count="2313" stride="3">
              <param name="X" type="float"/>
              <param name="Y" type="float"/>
              <param name="Z" type="float"/>
            </accessor>
          </technique_common>
        </source>
        <source id="GeometrySource1" name="0000_Mesh_001Nrm">
          <float_array id="GeometrySource1-array" count="6939">0.17866 -0.572395 -0.800278 0.337085 -0.896647 -0.287052 0.818956 -0.486918 -0.303682 0.854632 -0.493273 0.162131 0.389108 -0.827439 0.404896 0.765626 -0.378568 0.520099 0.245715 -0.472311 0.84649 0.543195 0.07759 0.836014 0.860542 0.146225 0.48794 0.037884 -0.98475 -0.1698 0.101366 -0.910115 0.401765 0.121084 -0.543023 0.830942 -0.014144 -0.334443 0.94231 0.371504 0.810272 0.453259 -0.069609 0.677995 0.731763 -0.001212 0.687714 0.725981 0.953106 0.290382 0.085249 0.926446 0.347597 -0.144479 0.012948 -0.690987 -0.722751 0.15962 -0.302634 0.939646 0.012948 -0.690987 -0.722751 -0.104659 -0.022381 -0.994256 0.138489 -0.004831 -0.990352 -0.091006 0.751564 -0.653353 0.142154 0.745913 -0.650696 -0.020693 0.99941 0.027425 0.12986 0.991223 0.024766 0.156026 0.850033 0.50309 0.17866 -0.572395 -0.800278 0.34432 0.0004 -0.938852 0.25745 0.698045 -0.668171 0.311528 0.94864 -0.055064 0.000785 0.862521 0.506021 0.142126 0.686438 0.713164 -0.178332 -0.571398 -0.801063 -0.758959 -0.288978 -0.583501 -0.818555 -0.487025 -0.304589 -0.337524 -0.896551 -0.286834 -0.037884 -0.98475 -0.169798 -0.012718 -0.690885 -0.722853 -0.854613 -0.493295 0.162161 -0.389104 -0.82744 0.404897 -0.101365 -0.910116 0.401765 -0.765636 -0.378567 0.520085 -0.245717 -0.47231 0.846491 -0.121083 -0.543019 0.830944 -0.411654 0.256363 0.87454 0.01413 -0.334418 0.942319 -0.159609 -0.302615 0.939654 -0.860574 0.146204 0.487891 -0.371469 0.810278 0.453277 0.001204 0.687713 0.725981 -0.000786 0.862521 0.506021 -0.142115 0.686434 0.71317 -0.156015 0.85003 0.503098 -0.953106 0.290383 0.085249 -0.926447 0.347598 -0.14447 -0.311529 0.94864 -0.055064 0.020692 0.99941 0.027426 -0.12986 0.991223 0.024766 -0.257774 0.697705 -0.668401 0.091633 0.751091 -0.653809 -0.142152 0.745915 -0.650694 -0.897459 0.152823 -0.413779 -0.326684 -0.0001 -0.945134 0.102748 -0.022368 -0.994456 -0.139012 -0.004736 -0.990279 -0.83227 -0.107955 -0.543758 -0.178332 -0.571398 -0.801063 -0.012718 -0.690885 -0.722853 -0.758959 -0.288978 -0.583501 0.854632 -0.493273 0.162131 0.765626 -0.378568 0.520099 0.986798 -0.161693 0.009189 0.995037 -0.058173 0.080728 0.994727 -0.077336 0.067364 0.992688 -0.11962 -0.016184 0.978045 -0.200695 -0.056131 0.818956 -0.486918 -0.303682 0.860542 0.146225 0.48794 0.953106 0.290382 0.085249 0.994235 -0.036247 -0.100909 0.997141 -0.067904 -0.033148 0.98701 -0.08313 0.137484 0.978231 -0.089998 0.186985 0.980917 -0.121101 0.152108 0.987924 -0.044798 -0.148322 0.985093 -0.073846 -0.155368 0.993675 -0.111921 -0.009192 0.993286 -0.115054 -0.012104 0.929763 -0.104428 0.353038 0.937577 -0.077376 0.339061 0.926446 0.347597 -0.144479 0.968428 -0.084384 -0.234577 0.924463 -0.075216 -0.373778 0.98049 -0.083634 -0.177891 0.931041 -0.10822 -0.348498 0.750642 -0.590459 -0.296473 0.811007 -0.585033 -0.001998 0.938235 -0.088612 -0.334458 0.867975 -0.100468 -0.48634 0.94607 -0.210398 -0.24634 0.984018 -0.132655 -0.118788 0.962796 -0.150303 -0.224572 0.982458 -0.110662 -0.150104 0.964563 -0.141167 -0.222912 0.99392 -0.107987 -0.021482 0.923082 -0.125449 -0.363569 0.994063 -0.10326 -0.03428 0.90215 -0.107328 0.417858 0.910707 -0.103802 0.399796 0.994969 -0.09899 -0.015439 0.926772 -0.106719 -0.360147 0.755768 -0.582788 0.298618 0.727757 -0.118507 0.675519 0.730051 -0.087734 0.677738 0.719996 -0.057698 0.691576 0.883198 -0.01366 0.468801 0.933171 -0.112572 0.341349 0.59268 -0.600262 0.537044 -0.727758 -0.118507 0.675517 -0.592682 -0.60026 0.537045 -0.755766 -0.582793 0.298612 -0.929763 -0.104428 0.353038 -0.730051 -0.087739 0.677736 -0.811007 -0.585033 -0.001998 -0.993286 -0.115054 -0.012104 -0.987009 -0.08313 0.137483 -0.937577 -0.077377 0.339061 -0.719996 -0.057698 0.691576 -0.750642 -0.590459 -0.296472 -0.931041 -0.10822 -0.348498 -0.98049 -0.083632 -0.177891 -0.993675 -0.111921 -0.009192 -0.997141 -0.067904 -0.03315 -0.994759 -0.077053 0.067216 -0.97823 -0.089568 0.1872 -0.580846 -0.59359 -0.557017 -0.726666 -0.103713 -0.679117 -0.867974 -0.100468 -0.48634 -0.938235 -0.088612 -0.334458 -0.924463 -0.075218 -0.373779 -0.985093 -0.073845 -0.155369 -0.726131 -0.098455 -0.680471 -0.729031 -0.118549 -0.674137 -0.864361 -0.115478 -0.489433 -0.89648 -0.127747 -0.42427 -0.968328 -0.085584 -0.234557 -0.860905 -0.11998 -0.494417 -0.915991 -0.105045 -0.387203 0.726665 -0.103714 -0.679118 0.580848 -0.593587 -0.557019 -0.728632 -0.129621 -0.672528 -0.922548 -0.125816 -0.364795 -0.726241 -0.124457 -0.67608 0.926591 -0.115252 -0.357975 0.99404 -0.108627 -0.009227 0.918479 -0.113649 0.378787 0.691184 -0.086498 0.717483 0.711235 -0.113341 0.693757 0.762631 -0.116048 0.636339 0.907177 -0.12181 0.40273 0.822794 -0.217566 0.525048 0.899656 -0.10756 0.423144 -0.883149 -0.013762 0.468892 -0.93317 -0.112576 0.34135 -0.899625 -0.107487 0.423227 -0.916082 -0.105818 0.386777 -0.821774 -0.205855 0.531329 -0.980939 -0.121089 0.151976 -0.906522 -0.120297 0.404656 -0.759143 -0.120436 0.639685 -0.992695 -0.119437 -0.017093 -0.994023 -0.103275 -0.035396 -0.993894 -0.108201 -0.021633 -0.910707 -0.103802 0.399797 -0.986799 -0.161691 0.00919 -0.978042 -0.200717 -0.0561 -0.984019 -0.132646 -0.118788 -0.982455 -0.110669 -0.150112 -0.99504 -0.058185 0.080681 -0.765636 -0.378567 0.520085 -0.854613 -0.493295 0.162161 -0.818555 -0.487025 -0.304589 -0.945969 -0.210952 -0.246257 -0.962793 -0.150306 -0.224583 -0.994233 -0.036265 -0.100924 -0.953106 0.290383 0.085249 -0.860574 0.146204 0.487891 -0.987924 -0.044803 -0.14832 -0.926447 0.347598 -0.14447 -0.897459 0.152823 -0.413779 -0.83227 -0.107955 -0.543758 -0.917367 -0.123718 -0.378327 -0.758959 -0.288978 -0.583501 -0.940379 -0.077492 -0.331183 -0.965687 -0.141819 -0.217569 -0.926772 -0.106719 -0.360147 -0.994968 -0.098995 -0.015436 -0.905557 -0.128276 -0.404366 -0.719782 -0.134467 -0.681052 -0.926592 -0.115251 -0.357972 -0.99404 -0.108627 -0.009227 -0.91848 -0.113649 0.378785 -0.691184 -0.086498 0.717483 -0.711236 -0.113339 0.693757 0.647757 -0.432503 -0.627178 0.716795 -0.127178 -0.685587 0.923273 -0.104625 -0.369624 0.351231 -0.442354 -0.825203 0.388471 -0.141197 -0.910579 0.00004 -0.445906 -0.89508 0.000167 -0.146137 -0.989264 0.84189 -0.418469 -0.340742 0.994918 -0.100675 -0.001513 0.296692 -0.910709 -0.287374 0.161031 -0.91213 -0.376944 0.909247 -0.416258 0.000245 0.922532 -0.093694 0.374374 0.38706 -0.908818 -0.155676 0.842881 -0.41392 0.343833 0.708577 -0.084413 0.700567 0.418174 -0.908367 0.000281 -0.393304 -0.140156 -0.908663 -0.352504 -0.441691 -0.825015 -0.717114 -0.120005 -0.686547 -0.647871 -0.429123 -0.629377 -0.922795 -0.104055 -0.370974 -0.84189 -0.418469 -0.340742 -0.994918 -0.100675 -0.001513 -0.909247 -0.416258 0.000245 -0.922532 -0.093696 0.374375 -0.842884 -0.413918 0.34383 -0.708578 -0.084413 0.700566 0.000001 -0.912703 -0.408624 -0.161029 -0.912134 -0.376936 -0.296692 -0.910709 -0.287374 -0.38706 -0.908818 -0.155676 -0.418174 -0.908367 0.000281 -0.38687 -0.908859 0.155908 -0.650527 -0.412392 0.637768 -0.355824 -0.414111 0.837795 -0.387679 -0.083528 0.918002 -0.298459 -0.909412 0.289641 -0.16347 -0.910738 0.379255 0.000000 -0.423558 0.905869 0.000000 -0.099804 0.995007 0 -0.912596 0.408862 0.163476 -0.910733 0.379263 0.355828 -0.414102 0.837799 0.387679 -0.083527 0.918002 0.298466 -0.909407 0.289648 0.650528 -0.412384 0.637772 0.386867 -0.90886 0.155908 0.000001 -0.912703 -0.408624 0.161031 -0.91213 -0.376944 0 -1 0 0.296692 -0.910709 -0.287374 0.38706 -0.908818 -0.155676 0.418174 -0.908367 0.000281 0.386867 -0.90886 0.155908 0.298466 -0.909407 0.289648 0.163476 -0.910733 0.379263 0 -0.912596 0.408862 -0.16347 -0.910738 0.379255 -0.298459 -0.909412 0.289641 -0.38687 -0.908859 0.155908 -0.418174 -0.908367 0.000281 -0.38706 -0.908818 -0.155676 -0.296692 -0.910709 -0.287374 -0.161029 -0.912134 -0.376936 0.950107 0.311924 -0.00018 0.464348 0.885653 -0.000264 0.432565 0.886277 0.165529 0.884908 0.313082 0.344845 0.900378 -0.25664 0.351361 0.966968 -0.254898 0.000135 0.717896 -0.69615 0.000239 0.668441 -0.697737 -0.257584 0.899691 -0.2598 -0.3508 0.338376 0.887446 0.312954 0.691483 0.313781 0.650687 0.702275 -0.263375 0.661395 0.669737 -0.69629 0.258132 0.755768 -0.582788 0.298618 0.811007 -0.585033 -0.001998 0.187437 0.888608 0.418621 0.38245 0.314199 0.868914 0.387617 -0.270831 0.881138 0.525867 -0.695634 0.489446 0.59268 -0.600262 0.537044 0.000000 0.889114 0.457687 0.000000 0.314377 0.949298 0.000000 -0.274056 0.961714 0.286276 -0.690077 0.66471 0.308218 -0.611185 0.729009 -0.382455 0.314208 0.868908 -0.387617 -0.270831 0.881138 -0.286276 -0.690077 0.66471 0.000000 -0.73244 0.680831 0.000000 -0.606154 0.795347 -0.187429 0.888614 0.418612 -0.691487 0.313765 0.65069 -0.702273 -0.263373 0.661398 -0.525867 -0.695632 0.489449 -0.308217 -0.611185 0.72901 -0.338387 0.887436 0.312972 -0.884899 0.313109 0.344841 -0.900378 -0.256639 0.351362 -0.669734 -0.696294 0.25813 -0.592682 -0.60026 0.537045 -0.432537 0.886293 0.165521 -0.950099 0.31195 -0.000181 -0.966967 -0.2549 0.000132 -0.717897 -0.69615 0.000237 -0.755766 -0.582793 0.298612 -0.464317 0.885669 -0.000264 -0.811007 -0.585033 -0.001998 -0.668441 -0.697737 -0.257583 -0.89969 -0.259804 -0.350798 -0.523106 -0.700042 -0.486109 -0.750642 -0.590459 -0.296472 -0.811007 -0.585033 -0.001998 -0.717897 -0.69615 0.000237 -0.70124 -0.26934 -0.66009 -0.278696 -0.718137 -0.637659 -0.580846 -0.59359 -0.557017 -0.885667 0.310188 -0.345512 -0.650781 0.38177 -0.656305 -0.386853 -0.27856 -0.879061 0.000000 -0.723542 -0.69028 -0.316132 -0.610822 -0.725918 -0.950099 0.31195 -0.000181 -0.464317 0.885669 -0.000264 -0.433337 0.885729 -0.166441 -0.370682 0.842183 -0.391564 -0.384394 0.310882 -0.869249 0.451894 -0.632214 0.629363 0.451894 -0.632214 0.629363 0.451894 -0.632214 0.629363 0.000000 -0.282465 -0.959278 -0.966967 -0.2549 0.000132 -0.188322 0.88719 -0.421223 0.000000 0.306498 -0.951871 0.38327 0.306956 -0.871138 0.386859 -0.278563 -0.879058 0.000000 0.887605 -0.460606 0.188325 0.887189 -0.421223 0.339654 0.886372 -0.31461 0.692589 0.308318 -0.652121 0.701283 -0.269106 -0.66014 0.278704 -0.718134 -0.637658 0.316132 -0.610823 -0.725917 0.000001 -0.617614 -0.786481 0.433365 0.885714 -0.16645 0.885673 0.310164 -0.345516 0.523239 -0.699853 -0.486237 0.580848 -0.593587 -0.557019 0.464348 0.885653 -0.000264 0.950107 0.311924 -0.00018 0.966968 -0.254898 0.000135 0.750642 -0.590459 -0.296473 0.811007 -0.585033 -0.001998 0.717896 -0.69615 0.000239 -0.669594 0.404467 -0.622936 -0.730325 0 -0.6831 -0.41385 0 -0.910345 -0.853308 0.403458 -0.330285 -0.932498 0 -0.361175 -0.915095 0.403239 0.000352 -1 0 -0.000022 -0.85376 0.404146 0.328269 -0.93249 0 0.361195 -0.379546 0.405186 -0.831727 -0.137594 0.941782 -0.30678 -0.2425 0.942029 -0.231894 -0.314857 0.941034 -0.123773 -0.339492 0.940609 -0.000894 -0.000004 0 -1 -0.000004 0.410755 -0.911746 -0.000001 0.94494 -0.327244 -0.003249 0.999971 -0.006895 -0.005754 0.999969 -0.005305 -0.007509 0.999968 -0.002798 -0.008099 0.999967 -0.000023 0.379558 0.405188 -0.83172 0.137594 0.941784 -0.306775 0.003249 0.999971 -0.006895 0 0.999971 -0.007631 0.187437 0.888608 0.418621 0.338376 0.887446 0.312954 0.413863 0 -0.910339 0.66957 0.404507 -0.622936 0.242464 0.942044 -0.231873 0.005754 0.999969 -0.005305 -0.338387 0.887436 0.312972 -0.187429 0.888614 0.418612 0.000000 0.889114 0.457687 0.73032 0 -0.683105 0.853306 0.403467 -0.330278 0.314855 0.941036 -0.123766 0.007509 0.999968 -0.002798 -0.432537 0.886293 0.165521 0.932497 0 -0.361178 0.915096 0.403236 0.000371 0.339497 0.940607 -0.000888 0.008099 0.999967 -0.000023 -0.464317 0.885669 -0.000264 0.007525 0.999968 0.002903 -0.433337 0.885729 -0.166441 1 0 -0.000001 0.85376 0.404146 0.328269 0.31521 0.940811 0.124572 0.93249 0 0.361195 0.66198 0.40733 0.629178 0.240907 0.942335 0.232312 0.005849 0.999968 0.005422 -0.370682 0.842183 -0.391564 0.003088 0.99997 0.0071 -0.188322 0.88719 -0.421223 0.000000 0.887605 -0.460606 0.72431 0 0.689475 0.364582 0.406095 0.837954 0.130703 0.941706 0.31001 0.3968 0 0.917905 0.000394 0.408358 0.912822 -0.000002 0.942737 0.333537 0 0.99997 0.007775 -0.003088 0.99997 0.0071 0.188325 0.887189 -0.421223 0.339654 0.886372 -0.31461 0.000651 0 1 -0.396587 0 0.917997 -0.364328 0.405341 0.838429 -0.130873 0.941459 0.31069 -0.241051 0.942295 0.232323 -0.005849 0.999968 0.005422 0.433365 0.885714 -0.16645 -0.007525 0.999968 0.002903 0.464348 0.885653 -0.000264 -0.724598 0 0.689171 -0.662274 0.407261 0.628913 -0.315209 0.940811 0.124573 0.432565 0.886277 0.165529 0.187832 0.018728 -0.982023 0.188049 -0.123072 -0.974418 -0.686844 -0.110791 -0.718311 0.885246 0.043485 -0.463087 0.888877 -0.121932 -0.441621 0.973157 0.066334 -0.220377 0.978068 -0.116699 -0.172524 0.901062 0.120118 -0.416723 0.894269 -0.082487 -0.439862 -0.687677 0.025149 -0.725581 -0.678575 0.187811 -0.710115 0.180766 0.189399 -0.965118 0.865481 0.210961 -0.454355 0.96136 0.267399 -0.065464 0.886956 0.426368 -0.177539 -0.994546 0.058374 0.086435 -0.961066 0.255114 0.106152 -0.669216 0.30867 -0.675924 0.160979 0.298875 -0.940617 0.839382 0.319272 -0.439891 0.875746 0.476827 0.075536 -0.988229 -0.088423 0.12484 -0.885896 -0.142951 0.441309 -0.914289 0.030599 0.403905 -0.849798 0.249626 0.464252 -0.660563 0.501792 0.558446 -0.922344 0.353508 0.15593 -0.686844 -0.110791 -0.718311 -0.975142 -0.205926 0.081801 -0.982267 0.055612 0.179052 -0.857131 0.383269 0.344138 -0.454874 0.70448 0.544792 0.072294 0.861307 0.502915 0.104392 0.891627 0.440572 -0.965012 -0.204026 -0.1647 -0.995867 0.089663 0.01449 -0.838194 0.508686 0.196645 -0.485157 0.786304 0.382555 0.048041 0.934843 0.351796 0.622637 0.763828 0.169972 0.877979 0.161732 -0.450551 0.860485 -0.079355 -0.503257 0.944182 0.174287 -0.279543 0.94312 -0.07507 -0.323867 0.968378 0.230989 0.094273 0.991668 -0.030254 0.125213 0.812215 0.529523 -0.244768 0.785881 0.571064 -0.237228 0.748589 0.663032 0.00157 0.723838 0.610888 0.320742 0.85021 0.274969 0.448926 0.868933 0.03622 0.493603 0.574391 0.813062 0.094894 0.52623 0.848125 -0.06137 0.487743 0.872735 0.020975 0.544773 0.745858 0.383299 0.667115 0.345386 0.66005 0.704707 0.078047 0.705193 0.01174 0.994363 0.105373 0.082683 0.976608 0.198494 0.151929 0.805411 0.572914 0.519304 0.387077 0.761902 -0.571231 0.810911 0.126959 -0.480353 0.855439 0.193611 -0.398499 0.731391 0.553412 -0.214843 0.385905 0.897174 0.224856 0.385795 0.894764 -0.86438 0.495432 0.085986 -0.809264 0.533181 0.246596 -0.718678 0.457537 0.523604 -0.577324 0.299738 0.759509 -0.197687 0.123809 0.972415 0.227798 0.150696 0.961977 -0.977123 0.157215 0.143226 -0.920103 0.141024 0.365407 -0.833583 0.138636 0.534715 -0.586874 0.044492 0.808455 -0.993494 -0.107878 0.036499 -0.915264 -0.055719 0.398984 -0.835789 -0.029683 0.548248 0.575346 0.105525 0.811074 0.17903 -0.205582 -0.962125 -0.679027 -0.19165 -0.708656 0.876216 -0.211966 -0.432799 0.973857 -0.226508 -0.017226 -0.679027 -0.19165 -0.708656 -0.975445 -0.184989 0.119521 -0.808167 -0.207154 0.55132 -0.012455 -0.999063 -0.041447 0.003492 -0.999957 -0.008633 -0.081054 -0.957006 -0.278514 -0.075043 -0.961029 -0.266068 -0.000027 -0.999991 -0.004318 0.002559 -0.999984 0.004994 0.001118 -0.999986 0.005256 -0.001284 -0.999923 0.01231 -0.001294 -0.999866 0.016326 0.003387 -0.99966 0.02585 0.004454 -0.999919 0.011917 -0.005526 -0.999955 -0.007667 0.001118 -0.999986 0.005256 -0.005526 -0.999955 -0.007667 0.003387 -0.99966 0.02585 0.004454 -0.999919 0.011917 0.000539 -0.999975 0.007034 0.002559 -0.999984 0.004994 -0.000027 -0.999991 -0.004318 0.005722 -0.999847 0.016532 -0.012455 -0.999063 -0.041447 0.003492 -0.999957 -0.008633 -0.001568 -0.999999 -0.000306 -0.00136 -0.999998 -0.001463 -0.000087 -0.999993 0.003739 -0.000442 -0.999993 0.003793 0.000634 -0.999977 0.006774 0.001293 -0.999971 0.007457 0.292575 0.225495 0.929275 0.291774 0.228719 0.928738 0.291899 0.228219 0.928822 0.292662 0.225144 0.929333 -0.081054 -0.957006 -0.278514 -0.135653 -0.888753 -0.437853 -0.125172 -0.896904 -0.42414 -0.075043 -0.961029 -0.266068 0.287916 0.797325 -0.530451 0.052078 0.995051 -0.084621 -0.043784 0.989986 -0.134203 -0.208849 0.736471 -0.643422 0.408857 0.423315 -0.80848 -0.29079 0.383064 -0.876757 -0.132881 0.316644 -0.939191 -0.306533 0.33245 -0.891916 -0.468017 0.315078 -0.825643 -0.531281 0.810014 -0.248229 -0.484614 0.377752 -0.788957 -0.936072 0.322073 0.141554 -0.917029 0.379574 0.122404 -0.807501 0.405982 0.427925 -0.827548 0.352888 0.436617 -0.20491 0.381592 0.901332 -0.08196 0.995894 -0.038446 -0.581569 0.750827 0.313107 -0.184813 0.446357 0.875562 0.664072 0.432061 0.610191 0.698552 0.366834 0.614376 0.909164 0.391259 -0.142608 0.930361 0.334757 -0.149552 0.815264 0.304954 -0.492287 -0.091945 0.994122 0.057166 -0.115949 0.797239 0.592423 0.447473 0.787678 0.423475 0.659142 0.744954 -0.102835 0.408857 0.423315 -0.80848 -0.013788 0.996768 0.079137 0.060158 0.996384 0.059997 0.107005 0.994141 -0.015293 0.287916 0.797325 -0.530451 0.052078 0.995051 -0.084621 -0.661033 -0.403063 -0.63291 -0.552645 -0.638663 -0.535438 -0.747614 -0.658113 0.089222 -0.900244 -0.40852 0.150571 -0.987355 0.033491 0.15495 -0.716716 0.028091 -0.696799 -0.611141 0.526857 -0.590701 -0.843489 0.519682 0.135859 -0.300788 0.911715 -0.279825 -0.455117 -0.78692 0.416685 -0.515365 -0.287712 0.80723 -0.486187 0.028342 0.873395 -0.410683 0.528078 0.743285 -0.194744 0.91496 0.353446 -0.414187 0.907191 0.073849 0.247023 -0.603605 0.75805 0.017356 -0.924491 0.380808 0.305218 0.033843 0.951681 0.262784 0.523307 0.810613 0.122534 0.919303 0.373988 0.052078 0.995051 -0.084621 0.107005 0.994141 -0.015293 0.06712 -0.961798 0.265406 0.578932 -0.812133 0.07265 0.730378 -0.573095 0.371632 0.912955 0.013352 0.407842 0.781438 0.516134 0.350656 0.373886 0.912045 0.168474 -0.08196 0.995894 -0.038446 -0.043784 0.989986 -0.134203 0.655211 -0.661623 -0.364627 0.810172 -0.416801 -0.412187 0.886066 0.012926 -0.463379 0.764305 0.508032 -0.397165 0.379473 0.906098 -0.187048 -0.091945 0.994122 0.057166 -0.013788 0.996768 0.079137 0.079981 0.91133 -0.403832 0.129705 -0.647304 -0.751115 0.16796 -0.412616 -0.895286 0.176001 0.018887 -0.984209 0.509472 0.006933 0.86046 0.509472 0.006933 0.86046 0.509472 0.006933 0.86046 -0.509472 -0.006933 -0.86046 -0.509472 -0.006933 -0.86046 -0.509472 -0.006933 -0.86046 0.153168 0.523182 -0.838344 -0.552645 -0.638663 -0.535438 -0.661033 -0.403063 -0.63291 -0.716716 0.028091 -0.696799 -0.611141 0.526857 -0.590701 0.079981 0.91133 -0.403832 0.060158 0.996384 0.059997 -0.399293 -0.128632 0.907755 -0.56183 -0.188546 0.80548 -0.461518 -0.130483 0.877483 -0.322233 0.012866 0.946573 -0.342154 0.023516 0.93935 -0.253035 0.014862 0.967343 -0.249593 0.016857 0.968204 -0.168185 0.00216 0.985753 -0.170551 0.009215 0.985306 -0.103448 -0.028966 0.994213 0.399242 -0.128735 0.907763 0.461426 -0.130573 0.877518 0.561735 -0.188689 0.805512 0.322227 0.012883 0.946575 0.342157 0.023533 0.939348 0.253034 0.014876 0.967343 0.249594 0.016868 0.968204 0.16819 0.002154 0.985752 0.170551 0.0092 0.985306 0.103453 -0.028972 0.994212 0.686803 -0.111026 -0.718314 -0.188141 -0.122957 -0.974415 -0.189166 0.017554 -0.981788 0.68854 0.02374 -0.724809 0.988212 -0.088788 0.124713 -0.885129 0.044378 -0.463224 -0.888957 -0.121553 -0.441565 -0.868724 0.212194 -0.447539 -0.193516 0.184563 -0.963581 0.675853 0.183473 -0.713835 0.994574 0.057959 0.08639 -0.978129 -0.1163 -0.172448 -0.973039 0.067378 -0.220577 -0.959499 0.273719 -0.066628 -0.866923 0.491226 0.084505 -0.856808 0.310844 -0.411407 -0.206658 0.291374 -0.93402 0.642448 0.263804 -0.719491 -0.901047 0.120498 -0.416648 -0.885992 0.427775 -0.178961 -0.620198 0.766199 0.16821 -0.098972 0.893863 0.437279 -0.036081 0.862709 0.504412 0.458513 0.701999 0.544943 0.675835 0.492975 0.547926 -0.894336 -0.082106 -0.439796 -0.877894 0.16206 -0.450598 -0.812034 0.529844 -0.244678 -0.573925 0.813456 0.094337 -0.049513 0.934676 0.352036 0.485161 0.785671 0.38385 -0.860592 -0.07893 -0.503142 -0.943968 0.175864 -0.279276 -0.785231 0.571898 -0.237372 -0.525902 0.848335 -0.061273 -0.01134 0.994362 0.105435 0.96492 -0.204386 -0.164791 0.975071 -0.206302 0.081701 0.982303 0.055223 0.178974 0.99289 0.117524 0.018889 0.993455 -0.108257 0.036424 0.907323 0.392891 0.149674 0.915274 -0.056099 0.398906 0.914332 0.030227 0.403836 0.857666 0.381076 0.345238 0.838489 0.508118 0.196855 0.864579 0.495093 0.085944 0.917302 0.16848 0.360792 -0.552244 -0.823375 -0.13069 -0.552244 -0.823375 -0.13069 -0.552244 -0.823375 -0.13069 0.885877 -0.143315 0.441228 0.852436 0.245364 0.461682 0.571549 0.810687 0.126961 0.480695 0.855246 0.193613 0.809488 0.532859 0.246556 0.833685 0.138278 0.534649 0.835827 -0.030055 0.548169 -0.082271 0.976632 0.198547 0.398834 0.731206 0.553416 0.718904 0.457225 0.523566 0.5775 0.299478 0.759477 0.586968 0.044206 0.808402 -0.487386 0.872933 0.021057 -0.151565 0.80544 0.57297 0.215066 0.385773 0.897177 0.197816 0.123676 0.972406 -0.748119 0.663562 0.001878 -0.723574 0.611145 0.320847 -0.544452 0.746045 0.383393 -0.518477 0.387975 0.762009 -0.224639 0.385833 0.894802 -0.227659 0.150733 0.962004 -0.968293 0.231142 0.094773 -0.850065 0.275274 0.449015 -0.667286 0.346768 0.659152 -0.708198 0.080625 0.701395 -0.572211 0.106215 0.813199 -0.943169 -0.074478 -0.323861 -0.99167 -0.029874 0.125292 -0.872796 0.03768 0.486629 0.962905 0.252911 0.094071 0.929382 0.352531 0.109414 -0.179187 -0.205475 -0.962119 0.678882 -0.191864 -0.708737 0.678882 -0.191864 -0.708737 0.975383 -0.185378 0.119425 -0.87633 -0.211611 -0.432744 -0.973948 -0.226122 -0.017157 0.012062 -0.999065 -0.041509 0.074643 -0.961043 -0.266129 0.080657 -0.957023 -0.278572 -0.003882 -0.999955 -0.008689 0.808141 -0.20749 0.551231 -0.003775 -0.99966 0.025793 0.0009 -0.999867 0.016296 0.000896 -0.999924 0.012275 0.005037 -0.99996 -0.00736 -0.000361 -0.99999 -0.004376 -0.004841 -0.999918 0.011865 -0.001491 -0.999985 0.0052 -0.001491 -0.999985 0.0052 -0.004841 -0.999918 0.011865 -0.003775 -0.99966 0.025793 0.005037 -0.99996 -0.00736 -0.00295 -0.999983 0.004936 -0.000361 -0.99999 -0.004376 -0.000929 -0.999975 0.006977 -0.006109 -0.999846 0.016471 0.012062 -0.999065 -0.041509 -0.003882 -0.999955 -0.008689 -0.000302 -0.999993 0.003678 0.000969 -0.999998 -0.001526 0.001177 -0.999999 -0.000369 0.000051 -0.999993 0.003732 -0.001025 -0.999977 0.006715 -0.001682 -0.999971 0.007396 -0.291731 0.228315 0.928852 -0.291606 0.228817 0.928767 -0.29241 0.225581 0.929306 -0.292498 0.225229 0.929364 0.124782 -0.896934 -0.424192 0.135272 -0.888782 -0.437914 0.080657 -0.957023 -0.278572 0.074643 -0.961043 -0.266129 0.138321 0.79737 0.587426 0.016421 0.996783 0.078441 0.093645 0.994168 0.053493 -0.058199 0.996367 0.062182 -0.431153 0.787551 0.440307 -0.107938 0.994094 -0.011252 -0.662903 0.744687 -0.07746 -0.308441 0.797153 -0.519049 -0.0557 0.995021 -0.082649 0.750268 -0.657997 0.064324 0.547878 -0.638734 -0.540231 0.638478 -0.403796 -0.655206 0.904952 -0.408503 0.11911 0.468592 -0.787523 0.400286 0.393571 -0.568573 0.722375 -0.080614 -0.958816 0.272349 -0.057532 -0.96148 0.268786 -0.578546 -0.810429 0.092138 0.992465 0.034102 0.117684 0.518565 0.029474 0.85453 -0.269649 0.035121 0.962318 -0.271419 -0.169945 0.947339 -0.716653 -0.573104 0.397443 -0.666843 -0.661828 -0.342498 -0.823736 -0.417866 -0.383206 -0.15431 -0.647929 -0.745906 0.689988 0.027951 -0.723281 0.587871 0.526702 -0.613998 0.84798 0.519882 0.10321 0.438766 0.528429 0.726806 -0.231687 0.523629 0.819837 -0.896931 0.013941 0.441951 -0.902786 0.01269 -0.429902 0.289412 0.911782 -0.291365 0.4164 0.907362 0.057488 0.207881 0.915095 0.345524 -0.108246 0.91935 0.378258 -0.367401 0.911959 0.182611 -0.76752 0.51607 0.380243 -0.058199 0.996367 0.062182 -0.107938 0.994094 -0.011252 -0.0557 0.995021 -0.082649 0.016421 0.996783 0.078441 -0.09599 0.911227 -0.400564 -0.185536 0.522511 -0.832201 0.587871 0.526702 -0.613998 0.689988 0.027951 -0.723281 -0.212846 0.018026 -0.97692 -0.779231 0.507527 -0.367717 -0.09599 0.911227 -0.400564 -0.386866 0.905907 -0.172241 0.093645 0.994168 0.053493 -0.19882 -0.414215 -0.888199 0.638478 -0.403796 -0.655206 0.547878 -0.638734 -0.540231 0.08002 0.995922 -0.041661 0.038183 0.989991 -0.135864 -0.0557 0.995021 -0.082649 -0.308441 0.797153 -0.519049 0.183624 0.736492 -0.651047 0.521009 0.810196 -0.268574 0.08002 0.995922 -0.041661 0.592875 0.751091 0.290453 -0.439924 0.422906 -0.792223 0.25663 0.382715 -0.887508 0.795744 0.438532 -0.41771 0.823095 0.406397 0.396682 0.218177 0.446692 0.867678 -0.640205 0.431925 0.635278 -0.914127 0.390902 -0.107551 -0.439924 0.422906 -0.792223 0.038183 0.989991 -0.135864 0.096165 0.315941 -0.943893 0.271828 0.331701 -0.903373 0.435988 0.314392 -0.843251 0.940707 0.322259 0.105922 0.843415 0.3535 0.404586 0.239382 0.382073 0.89259 -0.674356 0.366685 0.640925 -0.93554 0.334401 -0.113754 -0.833688 0.30455 -0.460666 -0.027105 -0.650328 -0.75917 -0.008344 -0.971224 -0.238023 0.000987 -0.976981 -0.213325 0.024231 -0.726945 -0.686268 -0.071108 -0.920097 0.385181 -0.020785 -0.907056 0.420498 0.069449 -0.899913 0.430503 0.029084 -0.985073 -0.169661 0.114946 -0.837153 -0.534754 -0.117953 -0.537808 0.834775 -0.039867 -0.511557 0.858324 0.131144 -0.520391 0.843798 -0.175158 0.254384 0.951109 -0.046814 0.291364 0.955466 0.13452 -0.24744 0.95952 -0.144718 0.849523 0.507314 -0.044421 0.857174 0.513108 0.123305 0.890255 0.438455 0.130212 0.787148 0.602863 -0.10868 0.993696 0.027514 -0.028009 0.999284 0.025444 -0.090384 0.742739 -0.663453 0.010545 0.838111 -0.545398 0.070948 0.996557 0.042891 -0.066188 0.011514 -0.997741 0.070208 0.319661 -0.944927 -0.027105 -0.650328 -0.75917 0.071532 -0.303075 -0.950278 0.552559 -0.400926 -0.73071 0.335584 0.577768 -0.744021 0.024231 -0.726945 -0.686268 0.114946 -0.837153 -0.534754 0.145698 0.91488 -0.37652 0.401562 -0.817606 -0.412636 0.897585 -0.28494 -0.336378 0.947844 0.03543 -0.31676 0.866831 0.37957 -0.323311 0.376003 0.867067 -0.326828 -0.366956 -0.849422 -0.379244 -0.339954 -0.776243 -0.530923 0.357538 -0.741294 -0.568023 0.794323 -0.235471 -0.560004 0.778461 0.293018 -0.555103 0.329086 0.797102 -0.506291 -0.095094 -0.852648 -0.513759 -0.526683 -0.455983 -0.717416 -0.893857 -0.354308 -0.274746 -0.815799 -0.291012 -0.499784 -0.462453 -0.254956 -0.849197 -0.18836 -0.56193 -0.805453 0.197732 -0.539684 -0.818317 -0.066039 -0.777984 -0.624804 -0.090491 -0.331413 -0.939136 -0.365807 0.534855 -0.761653 -0.897571 0.340825 -0.279651 -0.967485 -0.010906 -0.252691 -0.813797 0.279318 -0.509625 -0.475485 0.268282 -0.837818 -0.121285 -0.352537 -0.927905 -0.128834 0.328751 -0.935588 -0.103709 0.334129 -0.936804 -0.067152 0.8509 -0.521019 -0.042069 0.917789 -0.394834 -0.330282 0.87249 -0.360106 -0.093118 -0.767748 -0.63395 -0.102669 0.844245 -0.526031 -0.066767 0.997526 0.02202 -0.031761 0.999277 0.020915 0.077648 0.996862 0.015404 -0.061227 0.850377 0.522599 -0.025229 0.858691 0.511872 0.115227 0.865416 0.487625 -0.068093 0.26139 0.962828 -0.032118 0.260777 0.964865 0.129984 0.249793 0.959535 -0.053352 -0.518738 0.853267 -0.0166 -0.540516 0.84117 0.150412 -0.527254 0.836289 -0.047472 -0.919219 0.390875 -0.005848 -0.924464 0.381224 0.091348 -0.910712 0.402814 0.011477 -0.986952 -0.160604 -0.064569 -0.97238 -0.224297 -0.033921 -0.982446 -0.183437 -0.093118 -0.767748 -0.63395 -0.066039 -0.777984 -0.624804 -0.095094 -0.852648 -0.513759 -0.341489 0.783837 -0.518637 -0.212858 0.560069 -0.800633 -0.141776 0.223994 -0.964223 0.173116 0.556225 -0.812801 0.128083 0.227086 -0.965416 0.133897 -0.24839 -0.959361 -0.138338 -0.256291 -0.956649 0.432821 0.233713 -0.870658 0.446687 -0.2402 -0.861844 0.722142 -0.127661 -0.679862 0.387179 -0.132643 -0.912413 0.721088 -0.130563 -0.68043 0.388984 -0.135058 -0.911291 0.000089 -0.132979 -0.991119 -0.000178 -0.136272 -0.990672 -0.398028 -0.134686 -0.907432 -0.389186 -0.134547 -0.91128 0.925955 -0.112458 -0.360501 0.994322 -0.106354 -0.003506 0.92074 -0.098959 0.377419 0.703527 -0.080011 0.70615 0.432339 -0.107229 0.895313 0.388305 -0.082762 0.917807 -0.721898 -0.133057 -0.679087 -0.924737 -0.113111 -0.363411 -0.994322 -0.106354 -0.003504 -0.92074 -0.09896 0.377418 -0.703527 -0.080013 0.70615 -0.432339 -0.107229 0.895313 -0.388306 -0.082761 0.917807 0.000000 -0.110385 0.993889 0.000000 -0.199824 0.979832 0.75897 -0.289844 -0.583056 0.82115 -0.106869 -0.560618 0.899117 0.154269 -0.409621 0.75897 -0.289844 -0.583056 0.899117 0.154269 -0.409621 0.82115 -0.106869 -0.560618 0.909992 -0.124927 -0.395357 0.896486 -0.127743 -0.424257 0.864359 -0.115477 -0.489437 0.75897 -0.289844 -0.583056 0.940442 -0.077482 -0.331006 0.916603 -0.103786 -0.386092 0.858737 -0.118237 -0.49859 0.728753 -0.118698 -0.674411 0.881765 -0.146103 -0.448491 0.728572 -0.129506 -0.672615 -0.316132 -0.610822 -0.725918 -0.391518 -0.111963 -0.913334 0.000001 -0.617614 -0.786481 0.000002 -0.118711 -0.992929 -0.381484 -0.107082 -0.918152 -0.37925 -0.119214 -0.917582 0.391519 -0.111962 -0.913333 0.381463 -0.107319 -0.918133 0.000059 -0.115568 -0.9933 -0.000094 -0.120464 -0.992718 -0.386725 -0.132935 -0.912564 0.316132 -0.610823 -0.725917 0.726132 -0.098454 -0.68047 0.37864 -0.119485 -0.917799 0.386808 -0.132692 -0.912564 0.000042 -0.130335 -0.99147 0.387706 -0.133923 -0.912003 0.000000 -0.137008 -0.99057 -0.387705 -0.133924 -0.912003 0.726242 -0.124457 -0.676079 -0.804897 0.393162 -0.444483 -0.639411 0.502488 -0.581944 -0.670392 0.494316 -0.553378 -0.854566 0.357051 -0.377136 0.539872 -0.577502 -0.612396 -0.331214 -0.427979 -0.840911 0.16271 -0.806332 -0.568643 0.048059 -0.342033 -0.938458 0.594004 -0.803873 0.030774 0.570963 -0.801375 -0.178321 -0.515441 -0.452767 0.727546 -0.759212 0.487728 0.430951 -0.803168 0.363362 0.472112 -0.713747 -0.152312 0.683642 -0.121522 -0.275618 0.953555 -0.942075 0.328865 0.06589 -0.712165 0.436912 0.549481 -0.854367 0.353797 0.380637 -0.623563 0.544822 0.560659 -0.204969 -0.268143 -0.941322 0.516326 -0.602676 -0.608432 -0.522402 0.159721 0.837607 -0.522402 0.159721 0.837607 -0.522402 0.159721 0.837607 0.52882 -0.571772 -0.627237 0.627126 -0.75395 0.195634 0.254351 -0.505491 0.82449 -0.750868 0.367916 0.548484 -0.485275 0.60388 0.632327 -0.537057 0.576825 0.615501 -0.721537 0.400065 0.565095 0.327068 -0.830633 -0.450638 0.193584 -0.875516 -0.442715 0.000002 -0.838788 -0.544459 0.508287 -0.842114 -0.180245 0.000024 -0.461172 0.887311 0.000000 -0.944997 -0.327078 -0.193584 -0.875517 -0.442714 -0.514995 -0.646969 -0.562326 -0.638156 -0.763141 0.101849 -0.508238 -0.842142 -0.180251 -0.335638 -0.43442 0.835839 -0.327065 -0.830631 -0.450645 -0.195737 -0.386717 -0.901186 -0.202159 -0.671132 -0.713242 -0.593999 -0.803877 0.030763 0.204968 -0.268146 -0.941321 0.331219 -0.427981 -0.840908 0.076467 -0.546924 -0.833683 -0.401706 -0.908287 -0.11682 0.803164 0.363366 0.472115 0.759202 0.487743 0.430952 0.732253 -0.516002 0.444464 0.702786 0.495072 0.510878 0.485243 0.603896 0.632336 0.357484 0.67852 0.641729 -0.000002 0.733357 0.679843 -0.357487 0.678519 0.641728 -0.539839 -0.577501 -0.612426 -0.670392 0.494316 -0.553378 -0.639411 0.502488 -0.581944 -0.36799 0.613263 -0.698922 -0.420667 0.601482 -0.67916 -0.000000 0.661259 -0.750157 -0.000001 0.657781 -0.753209 0.367988 0.613263 -0.698923 0.420659 0.601481 -0.679166 0.670394 0.494313 -0.553377 0.639414 0.502486 -0.581942 0.537061 0.576823 0.6155 0.884891 0.46 0.073265 0.947307 0.170297 0.271307 0.854567 0.35705 -0.377135 0.623568 0.544823 0.560653 0.504675 0.634858 0.585029 0.749821 0.428087 0.50449 0.877192 0.348348 0.330436 -0.9413 -0.315754 -0.119387 -0.9413 -0.315754 -0.119387 -0.9413 -0.315754 -0.119387 0.121525 -0.275619 0.953554 0.121525 -0.275619 0.953554 0.121525 -0.275619 0.953554 -0.804897 0.393162 -0.444483 -0.854566 0.357051 -0.377136 -0.504672 0.634861 0.585029 0.884891 0.46 0.073265 0.854567 0.35705 -0.377135 0.670394 0.494313 -0.553377 0.639414 0.502486 -0.581942 0.308218 -0.611185 0.729009 0.352517 -0.086476 0.931801 0.642506 -0.011958 0.766187 0.656566 -0.124174 0.743977 0.534689 -0.062762 0.842715 0.000000 -0.606154 0.795347 0.073967 -0.06101 0.995393 0.093435 0.202445 0.974826 0.207459 0.191901 0.959236 0.51055 0.172909 0.842283 0.711329 0.052842 0.70087 -0.073967 -0.061009 0.995393 0.013863 0.162914 0.986543 -0.013864 0.162916 0.986543 -0.08542 0.308241 0.947466 0.092163 0.320867 0.94263 0.214666 0.281974 0.935098 -0.352516 -0.086476 0.931802 -0.093435 0.202445 0.974826 0.08542 0.308241 0.947466 0.070266 0.143015 0.987223 -0.070266 0.143017 0.987223 -0.308217 -0.611185 0.72901 -0.64332 -0.011112 0.765517 -0.510276 0.17333 0.842363 -0.207459 0.191901 0.959236 -0.214668 0.281975 0.935098 -0.092167 0.320864 0.94263 -0.656867 -0.124547 0.743649 -0.710289 0.049831 0.702144 -0.537559 0.222829 0.813251 -0.534689 -0.062762 0.842715 0.714877 -0.151586 0.682622 0.653072 -0.241519 0.71775 0.496757 -0.163306 0.852387 0.678868 -0.108538 0.726194 0.728399 -0.058799 0.682625 0.736701 -0.161406 0.656673 0.799456 -0.370534 0.472837 0.797421 -0.378413 0.470026 0.670971 -0.449265 0.589881 0.650101 -0.424993 0.62988 0.706803 0.038394 0.706368 0.650001 0.031189 0.759293 0.863777 -0.096684 0.494512 0.610564 -0.329957 0.719958 0.390128 -0.726017 0.566303 0.573523 -0.683635 0.451348 0.363177 -0.817749 0.44653 0.869126 0.132448 0.476527 0.66588 0.090831 0.740509 0.651365 -0.088461 0.75359 0.244957 -0.338652 0.908466 0.19521 -0.716055 0.670193 0.238359 -0.906734 0.347876 0.751196 0.144423 0.644085 0.579097 0.34309 0.739551 0.296223 0.04432 0.95409 0.287315 -0.133587 0.948475 0.303892 -0.328278 0.894362 0.528594 0.373025 0.762523 0.474696 0.721016 0.504776 0.331042 0.531745 0.779525 0.285132 0.228533 0.930845 0.06876 0.234728 0.969626 0.093167 0.021899 0.99541 0.53584 -0.085285 0.840001 0.443731 -0.060254 0.894132 0.313216 0.179593 0.932546 0.354824 0.531799 0.768954 0.466557 -0.06958 0.88175 0.42545 -0.111533 0.898083 0.244863 -0.016658 0.969415 -0.013886 -0.044653 0.998906 0.104949 0.29532 0.949617 0.037605 0.601165 0.79824 0.531476 -0.140144 0.8354 0.28681 -0.35106 0.891346 0.197335 -0.141004 0.970143 -0.081609 -0.140121 0.986766 0.721535 -0.174859 0.669934 0.440576 -0.341234 0.830333 0.249315 -0.54343 0.801577 0.125635 -0.38002 0.916406 -0.06683 -0.324455 0.943537 0.609155 -0.163171 0.776083 0.481295 -0.123454 0.867822 0.279381 -0.481917 0.830483 0.198387 -0.798573 0.568264 -0.126319 -0.715259 0.687348 0.539218 0.222677 0.812194 0.275935 0.042819 0.960222 0.141927 0.081757 0.986495 0.230995 -0.42805 0.873736 0.273498 -0.769048 0.577724 0.024698 -0.01853 0.999523 0.26159 -0.488319 0.832536 0.498323 -0.660856 0.561198 0.276902 -0.79549 0.538999 0.198429 -0.825173 0.528882 0.016475 -0.325998 0.945227 0.058627 -0.39456 0.916998 0.255024 -0.221067 0.941325 0.514848 -0.658418 0.549015 0.279518 -0.846163 0.453737 0.163524 -0.872116 0.461166 -0.016474 -0.325987 0.945231 -0.089918 -0.393704 0.914829 -0.151919 -0.133251 0.97937 0.151918 -0.133252 0.97937 0.453654 -0.201948 0.867994 -0.024698 -0.01853 0.999523 -0.234918 -0.585269 0.776063 -0.3758 -0.708481 0.597352 -0.253858 -0.196953 0.946977 -0.141925 0.081754 0.986496 -0.230995 -0.42805 0.873736 -0.273498 -0.769048 0.577724 -0.275394 -0.796158 0.538786 -0.516714 -0.657684 0.548141 -0.453622 -0.201935 0.868014 -0.275937 0.042818 0.960222 -0.279381 -0.481917 0.830483 -0.198387 -0.798573 0.568264 -0.199175 -0.82394 0.530521 -0.274731 -0.847373 0.454402 -0.593512 -0.649772 0.47491 -0.480208 -0.123792 0.868376 -0.249314 -0.543429 0.801578 0.12633 -0.715267 0.687338 0.180767 -0.719384 0.670679 -0.158517 -0.8732 0.460863 -0.606046 -0.16823 0.777436 -0.440581 -0.341223 0.830335 -0.286808 -0.351062 0.891345 -0.125635 -0.38002 0.916406 0.066835 -0.32445 0.943539 -0.720677 -0.17782 0.670078 -0.531476 -0.140144 0.8354 -0.466557 -0.06958 0.88175 -0.42545 -0.111533 0.898083 -0.197335 -0.141004 0.970143 -0.53584 -0.085285 0.840001 -0.443731 -0.060254 0.894132 -0.244863 -0.016658 0.969415 0.081609 -0.140121 0.986766 0.120739 -0.296929 0.947236 -0.513936 0.273481 0.813067 -0.313216 0.179593 0.932546 0.013885 -0.044653 0.998906 0.090079 -0.130544 0.987342 0.253066 -0.271926 0.928447 0.289759 -0.726866 0.62266 -0.751196 0.144423 0.644086 -0.474696 0.721016 0.504776 -0.486623 0.810164 0.326851 -0.331041 0.531744 0.779526 -0.354824 0.531799 0.768954 -0.104949 0.29532 0.949617 -0.8692 0.13233 0.476425 -0.579097 0.343088 0.739552 -0.285133 0.22853 0.930845 -0.020445 0.554346 0.832035 -0.037607 0.601162 0.798242 -0.863826 -0.096636 0.494435 -0.665878 0.090824 0.740511 -0.296221 0.044319 0.954091 -0.06876 0.234728 0.969626 -0.79932 -0.368853 0.474379 -0.610559 -0.329956 0.719963 -0.651356 -0.088461 0.753598 -0.678882 -0.108441 0.726195 -0.660332 -0.470919 0.584977 -0.568531 -0.684134 0.456872 -0.283598 -0.243446 0.927527 -0.496757 -0.163307 0.852387 0.283597 -0.243449 0.927527 0.000001 -0.251482 0.967862 0.408275 -0.642927 0.64804 0 -0.707396 0.706818 -0.408275 -0.642925 0.648042 0.666187 -0.478707 0.571869 0.427835 -0.878194 0.213851 0 -0.956047 0.293213 -0.427834 -0.878195 0.213849 -0.666178 -0.478712 0.571876 0.844571 -0.254917 0.470868 0.682611 -0.445831 0.57903 0.201481 0.107979 0.973522 0.243654 -0.124487 0.96184 0.000000 0.106097 0.994356 0 -0.130539 0.991443 -0.243651 -0.124493 0.96184 -0.201482 0.107976 0.973523 -0.682616 -0.445831 0.579026 0.390776 0.187759 0.901133 0.31733 0.149415 0.936471 -0.15552 0.612771 0.774806 -0.040104 0.624113 0.780304 0.000000 0.617884 0.78627 0.334333 0.258173 0.906404 -0.27838 0.548688 0.788318 -0.504672 0.634861 0.585029 -0.394643 0.761876 0.513617 -0.223265 0.829153 0.512502 0 0.8508 0.52549 0.234368 0.266784 0.934825 -0.712165 0.436912 0.549481 -0.623563 0.544822 0.560659 -0.649759 0.511548 0.562256 -0.7662 0.353755 0.536465 -0.854367 0.353797 0.380637 0.751193 -0.61448 -0.241088 0.539872 -0.577502 -0.612396 0.738021 -0.557587 -0.380028 0.832796 -0.544499 -0.099863 0.824325 -0.548429 0.140408 0.809835 -0.584873 -0.045734 0.739903 -0.651327 0.168276 0.516326 -0.602676 -0.608432 0.327068 -0.830633 -0.450638 0.913947 -0.215107 0.344136 0.847457 -0.206611 0.489008 0.766286 -0.282559 0.577032 0.602998 -0.770552 0.206501 0.193584 -0.875516 -0.442715 0.376687 -0.881263 0.28545 0.000000 -0.944997 -0.327078 0.80414 0.087439 0.587974 0.671328 0.16709 0.72208 0.54438 0.189098 0.817247 0.381371 0.294857 0.876137 0.65692 -0.32073 0.68234 0.792256 0.114352 0.599378 0.63206 0.157723 0.758699 0.437688 0.2155 0.87292 0.195067 0.361739 0.911643 0.089358 0.497921 0.862607 0.22991 0.300704 0.925591 0.397884 -0.390864 0.830008 0.145471 -0.904558 0.400767 0.438423 -0.417828 0.795742 0.499771 0.10409 0.859881 0.339166 0.023539 0.940432 0.19184 0.158895 0.968478 0.000000 0.504206 0.863583 0.000001 0.286692 0.958023 0.000004 -0.415348 0.909663 0.545864 -0.257665 0.797271 0.593986 -0.314555 0.740429 0.431208 -0.170309 0.886033 0.256258 -0.036484 0.96592 0.000000 -0.086493 0.996252 0.000001 0.188457 0.982081 0.323291 -0.18554 0.927932 0.845483 -0.346977 0.405913 0.530309 -0.324312 0.783323 0.246785 -0.040174 0.968237 0.000000 -0.074457 0.997224 0.136151 -0.16888 0.976188 0.131906 -0.123651 0.98352 0.954833 0.224574 -0.194575 0.655079 0.693624 -0.299595 0.940644 0.335204 0.053174 0.991497 -0.001916 0.130115 0.930161 -0.282485 0.234525 0.904976 -0.421844 0.055372 0.110148 -0.080264 0.990669 0.187836 0.311668 0.93144 0.728084 0.685416 0.009948 0.401346 0.867842 -0.292867 0.731143 0.363507 0.577315 0.831866 -0.140477 0.536903 0.121731 0.264187 0.956758 0.000001 0.505233 0.862983 0.000003 0.979834 0.199814 0.3545 0.933352 -0.05643 0.066325 0.246262 0.966931 0.067251 0.271993 0.959946 -0.000000 0.284739 0.958605 -0.06725 0.271991 0.959947 -0.121731 0.264187 0.956759 -0.187835 0.311666 0.931441 0.12047 0.199911 0.97238 0.065709 0.148823 0.986678 0.000000 0.440663 0.897673 -0.06571 0.148822 0.986678 -0.066326 0.246262 0.966931 0.034178 0.366757 0.929689 0.083439 0.5487 0.831845 0.255899 0.243783 0.93546 0.388278 -0.020174 0.921321 0.114334 -0.080641 0.990164 0.035065 0.456499 0.889033 0.047553 0.709737 0.70286 0.181343 0.816385 0.548298 0.534055 0.364757 0.762717 0.795728 0.067324 0.601901 0.407326 -0.062961 0.91111 0.020454 0.554338 0.83204 -0.168544 0.782351 0.599599 -0.016815 0.868919 0.494668 -0.04142 0.902766 0.428133 0.185573 0.886936 0.422975 -0.237903 0.557042 0.79568 -0.325839 0.79636 0.509549 -0.324753 0.798864 0.506312 -0.047881 0.652726 0.756079 0.173652 0.685862 0.706709 -0.508485 -0.011472 0.860994 -0.901586 0.214476 0.37569 -0.934681 0.188414 0.301448 -0.65029 0.059924 0.757319 -0.678418 0.386383 0.624867 -0.346219 -0.052983 0.936656 -0.439379 -0.047605 0.897039 0.184523 -0.044124 0.981837 0.198773 0.05761 0.978351 -0.04383 0.661332 0.748812 0.434498 0.413636 0.800073 -0.346723 -0.111654 0.931298 -0.390915 -0.070031 0.917759 0.242798 -0.071708 0.967423 0.774198 -0.122838 0.620909 0.784686 -0.049748 0.617894 -0.099602 -0.121914 0.987531 -0.473032 -0.226382 0.851464 -0.454921 -0.119656 0.882456 0.008559 -0.138771 0.990287 0.809561 -0.217277 0.545345 0.72926 -0.131545 0.671473 -0.086989 -0.133395 0.987238 -0.109448 -0.30309 0.946656 -0.259465 -0.278821 0.924628 -0.372542 -0.713274 0.593677 -0.573193 -0.190826 0.796891 -0.18433 -0.71326 0.676227 -0.262314 0.96476 -0.020717 -0.262314 0.96476 -0.020717 -0.262314 0.96476 -0.020717 0.262314 -0.96476 0.020717 0.262314 -0.96476 0.020717 0.262314 -0.96476 0.020717 -0.310159 -0.716848 0.624444 0.109003 -0.916904 0.383935 0.326308 -0.817803 0.474048 0.561643 -0.646005 0.516948 0.777536 -0.320124 0.541257 -0.750424 0.62563 0.213192 -0.750424 0.62563 0.213192 -0.750424 0.62563 0.213192 0.750424 -0.62563 -0.213192 0.750424 -0.62563 -0.213192 0.750424 -0.62563 -0.213192 0.300074 -0.877363 0.374419 0.535015 -0.683738 0.496247 0.697187 -0.508177 0.505654 0.617336 -0.655611 0.434822 0.816131 -0.260208 0.515967 0.592748 -0.651396 0.473638 0.71304 -0.250513 0.654842 0.836383 -0.081945 0.541985 0.761264 -0.019994 0.648134 0.774768 0.060087 0.629384 -0.114334 -0.08064 0.990164 -0.388296 -0.020171 0.921314 -0.120471 0.19991 0.97238 -0.407329 -0.062964 0.911108 -0.795732 0.067328 0.601895 -0.534057 0.364761 0.762714 -0.255899 0.243783 0.93546 -0.713041 -0.250516 0.654839 -0.836383 -0.081945 0.541985 -0.761254 -0.019997 0.648145 -0.784676 -0.049746 0.617906 -0.774757 0.060079 0.629398 -0.616189 0.447413 0.648176 -0.61733 -0.655615 0.434824 -0.816131 -0.260208 0.515967 -0.774199 -0.122835 0.620909 -0.18453 -0.044122 0.981836 -0.198776 0.057607 0.97835 -0.173651 0.685859 0.706712 -0.300067 -0.877362 0.374428 -0.697168 -0.508195 0.505663 -0.809561 -0.217277 0.545345 -0.242798 -0.071708 0.967423 -0.109019 -0.916903 0.383933 -0.431157 -0.747122 0.505878 -0.53499 -0.683753 0.496253 -0.310271 -0.147254 0.939174 0.390915 -0.070031 0.917759 0.372566 -0.713261 0.593678 -0.5617 -0.645995 0.516898 0.473032 -0.226369 0.851468 0.573184 -0.190809 0.796901 0.454921 -0.119656 0.882456 0.346723 -0.111654 0.931298 0.346219 -0.052983 0.936656 0.439379 -0.047605 0.897039 0.65029 0.059924 0.757319 0.098654 -0.119445 0.987927 0.587743 0.017208 0.808865 0.70902 0.518748 0.477694 0.678413 0.386394 0.624864 -0.434442 0.413603 0.80012 0.043836 0.661326 0.748817 0.047865 0.652734 0.756073 -0.075775 0.367285 0.927017 0.168212 0.782031 0.60011 0.325833 0.796307 0.509636 0.325257 0.799221 0.505425 0.041427 0.902766 0.428132 -0.185558 0.886963 0.422925 -0.035065 0.456499 0.889033 -0.047553 0.709737 0.70286 0.016843 0.868914 0.494677 0.869808 -0.483814 -0.096737 0.869808 -0.483814 -0.096737 0.869808 -0.483814 -0.096737 -0.869808 0.483814 0.096737 -0.869808 0.483814 0.096737 -0.869808 0.483814 0.096737 -0.181339 0.816412 0.548259 -0.083439 0.5487 0.831845 -0.034178 0.366757 0.929689 -0.093168 0.021899 0.995409 -0.110147 -0.080265 0.990669 -0.287321 -0.133587 0.948473 -0.136149 -0.16888 0.976188 -0.131902 -0.123655 0.98352 -0.401348 0.867841 -0.292869 -0.655077 0.693625 -0.299599 -0.728084 0.685416 0.009946 -0.354499 0.933352 -0.05643 -0.244955 -0.338651 0.908467 -0.30389 -0.328282 0.894361 -0.32329 -0.185539 0.927933 -0.954832 0.22458 -0.194577 -0.940643 0.335205 0.053172 -0.731142 0.363506 0.577317 -0.195209 -0.716054 0.670194 -0.473919 -0.251553 0.843873 -0.545866 -0.257669 0.797269 -0.390129 -0.726018 0.566302 -0.238361 -0.906734 0.347876 -0.14547 -0.904558 0.400767 -0.363175 -0.817742 0.446544 -0.593958 -0.493334 0.635481 -0.874625 0.073406 0.47921 -0.803122 0.084417 0.589804 -0.792256 0.114352 0.599378 -0.632058 0.15772 0.758701 -0.678354 0.163531 0.716305 -0.437692 0.215499 0.872918 -0.7284 -0.0588 0.682624 -0.706813 0.038391 0.706358 -0.649806 0.09936 0.753578 0.766144 0.353757 0.536544 0.331604 0.383493 0.861958 0.749821 0.428087 0.50449 0.877192 0.348348 0.330436 -0.737976 -0.5576 -0.380097 -0.539839 -0.577501 -0.612426 -0.751195 -0.614474 -0.241095 -0.832795 -0.544497 -0.099872 -0.908702 -0.208746 0.361504 -0.714886 -0.151587 0.682612 -0.73671 -0.161402 0.656664 -0.650028 0.031175 0.75927 -0.653081 -0.241523 0.717741 -0.799451 -0.370537 0.472843 -0.844565 -0.254916 0.47088 -0.390772 0.187757 0.901135 -0.334391 0.258146 0.90639 0.649755 0.511548 0.56226 0.623568 0.544823 0.560653 -0.317323 0.149423 0.936471 0.278387 0.548685 0.788318 0.504675 0.634858 0.585029 0.155516 0.612769 0.774809 0.394643 0.761875 0.513618 0.040105 0.624115 0.780303 0.22326 0.829154 0.512503 0.616193 0.447411 0.648174 -0.824329 -0.548425 0.140404 -0.848497 -0.204376 0.488143 -0.739901 -0.651332 0.168267 -0.766287 -0.282555 0.577033 -0.544365 0.189105 0.817255 -0.809844 -0.58486 -0.045739 -0.666441 -0.74031 -0.088301 -0.327065 -0.830631 -0.450645 -0.603002 -0.77055 0.206497 -0.656917 -0.320721 0.682348 -0.381423 0.294789 0.876137 -0.195081 0.361691 0.911659 -0.193584 -0.875517 -0.442714 -0.376687 -0.88126 0.285462 -0.39788 -0.390856 0.830014 -0.229922 0.300723 0.925582 -0.089396 0.497906 0.862611 -0.191839 0.158898 0.968478 -0.339164 0.023542 0.940432 0.000005 -0.929314 0.369289 -0.256254 -0.036488 0.965921 -0.431208 -0.170299 0.886035 -0.593988 -0.314562 0.740425 -0.822089 -0.286183 0.492208 -0.246787 -0.040189 0.968236 -0.5303 -0.324307 0.783331 -0.764842 -0.574093 0.29229 -0.615069 -0.774364 -0.148491 -0.74354 -0.621742 -0.246142 -0.904976 -0.421844 0.055372 -0.487121 -0.873127 0.019029 -0.303316 -0.952755 -0.016069 0.000003 -0.999586 -0.028765 -0.348451 -0.936802 -0.031378 -0.829907 -0.519444 0.20355 -0.671267 -0.345735 0.655643 0.511127 -0.8372 0.194539 0.656988 -0.7113 0.24984 -0.036943 -0.998236 -0.046476 -0.637509 -0.76405 -0.099044 0.000002 -0.999681 -0.025259 -0.519136 -0.851617 -0.072432 -0.873935 -0.463785 -0.145398 -0.919705 -0.32211 0.224471 0.930117 -0.366203 0.027897 0.924125 -0.373077 0.082503 0.384251 -0.742834 -0.548223 0.519045 -0.809748 -0.273679 0.48711 -0.873134 0.019021 0.519131 -0.85162 -0.072434 0.000001 -0.990792 0.135393 -0.388784 -0.920965 0.025897 -0.607951 -0.69795 -0.3785 0.189631 -0.495934 -0.847402 0.189631 -0.495934 -0.847402 0.303315 -0.952755 -0.016069 0.348443 -0.936805 -0.031375 0.764842 -0.574082 0.292312 0.8299 -0.519459 0.203538 0.873939 -0.463782 -0.145385 0.388795 -0.920961 0.025887 0.615069 -0.774364 -0.148491 0.036943 -0.998236 -0.046476 -0.656988 -0.7113 0.24984 -0.511127 -0.8372 0.194539 0.671278 -0.345724 0.655638 0.919708 -0.322102 0.224473 0.55506 -0.706407 -0.439201 0.637511 -0.764048 -0.099045 -0.519045 -0.809748 -0.273679 -0.500078 -0.688743 -0.524934 -0.924125 -0.373077 0.082503 -0.930117 -0.366203 0.027897 0.683683 -0.629175 0.369752 0.388566 -0.779434 0.491426 0.608789 -0.748927 0.261696 0.44763 -0.795525 -0.408371 0.416758 -0.773985 -0.476718 -0.189631 -0.495934 -0.847402 0.609992 -0.464589 0.641924 0.331476 -0.585377 0.739904 0.000001 -0.654304 0.756232 0.000001 -0.880874 0.473352 0.575122 -0.201407 0.792887 0.360298 -0.397784 0.843773 0.000001 -0.42501 0.905189 -0.331474 -0.585377 0.739904 -0.388566 -0.779436 0.491422 0.333876 0.005065 0.942604 0.000000 0.024616 0.999697 -0.33387 0.005063 0.942605 -0.360296 -0.397783 0.843775 -0.609993 -0.464589 0.641924 0.431619 0.711464 0.554549 0.000003 0.627742 0.778422 -0.482095 0.518178 0.706453 -0.575119 -0.201404 0.79289 0.000002 0.980602 0.196009 -0.217218 0.972355 0.085684 0.000001 0.995675 -0.0929 -0.831866 -0.140477 0.536903 -0.930161 -0.282485 0.234525 -0.683683 -0.629175 0.369752 -0.991497 -0.001916 0.130115 -0.603743 -0.778369 0.172155 0.027107 -0.650324 -0.759173 0.008343 -0.971224 -0.238023 0.071109 -0.920097 0.385181 0.117954 -0.537808 0.834775 0.181274 0.220674 0.958354 -0.000987 -0.976981 -0.213326 0.020784 -0.907052 0.420506 0.03987 -0.511546 0.85833 0.050468 0.252711 0.966225 -0.024231 -0.726945 -0.686269 -0.028863 -0.985051 -0.16983 -0.069452 -0.899915 0.430499 -0.131152 -0.520369 0.84381 -0.199071 0.129515 0.971389 -0.019063 0.814157 0.580331 -0.019063 0.814157 0.580331 -0.123313 0.890296 0.43837 0.044421 0.857174 0.513108 0.056219 0.718711 0.693032 -0.114469 -0.837333 -0.534575 0.094669 -0.852886 -0.513442 -0.011335 -0.986826 -0.161387 -0.091349 -0.910709 0.402821 -0.150414 -0.527246 0.836294 -0.129948 0.249758 0.959549 -0.115248 0.86542 0.487613 0.025154 -0.98365 -0.178328 0.008363 -0.923297 0.383997 0.021134 -0.541737 0.840282 0.032674 0.258851 0.965364 0.063181 -0.772147 -0.632296 0.073109 -0.973148 -0.21826 0.044746 -0.918177 0.393635 0.048467 -0.520271 0.852625 0.067649 0.25937 0.963406 0.063999 0.849805 0.523197 0.02252 0.858448 0.512407 0.096183 -0.76 -0.642767 0.067791 0.997511 0.019371 0.031176 0.999339 0.018717 -0.077682 0.996859 0.015432 0.100781 0.844571 -0.525874 0.068934 0.850856 -0.520858 0.041964 0.917779 -0.394868 -0.070948 0.996557 0.042891 0.028009 0.999284 0.025444 0.127875 0.329502 -0.935455 0.104531 0.334524 -0.936572 0.365775 0.534818 -0.761695 0.33027 0.87249 -0.360115 -0.145698 0.91488 -0.37652 -0.010545 0.838111 -0.545398 0.115234 -0.356953 -0.926987 0.095376 -0.335174 -0.937316 0.460819 -0.487827 -0.741397 0.897561 0.34083 -0.279679 0.967471 -0.010906 -0.252745 0.967471 -0.010906 -0.252745 0.303291 0.818309 -0.488248 -0.342424 0.883624 -0.319305 0.096183 -0.76 -0.642767 0.063181 -0.772147 -0.632296 0.094669 -0.852886 -0.513442 0.36711 -0.849622 -0.378647 0.893847 -0.354311 -0.274776 -0.114469 -0.837333 -0.534575 -0.401538 -0.817615 -0.412641 0.33996 -0.776253 -0.530904 0.815809 -0.291026 -0.499759 0.813825 0.279292 -0.509593 -0.552544 -0.400938 -0.730715 -0.920101 -0.228332 -0.318242 -0.357531 -0.741303 -0.568015 -0.197726 -0.539694 -0.818312 0.188369 -0.561958 -0.805431 0.462475 -0.254979 -0.849178 -0.071536 -0.303074 -0.950278 -0.07021 0.319659 -0.944928 -0.335584 0.577768 -0.744021 -0.947844 0.03543 -0.31676 -0.883865 0.346153 -0.314581 -0.839337 -0.190847 -0.50901 0.97465 -0.038055 0.220477 0.97465 -0.038055 0.220477 0.97465 -0.038055 0.220476 -0.024231 -0.726945 -0.686269 0.027107 -0.650324 -0.759173 0.066197 0.011515 -0.99774 0.090383 0.742731 -0.663462 0.108679 0.993696 0.027514 0.144721 0.849522 0.507314 -0.252654 0.858639 -0.445987 -0.001439 -0.974369 0.224952 -0.001439 -0.974369 0.224952 -0.001439 -0.974369 0.224952 0.21285 0.559952 -0.800718 -0.173261 0.555802 -0.813059 -0.432787 0.233615 -0.870701 -0.778501 0.292884 -0.555116 -0.446688 -0.240201 -0.861843 0.475528 0.26789 -0.837919 0.141698 0.223704 -0.964302 -0.12809 0.227092 -0.965413 -0.133897 -0.24839 -0.959361 0.138337 -0.256292 -0.956649 -0.134524 -0.382086 -0.914283 -0.145936 0.362523 -0.920478 -0.098213 -0.765642 -0.635725 -0.11183 0.844965 -0.523 -0.085989 0.99621 0.013098 -0.088243 0.836958 0.540106 -0.094555 0.309659 0.946134 -0.085001 -0.437412 0.895235 -0.078634 -0.89133 0.446484 -0.082373 -0.968667 -0.234304 -0.098213 -0.765642 -0.635725 0.098179 -0.765664 -0.635704 0.082304 -0.968667 -0.234331 0.078602 -0.891339 0.446472 0.085005 -0.43741 0.895235 0.094584 0.309637 0.946139 0.088323 0.836946 0.540111 0.086028 0.996207 0.013069 0.11183 0.844964 -0.523001 0.145937 0.362523 -0.920478 0.13452 -0.382099 -0.914278 0.098179 -0.765664 -0.635704 -0.019457 -0.994767 0.100299 0.019084 -0.994766 0.10038 0.718983 -0.274165 0.638668 0.707984 -0.245326 0.662249 0.986019 -0.166533 -0.005787 0.084623 -0.291626 0.952782 0.042082 -0.241857 0.969399 -0.612581 -0.246686 0.750927 -0.663397 -0.169995 0.728701 -0.983611 -0.122523 0.132276 -0.995794 -0.04674 0.078803 -0.762703 0.012015 -0.646637 -0.794507 -0.071252 -0.60306 -0.025788 -0.006837 -0.999644 0.981742 -0.189886 0.011232 0.727559 -0.256873 0.63614 0.061882 -0.271833 0.960353 -0.638246 -0.154168 0.754238 -0.979273 -0.081068 0.185614 -0.830287 0.109266 -0.54652 -0.008639 -0.060466 -0.998133 0.996726 -0.076648 0.025741 0.792054 -0.443635 0.419332 -0.250609 -0.464123 0.849579 -0.687218 -0.081666 0.721847 -0.987842 0.079052 0.133862 -0.763104 0.152825 -0.627946 -0.032146 0.155543 -0.987306 0.997008 0.005507 -0.0771 0.999659 -0.018652 -0.018281 0.972646 -0.018763 0.231535 0.640691 -0.594676 0.485671 0.978737 0.181822 0.09495 0.653606 0.573356 0.494027 0.362443 0.000633 0.932006 -0.057292 -0.608645 0.791372 0.997375 0.008633 -0.071888 0.762532 0.07586 0.642487 -0.372968 0.196779 0.906737 0.400912 0.063514 0.913912 0.171975 0.908383 0.381137 -0.054053 0.59691 0.800485 0.169209 0.909382 0.379991 -0.518458 -0.009144 0.855054 -0.646618 -0.011135 0.762733 -0.750451 -0.000248 0.660926 0.997198 0.057044 -0.048404 0.710415 0.106188 0.695726 0.023367 0.075274 0.996889 -0.737743 0.089374 0.66914 0.995991 0.089419 0.002418 -0.022369 0.083504 0.996256 -0.70769 0.048714 0.704841 -0.998909 0.046707 -0.000663 -0.983944 0.08668 -0.156013 -0.999713 -0.016024 0.017806 -0.715829 0.025307 0.697816 -0.999974 -0.00442 -0.005612 -0.712734 0.052873 -0.699439 -0.744952 0.04879 -0.665332 0.837574 -0.067736 0.542108 0.837574 -0.067736 0.542108 0.837574 -0.067736 0.542108 -0.714695 -0.019934 -0.699152 -0.71849 0.010529 -0.695458 -0.013419 0.053697 -0.998467 -0.051248 0.025111 -0.99837 -0.067666 0.008064 -0.997675 -0.098833 0.22474 -0.969394 -0.011672 0.060167 -0.99812 0.707755 0.052723 -0.704488 0.679654 0.018687 -0.733294 0.714077 0.089595 -0.69431 0.736668 0.069494 -0.672674 0.75181 -0.116626 -0.648984 0.701579 0.086619 -0.707307 0.997198 0.057044 -0.048404 0.997375 0.008633 -0.071888 0.997008 0.005507 -0.0771 0.996726 -0.076648 0.025741 0.981742 -0.189886 0.011232 0.995991 0.089419 0.002418 0.986019 -0.166533 -0.005787 0.710402 -0.077291 -0.69954 -0.736574 0.049927 -0.674511 -0.710395 0.01827 -0.703566 -0.999541 0.008144 -0.029171 -0.02766 0.056189 -0.998037 0.008508 0.025023 -0.999651 0.682739 0.060884 -0.728121 0.7158 0.04908 -0.696579 0.997458 0.057332 -0.042325 0.995704 0.091263 0.015629 0.765637 0.089814 0.636972 -0.998755 0.049286 -0.007702 -0.704163 0.069363 -0.706642 0.008334 0.052775 -0.998572 0.716586 0.013771 -0.697363 0.999969 0.004961 -0.006114 0.713987 0.031899 0.699432 0.737647 0.057046 0.672772 -0.997225 0.074407 -0.002328 0.018457 0.080529 0.996581 0.021255 0.077824 0.996741 0.411301 0.197071 0.889941 -0.710438 0.09577 0.697213 -0.73265 0.069829 0.677014 -0.898331 0.16605 0.406729 -0.998755 0.049286 -0.007702 -0.999541 0.008144 -0.029171 -0.997225 0.074407 -0.002328 0.262248 0.936881 -0.231259 -0.000004 0.881107 -0.472917 -0.000002 0.990148 -0.140024 0.360074 0.81465 -0.454634 0.244147 0.697316 -0.673901 -0.000003 0.661008 -0.750379 -0.24415 0.69731 -0.673907 -0.36008 0.814647 -0.454634 -0.262253 0.936881 -0.231252 0.000007 -0.632816 -0.774302 0.777358 -0.403138 -0.482903 0.814196 -0.355483 -0.459039 0.979612 0.100566 0.173915 0.836002 0.052546 -0.546204 0.000007 -0.102272 -0.994757 0.000004 -0.605695 -0.795697 -0.814184 -0.355491 -0.459053 -0.777356 -0.40314 -0.482905 0.990318 0.070606 0.119519 0.817653 0.316294 0.481043 0.935186 0.320871 0.149899 0.64262 0.459231 0.613308 0.000009 0.556795 0.83065 0.597883 0.507183 0.620726 -0.999946 0.008729 -0.005563 -0.999946 0.008729 -0.005563 -0.999946 0.008729 -0.005563 0.329422 0.482945 0.811323 0.00001 0.603468 0.797388 -0.634173 0.463548 0.618828 -0.610169 0.439714 0.659049 -0.577099 0.510627 0.637351 0.000005 0.585865 0.810409 -0.990317 0.070615 0.119522 -0.979614 0.100565 0.173907 -0.935189 0.320858 0.149907 -0.836 0.052529 -0.54621 0.982744 0.046877 0.178934 0.882422 0.123511 -0.453956 0.625238 0.164451 0.762911 0.619581 -0.126408 0.774687 0.952051 -0.220016 0.212583 0.000004 0.204346 0.978899 -0.000023 -0.100256 0.994962 0.619567 0.075072 0.781346 -0.625229 0.164458 0.762917 -0.982744 0.046865 0.178934 -0.619549 -0.126445 0.774707 -0.820364 -0.106157 -0.561902 -0.952053 -0.220013 0.21258 -0.61951 0.075172 0.781381 -0.000054 0.094639 0.995512 -0.978377 0.022333 0.205619 -0.789771 -0.361058 -0.495882 -0.832063 -0.047889 -0.552609 -0.173229 -0.554158 -0.814187 -0.513052 -0.076413 -0.854949 0.832066 -0.047888 -0.552605 0.513061 -0.076413 -0.854944 0.518003 -0.075775 -0.852016 0.789763 -0.361071 -0.495885 0.978377 0.022334 0.205618 0.000005 -0.699943 -0.714198 0.43711 -0.617187 -0.654229 0.000003 0.374271 -0.927319 0.712939 -0.256501 0.65263 0.984061 -0.168545 -0.056717 0.985218 -0.170789 -0.013294 0.705724 -0.258066 0.659815 0.036489 -0.259282 0.965112 0.014602 -0.261571 0.965074 -0.66784 -0.194529 0.718434 -0.70083 -0.192155 0.68696 -0.995189 -0.075979 0.061861 -0.997111 -0.075859 -0.00397 -0.743223 -0.021018 -0.668714 -0.715626 -0.02795 -0.697924 0.000221 -1 -0.000055 0.000221 -1 -0.000055 0.000221 -1 -0.000055 -0.000221 1 0.000055 -0.000221 1 0.000055 -0.000221 1 0.000055 0.699521 -0.087684 -0.709212 -0.025104 -0.03058 -0.999217 -0.040893 -0.033181 -0.998613 0.985218 -0.170789 -0.013294 0.984061 -0.168545 -0.056717 0.666927 -0.089468 -0.739733 -0.985491 -0.166594 0.03245 -0.682028 -0.244907 0.689099 -0.690909 -0.274386 0.668848 -0.980281 -0.190292 0.053271 -0.699566 -0.257159 0.666691 -0.994676 -0.077135 0.068333 -0.043671 -0.291475 0.955581 -0.004697 -0.241352 0.970426 -0.020649 -0.271751 0.962146 -0.867216 -0.259723 0.424831 -0.999395 0.005019 -0.034405 0.644299 -0.246328 0.724017 0.690948 -0.1696 0.702728 0.669972 -0.15377 0.726287 0.717492 -0.081242 0.691812 0.28694 -0.463906 0.838127 0.988406 -0.122093 0.090257 0.998076 -0.04683 0.040638 0.986355 -0.080572 0.143566 0.992625 0.079551 0.091475 0.778025 0.000197 0.628233 0.737213 0.011611 -0.675561 0.767983 -0.070734 -0.636552 0.806273 0.109611 -0.5813 0.735477 0.153033 -0.660041 0.999622 -0.015906 -0.022407 -0.012784 -0.00738 -0.999891 -0.033921 -0.060531 -0.99759 -0.009989 0.155398 -0.987801 0.057182 0.224639 -0.972763 0.684162 -0.019699 -0.729064 -0.736805 -0.077836 -0.67161 -0.77879 -0.11698 -0.616281 -0.764785 0.069059 -0.640574 -0.743152 0.089155 -0.663156 0.024949 0.007939 -0.999657 -0.985491 -0.166594 0.03245 -0.980281 -0.190292 0.053271 -0.994676 -0.077135 0.068333 -0.999395 0.005019 -0.034405 0.678647 -0.010739 0.734386 0.046115 0.668667 0.74213 -0.153257 0.909346 0.386785 -0.155059 0.908683 0.387624 0.153257 -0.909346 -0.386786 0.153257 -0.909346 -0.386785 0.153257 -0.909346 -0.386785 0.554533 -0.008783 0.832115 0.091405 -0.608516 0.78826 -0.619056 -0.59492 0.512679 -0.154474 -0.912859 0.377924 -0.999517 -0.019133 0.024489 -0.961848 -0.019191 0.272911 -0.632171 0.573097 0.521459 -0.322288 0.000598 0.946641 -0.984977 -0.170952 0.024413 -0.985421 -0.16896 -0.019926 -0.687846 -0.256174 0.679149 -0.679778 -0.257932 0.686566 0.072446 -0.253478 0.964624 0.10254 -0.253489 0.961888 0.66096 -0.198453 0.723705 -0.365353 0.216535 -0.905334 -0.365353 0.216535 -0.905334 -0.365353 0.216535 -0.905334 0.726707 -0.191723 0.659651 0.997049 -0.061189 -0.046358 0.991288 -0.055959 -0.119236 0.692004 -0.014408 -0.72175 -0.939199 -0.004186 0.343347 -0.939199 -0.004186 0.343347 -0.618876 -0.003361 0.785481 0.622192 -0.020728 -0.78259 0.030635 -0.027389 -0.999155 -0.381573 -0.002546 0.924335 0.166991 0.039254 0.985177 0.002877 -0.033679 -0.999429 -0.694242 -0.090275 -0.714058 -0.726079 -0.088174 -0.681934 0.407477 0.054826 0.911568 0.407477 0.054826 0.911568 -0.985421 -0.16896 -0.019926 -0.984977 -0.170952 0.024413 0.983164 -0.085816 0.161321 0.999315 -0.034158 -0.014268 0.912915 0.392667 0.111349 0.976654 0.018317 0.214038 0.777079 -0.092405 0.622583 0.85994 -0.455239 0.230783 0.490353 -0.569947 0.659329 0.451715 -0.828159 0.331823 0.000000 -0.938589 0.345037 0.052223 0.858285 0.510509 0.304458 0.81571 0.491857 0.332404 0.922057 0.19829 0.065693 0.439941 0.895621 0.210011 0.090016 0.973546 0 0.425244 0.905079 0 0.48498 0.874525 0 -0.957729 0.287671 -0.494662 -0.816628 0.29737 -0.451718 -0.828154 0.331831 0.213833 0.946704 0.24089 -0.384861 0.896299 0.220294 -0.45548 0.780184 0.428779 -0.502418 0.54404 0.672009 -0.686928 0.612393 0.391287 0.686928 0.612393 0.391287 0.455478 0.780185 0.428779 -0.129464 0.151591 0.979928 -0.294582 0.025068 0.955297 -0.597724 0.774288 0.207857 0.597715 0.774296 0.207855 0.384852 0.896304 0.220292 -0.052225 0.858285 0.510509 0.41871 0.590921 0.689561 -0.777082 -0.092414 0.622578 -0.498974 0.181506 0.847396 -0.859944 -0.455227 0.230793 -0.213833 0.946704 0.24089 -0.900025 0.419998 0.116433 -0.323328 0.796942 0.510237 -0.983163 -0.085826 0.161319 -0.985037 -0.008119 0.172153 -0.999314 -0.034175 -0.014272 -0.576836 0.806832 0.1276 -0.583323 0.803639 0.117895 -0.580231 0.805181 0.12254 -0.955802 -0.189478 0.224811 -0.966018 -0.108458 0.234619 -0.966839 -0.110858 0.230072 0.151474 -0.045928 0.987394 0.153749 -0.045451 0.987064 0.139403 -0.040768 0.989396 -0.573607 0.808363 0.132378 -0.430347 -0.899553 0.074872 -0.436226 -0.894992 0.09326 -0.433013 -0.897544 0.083151 -0.426996 -0.901942 0.064608 -0.955745 0.163267 0.244735 -0.967379 0.082499 0.239524 -0.967903 0.081644 0.237694 -0.959227 0.15056 0.239199 -0.912126 0.322963 0.252431 -0.954256 -0.203562 0.218995 -0.907362 -0.360504 0.216175 0.153618 -0.046906 0.987016 -0.899469 -0.38466 0.207347 -0.767626 -0.60631 0.2077 0.153327 -0.046863 0.987064 -0.735941 -0.648148 0.195691 -0.280876 -0.942714 0.179996 0.153469 -0.046861 0.987042 -0.226712 -0.959067 0.169681 0.479169 -0.872593 0.094755 0.153635 -0.046863 0.987016 0.465184 -0.87919 0.103092 0.848778 -0.527288 0.039286 0.15371 -0.046859 0.987004 0.831599 -0.552792 0.053515 0.949298 -0.312633 0.03307 0.153689 -0.04686 0.987007 0.943148 -0.329599 0.042838 0.982751 -0.180408 0.040658 0.153753 -0.046844 0.986998 0.980784 -0.189502 0.046389 0.995342 -0.082445 0.049979 0.153732 -0.046851 0.987001 0.9949 -0.086112 0.052527 0.998357 0.003445 0.057202 0.153745 -0.046852 0.986999 0.998362 0.004177 0.057055 0.993901 0.091131 0.062094 0.153744 -0.046862 0.986999 0.993561 0.096365 0.059578 0.978408 0.195411 0.067327 0.153713 -0.046849 0.987004 0.976387 0.206701 0.062796 0.936148 0.342238 0.080627 0.153723 -0.04685 0.987003 0.928784 0.362937 0.075078 0.798483 0.589274 0.123214 0.153732 -0.046851 0.987001 0.153724 -0.046851 0.987002 0.153731 -0.04685 0.987001 0.153746 -0.046851 0.986999 0.153707 -0.046855 0.987005 0.155969 -0.045717 0.986703 0.165756 -0.040731 0.985325 0.7774 0.61759 0.1193 0.307283 0.92494 0.223747 0.307041 0.926101 0.219234 -0.45094 0.849429 0.274086 -0.390458 0.876878 0.280408 -0.819833 0.514033 0.252278 -0.790751 0.551115 0.266432 -0.922245 0.301555 0.241926 0.580231 0.805181 0.122539 0.583323 0.803639 0.117895 0.576836 0.806832 0.127599 0.966839 -0.110858 0.230072 0.966018 -0.108458 0.234619 0.955802 -0.189478 0.224811 0.954256 -0.203562 0.218995 0.907362 -0.360504 0.216175 0.899469 -0.38466 0.207347 0.767638 -0.606294 0.207699 0.735946 -0.648145 0.195685 0.573607 0.808363 0.132378 -0.139403 -0.040768 0.989396 -0.153749 -0.045452 0.987064 -0.151474 -0.045928 0.987394 -0.153618 -0.046906 0.987016 -0.153406 -0.046872 0.987051 -0.15345 -0.04687 0.987044 0.280898 -0.942707 0.18 0.226706 -0.95907 0.169676 -0.479169 -0.872591 0.094776 -0.465191 -0.879185 0.103109 -0.848764 -0.527307 0.039321 -0.831595 -0.552795 0.053539 0.433013 -0.897544 0.083151 0.436225 -0.894992 0.09326 0.430347 -0.899553 0.074872 0.426996 -0.901942 0.064608 -0.155969 -0.045717 0.986703 -0.165756 -0.040731 0.985325 -0.153764 -0.046839 0.986997 -0.153685 -0.046851 0.987009 -0.153732 -0.046851 0.987001 -0.153724 -0.046851 0.987002 -0.153723 -0.04685 0.987003 -0.153713 -0.046849 0.987004 -0.153744 -0.046862 0.986999 -0.153745 -0.046852 0.986999 -0.153732 -0.046851 0.987001 -0.153716 -0.046863 0.987003 -0.15374 -0.046857 0.987 -0.153725 -0.046858 0.987002 -0.153573 -0.046867 0.987025 0.967903 0.081644 0.237694 0.967379 0.082499 0.239524 0.955745 0.163267 0.244735 0.959227 0.15056 0.239199 0.912126 0.322963 0.252431 0.922244 0.301556 0.241929 0.790747 0.551116 0.26644 0.81983 0.514034 0.252285 0.390458 0.876876 0.280411 0.450941 0.849429 0.274085 -0.307072 0.926088 0.219242 -0.307281 0.92494 0.22375 -0.77741 0.617576 0.119305 -0.798483 0.589274 0.123214 -0.928784 0.362937 0.075078 -0.936148 0.342237 0.080627 -0.976387 0.206701 0.062796 -0.978408 0.195411 0.067327 -0.993561 0.096365 0.059578 -0.993901 0.091131 0.062094 -0.998362 0.004177 0.057055 -0.998357 0.003445 0.057202 -0.9949 -0.086112 0.052527 -0.995342 -0.082445 0.049979 -0.980784 -0.189502 0.046389 -0.982751 -0.180408 0.040659 -0.943148 -0.3296 0.042839 -0.949295 -0.312643 0.033081 -0.153701 -0.046852 0.987006</float_array>
          <technique_common>
            <accessor source="#GeometrySource1-array" count="2313" stride="3">
              <param name="X" type="float"/>
              <param name="Y" type="float"/>
              <param name="Z" type="float"/>
            </accessor>
          </technique_common>
        </source>
        <source id="GeometrySource2" name="0000_Mesh_001UV">
          <float_array id="GeometrySource2-array" count="4626">0.29642 -0.99263 0.30475 -0.98554 0.30372 -0.99655 0.31044 -0.99475 0.31129 -0.98605 0.31342 -0.99526 0.31331 -0.9869 0.34001 -0.98988 0.33906 -0.99627 0.30771 -0.94875 0.31174 -0.94949 0.31576 -0.95022 0.33992 -0.96289 0.36376 -0.9902 0.34001 -0.98988 0.33992 -0.96289 0.36406 -0.99635 0.37571 -0.99646 0.29112 -0.94619 0.33966 -0.93901 0.42579 -0.94303 0.4067 -0.95486 0.40649 -0.93581 0.38709 -0.95684 0.38714 -0.93613 0.37416 -0.95874 0.37428 -0.93685 0.36307 -0.93748 0.43074 -0.98542 0.40393 -0.99216 0.38692 -0.99102 0.37604 -0.99063 0.36332 -0.96033 0.33966 -0.93901 0.29642 -0.99263 0.29033 -0.998 0.30372 -0.99655 0.30475 -0.98554 0.30771 -0.94875 0.29112 -0.94619 0.31044 -0.99475 0.31129 -0.98605 0.31174 -0.94949 0.31342 -0.99526 0.31331 -0.9869 0.31576 -0.95022 0.34001 -0.98988 0.33992 -0.96289 0.33966 -0.93901 0.33906 -0.99627 0.36376 -0.9902 0.33992 -0.96289 0.36332 -0.96033 0.33966 -0.93901 0.36307 -0.93748 0.36406 -0.99635 0.37571 -0.99646 0.37604 -0.99063 0.37416 -0.95874 0.37428 -0.93685 0.38692 -0.99102 0.38709 -0.95684 0.38714 -0.93613 0.38182 -0.99569 0.40393 -0.99216 0.4067 -0.95486 0.40649 -0.93581 0.40222 -0.99668 0.43074 -0.98542 0.42579 -0.94303 0.42693 -0.99691 0.77453 -0.71023 0.77141 -0.71395 0.77012 -0.70317 0.75062 -0.74785 0.74409 -0.74744 0.75758 -0.70013 0.77465 -0.70105 0.78059 -0.71158 0.75714 -0.74825 0.76913 -0.76746 0.76433 -0.77954 0.75953 -0.79163 0.72899 -0.81948 0.73225 -0.74495 0.73606 -0.67793 0.78579 -0.77986 0.78744 -0.79189 0.75939 -0.82888 0.75917 -0.90465 0.70213 -0.9047 0.69901 -0.81967 0.78414 -0.76783 0.80775 -0.7801 0.8171 -0.79201 0.78787 -0.82768 0.81773 -0.90481 0.81802 -0.99758 0.75874 -0.99756 0.81769 -0.82642 0.8433 -0.8149 0.78159 -0.70294 0.77368 -0.69187 0.78764 -0.68815 0.77363 -0.65183 0.78788 -0.65167 0.75931 -0.62531 0.81726 -0.626 0.75937 -0.652 0.70449 -0.62508 0.70298 -0.56721 0.75914 -0.57724 0.81704 -0.57759 0.70266 -0.9975 0.64769 -0.97099 0.63634 -0.90652 0.64442 -0.83425 0.67271 -0.76253 0.70283 -0.7409 0.64578 -0.99721 0.64769 -0.97099 0.64578 -0.99721 0.70266 -0.9975 0.70213 -0.9047 0.63634 -0.90652 0.75874 -0.99756 0.75917 -0.90465 0.72899 -0.81948 0.69901 -0.81967 0.64442 -0.83425 0.81802 -0.99758 0.81773 -0.90481 0.78787 -0.82768 0.75939 -0.82888 0.75953 -0.79163 0.74409 -0.74744 0.73225 -0.74495 0.87226 -0.99768 0.87205 -0.90479 0.8433 -0.8149 0.81769 -0.82642 0.8171 -0.79201 0.78744 -0.79189 0.87127 -0.81403 0.87126 -0.74044 0.8424 -0.73972 0.81231 -0.74359 0.80775 -0.7801 0.84462 -0.67463 0.81453 -0.69531 0.87205 -0.90479 0.87226 -0.99768 0.87125 -0.62749 0.81726 -0.626 0.87124 -0.57788 0.81697 -0.50101 0.759 -0.50046 0.70286 -0.50046 0.64171 -0.50245 0.63411 -0.53484 0.6767 -0.59617 0.7043 -0.66588 0.68754 -0.67468 0.68263 -0.73794 0.67271 -0.76253 0.70283 -0.7409 0.68263 -0.73794 0.7043 -0.66588 0.68754 -0.67468 0.73599 -0.67793 0.70449 -0.62508 0.6767 -0.59617 0.75758 -0.70013 0.75937 -0.652 0.75931 -0.62531 0.70298 -0.56721 0.77012 -0.70317 0.77465 -0.70105 0.77368 -0.69187 0.77363 -0.65183 0.75062 -0.74785 0.77141 -0.71395 0.77453 -0.71023 0.78059 -0.71158 0.78159 -0.70294 0.78764 -0.68815 0.76433 -0.77954 0.76913 -0.76746 0.75714 -0.74825 0.78579 -0.77986 0.78414 -0.76783 0.79839 -0.76819 0.77447 -0.74082 0.79125 -0.74426 0.78415 -0.71919 0.79661 -0.71195 0.78788 -0.65167 0.81704 -0.57759 0.75914 -0.57724 0.82039 -0.6523 0.87123 -0.50046 0.81697 -0.50101 0.759 -0.50046 0.70286 -0.50046 0.64171 -0.50245 0.63411 -0.53484 0.87121 -0.31437 0.87151 -0.36268 0.81694 -0.36282 0.90726 -0.31437 0.90737 -0.36277 0.87394 -0.31435 0.87389 -0.36302 0.81692 -0.31442 0.7588 -0.36267 0.87093 -0.30033 0.90737 -0.30006 0.75874 -0.31437 0.70293 -0.3627 0.81684 -0.30033 0.70294 -0.31437 0.63916 -0.36166 0.7589 -0.30093 0.90735 -0.36277 0.90726 -0.31437 0.87122 -0.36262 0.87121 -0.31437 0.81694 -0.36282 0.81692 -0.31442 0.7588 -0.36267 0.75874 -0.31437 0.70293 -0.3627 0.70294 -0.31437 0.63916 -0.36166 0.87392 -0.29997 0.90737 -0.30006 0.87093 -0.30033 0.81684 -0.30033 0.7589 -0.30093 0.70316 -0.30033 0.63977 -0.31513 0.54757 -0.31515 0.54485 -0.36609 0.64 -0.3022 0.54797 -0.30216 0.46127 -0.31502 0.4611 -0.36747 0.46103 -0.30236 0.54797 -0.30216 0.54757 -0.31515 0.54485 -0.36609 0.64 -0.3022 0.63977 -0.31513 0.70316 -0.30033 1.97828 -0.35262 1.96547 -0.36208 1.97778 -0.47728 1.95461 -0.38902 1.94232 -0.42933 1.93826 -0.47689 1.94232 -0.5256 1.95461 -0.56476 1.96547 -0.5917 1.97828 -0.60116 1.96547 -0.5917 1.95461 -0.56476 1.94232 -0.5256 1.93826 -0.47689 1.94232 -0.42933 1.95461 -0.38902 1.96547 -0.36208 1.99114 -0.95745 1.99281 -0.95745 1.99281 -0.90368 1.99114 -0.90368 1.96891 -0.90368 1.96891 -0.9889 1.96347 -0.9889 1.96348 -0.72404 1.96891 -0.72416 1.99281 -0.81392 1.99114 -0.81392 1.96891 -0.81392 1.96355 -0.90364 1.93559 -0.90344 1.93572 -0.98973 1.99281 -0.72416 1.99114 -0.72416 1.96891 -0.72416 1.96361 -0.81376 1.93549 -0.8135 1.99281 -0.64105 1.99114 -0.64105 1.96891 -0.64105 1.96364 -0.72405 1.93512 -0.72459 1.99114 -0.72416 1.96891 -0.72416 1.96364 -0.72405 1.96593 -0.64132 1.93455 -0.64158 1.99281 -0.72416 1.99114 -0.81392 1.96891 -0.81392 1.96361 -0.81376 1.93512 -0.72459 1.99281 -0.81392 1.99114 -0.90368 1.96891 -0.90368 1.96355 -0.90364 1.93549 -0.8135 1.99281 -0.90368 1.99114 -0.95745 1.96891 -0.9889 1.96347 -0.9889 1.93559 -0.90344 1.99281 -0.95745 1.93572 -0.98973 1.96348 -0.72404 1.96891 -0.72416 1.96362 -0.81376 1.93573 -0.72546 1.93466 -0.64159 1.9657 -0.64131 1.96891 -0.81392 1.96373 -0.90364 1.93555 -0.81592 1.99114 -0.72416 1.99114 -0.81392 1.96891 -0.90368 1.96371 -0.9889 1.93581 -0.90282 1.99114 -0.64105 1.99281 -0.64105 1.99281 -0.72416 1.99281 -0.81392 1.99114 -0.90368 1.99281 -0.81392 1.99114 -0.81392 1.99114 -0.90368 1.96891 -0.9889 1.96891 -0.64105 1.99281 -0.90368 1.99114 -0.95745 1.99114 -0.90368 1.96891 -0.90368 1.99281 -0.95745 1.99281 -0.90368 1.99281 -0.81392 1.99114 -0.81392 1.96891 -0.81392 1.96373 -0.90364 1.93581 -0.90282 1.93597 -0.98934 1.99281 -0.72416 1.99114 -0.72416 1.96362 -0.81376 1.93555 -0.81592 1.99281 -0.64105 1.99114 -0.64105 1.96891 -0.64105 1.93573 -0.72546 1.93466 -0.64159 1.9657 -0.64131 0.27775 -0.75068 0.26346 -0.75108 0.26318 -0.74702 0.27798 -0.75399 0.26369 -0.75438 0.27805 -0.75494 0.26376 -0.75533 0.27797 -0.75378 0.26368 -0.75417 0.27747 -0.74663 0.27632 -0.76036 0.27222 -0.75766 0.26886 -0.7527 0.26789 -0.74787 0.26279 -0.74146 0.27708 -0.74107 0.2819 -0.76157 0.25863 -0.80085 0.24164 -0.7895 0.22782 -0.76881 0.22384 -0.74877 0.27747 -0.74663 0.27632 -0.76036 0.25863 -0.80085 0.2819 -0.80593 0.24474 -0.83773 0.21324 -0.81669 0.26318 -0.74702 0.27775 -0.75068 0.27222 -0.75766 0.24164 -0.7895 0.21324 -0.81669 0.24474 -0.83773 0.2819 -0.84513 0.26346 -0.75108 0.27798 -0.75399 0.26886 -0.7527 0.22782 -0.76881 0.19219 -0.78518 0.26369 -0.75438 0.27805 -0.75494 0.26789 -0.74787 0.22384 -0.74877 0.1848 -0.74802 0.22869 -0.72437 0.19219 -0.71087 0.26376 -0.75533 0.27797 -0.75378 0.26907 -0.74198 0.26368 -0.75417 0.27778 -0.75107 0.27183 -0.73791 0.24004 -0.70738 0.21324 -0.67936 0.26186 -0.69333 0.24474 -0.65831 0.2819 -0.65092 0.26349 -0.75146 0.27741 -0.74586 0.27709 -0.73456 0.26312 -0.74625 0.27708 -0.74107 0.2819 -0.73362 0.2819 -0.68935 0.26186 -0.69333 0.24474 -0.65831 0.21324 -0.67936 0.26279 -0.74146 0.26312 -0.74625 0.27741 -0.74586 0.27709 -0.73456 0.27183 -0.73791 0.24004 -0.70738 0.19219 -0.71087 0.22869 -0.72437 0.1848 -0.74802 0.26349 -0.75146 0.27778 -0.75107 0.26907 -0.74198 0.19219 -0.78518 0.00954 -0.10179 0.01154 -0.0305 0.05231 -0.03074 0.04948 -0.10179 0.05148 -0.0305 0.11473 -0.10826 0.11473 -0.0305 0.16876 -0.10826 0.17001 -0.01493 0.02892 -0.10399 0.03216 -0.16999 0.01461 -0.17479 0.05102 -0.17251 0.10631 -0.17602 0.15071 -0.16649 0.0465 -0.1002 0.05268 -0.17599 0.03877 -0.24945 0.01996 -0.24811 0.05837 -0.24248 0.09653 -0.24197 0.0531 -0.03037 0.11371 -0.03109 0.11215 -0.09952 0.10652 -0.17494 0.09816 -0.24037 0.05422 -0.24088 0.01541 -0.03109 0.16784 -0.01691 0.16873 -0.10214 0.15019 -0.15809 0.14979 -0.19919 0.14032 -0.25015 0.16017 -0.22716 0.20946 -0.01129 0.20809 -0.09605 0.19313 -0.14451 0.18787 -0.17869 0.19408 -0.21602 0.15275 -0.20932 0.20403 -0.10168 0.20242 -0.009519 0.25718 -0.07811 0.25718 -0.009519 0.30681 -0.08247 0.31341 -0.009519 0.19034 -0.15402 0.23702 -0.13266 0.30089 -0.14248 0.34349 -0.1221 0.34655 -0.09284 0.35715 -0.00985 0.18656 -0.18994 0.23332 -0.16365 0.30976 -0.17208 0.352 -0.15494 0.36128 -0.09922 0.36921 -0.01002 0.23891 -0.20561 0.33788 -0.21094 0.37863 -0.18696 0.39219 -0.10541 0.23216 -0.16438 0.31144 -0.17109 0.34883 -0.15516 0.3915 -0.1042 0.42794 -0.10578 0.23652 -0.13337 0.30431 -0.14316 0.34068 -0.12586 0.36388 -0.09808 0.40167 -0.009769 0.42142 -0.009769 0.25491 -0.0782 0.30501 -0.08351 0.34186 -0.09141 0.37325 -0.009559 0.25634 -0.01032 0.31169 -0.00927 0.34941 -0.00917 0.40344 -0.01004 0.01154 -0.007279 0.05259 -0.007719 0.05148 -0.007279 0.11473 -0.007279 0.01541 -0.008099 0.05239 -0.008099 0.11442 -0.008099 0.20242 -0.009519 0.20946 -0.01129 0.16784 -0.01691 0.17001 -0.01493 0.31169 -0.00927 0.31341 -0.009519 0.35715 -0.00985 0.40344 -0.01004 0.40167 -0.009769 0.37325 -0.009559 0.34941 -0.00917 0.36921 -0.01002 0.17486 -0.0372 0.17649 -0.03618 0.18099 -0.02043 0.17666 -0.01785 0.15766 -0.03816 0.16799 -0.03895 0.17 -0.01508 0.16048 -0.01267 0.14761 -0.03254 0.15454 -0.01432 0.11609 -0.01069 0.11256 -0.01977 0.1199 -0.02691 0.12783 -0.00751 0.13752 -0.01242 0.13151 -0.02713 0.13752 -0.01242 0.13151 -0.02713 0.13151 -0.02713 0.13752 -0.01242 0.14796 -0.01437 0.13752 -0.01242 0.13151 -0.02713 0.14166 -0.03014 1.08617 -0.1368 1.08656 -0.13706 1.06118 -0.11942 1.06124 -0.11946 1.08617 -0.13659 1.06124 -0.11938 1.08617 -0.13659 1.06124 -0.11938 1.03307 -0.09992 1.03307 -0.09992 1.03307 -0.09992 1.03307 -0.09992 1.03307 -0.09992 1.00652 -0.09992 1.00652 -0.09992 1.00652 -0.10951 1.03295 -0.09966 1.00652 -0.09989 1.00652 -0.10951 1.00652 -0.12661 1.00652 -0.12661 1.00652 -0.13659 1.00652 -0.13659 1.03307 -0.13659 1.00626 -0.09984 1.00652 -0.10942 1.00652 -0.12655 1.00652 -0.13659 1.03307 -0.13659 1.00652 -0.10951 1.00652 -0.1267 1.00647 -0.13668 1.03307 -0.13659 1.03307 -0.13659 0.00479 -0.275 0.01669 -0.24905 0.08511 -0.24816 0.0852 -0.275 0.0852 -0.29758 0.00479 -0.29758 0.00479 -0.31789 0.0852 -0.31789 0.02259 -0.33368 0.12276 -0.24799 0.17189 -0.27405 0.17189 -0.29758 0.17189 -0.31694 0.15776 -0.33377 0.08768 -0.33371 0.19375 -0.27405 0.17189 -0.27405 0.19375 -0.29758 0.19375 -0.31694 0.1761 -0.33382 0.14901 -0.34094 0.08849 -0.34237 0.14032 -0.25015 0.13023 -0.24892 0.14962 -0.27494 0.14962 -0.29774 0.14962 -0.3165 0.14136 -0.33295 0.13752 -0.34014 0.16787 -0.34119 0.06529 -0.24984 0.06069 -0.27586 0.06069 -0.29774 0.06069 -0.31742 0.06918 -0.33262 0.07576 -0.34061 0.0325 -0.34078 0.0212 -0.33272 0.01996 -0.24811 0.00279 -0.27586 0.00279 -0.29774 0.06069 -0.31742 0.06069 -0.27586 0.06069 -0.29774 0.06069 -0.27586 0.06069 -0.31742 0.06069 -0.29774 0.00279 -0.31742 0.03877 -0.24945 0.04445 -0.27562 0.04459 -0.29782 0.04454 -0.31213 0.03047 -0.33244 0.036 -0.34211 0.12727 0.23527 0.12727 0.28188 0.12727 0.32333 0.12727 0.23569 0.12727 0.32114 0.12727 0.23348 0.12727 0.31909 0.12695 0.23042 0.12827 0.31645 0.05798 0.27624 0.12727 0.23781 0.12727 0.32504 0.12727 0.27697 0.12727 0.23465 0.12727 0.32217 0.12727 0.23266 0.12727 0.32002 0.12573 0.23104 0.12683 0.31616 0.06147 0.27608 0.03072 -0.03109 0.01154 -0.0305 0.00954 -0.10179 0.02892 -0.10399 0.0531 -0.03037 0.04948 -0.10179 0.05148 -0.0305 0.05102 -0.17251 0.01461 -0.17479 0.03216 -0.16999 0.0465 -0.1002 0.11473 -0.0305 0.11473 -0.10826 0.10631 -0.17602 0.09653 -0.24197 0.05837 -0.24248 0.01996 -0.24811 0.03877 -0.24945 0.16876 -0.10826 0.15071 -0.16649 0.15275 -0.20932 0.16017 -0.22716 0.14032 -0.25015 0.14979 -0.19919 0.09816 -0.24037 0.17001 -0.01493 0.20403 -0.10168 0.19034 -0.15402 0.18656 -0.18994 0.19408 -0.21602 0.18787 -0.17869 0.20242 -0.009519 0.25718 -0.07811 0.23702 -0.13266 0.23332 -0.16365 0.23891 -0.20561 0.20946 -0.01129 0.16784 -0.01691 0.16873 -0.10214 0.20809 -0.09605 0.25634 -0.01032 0.25491 -0.0782 0.31169 -0.00927 0.11215 -0.09952 0.15019 -0.15809 0.19313 -0.14451 0.23652 -0.13337 0.30501 -0.08351 0.25491 -0.0782 0.30501 -0.08351 0.20809 -0.09605 0.11371 -0.03109 0.10652 -0.17494 0.23216 -0.16438 0.31144 -0.17109 0.30431 -0.14316 0.34186 -0.09141 0.34941 -0.00917 0.33788 -0.21094 0.34883 -0.15516 0.34068 -0.12586 0.36388 -0.09808 0.37325 -0.009559 0.30976 -0.17208 0.37863 -0.18696 0.3915 -0.1042 0.40167 -0.009769 0.30089 -0.14248 0.34349 -0.1221 0.352 -0.15494 0.39219 -0.10541 0.42794 -0.10578 0.42142 -0.009769 0.30681 -0.08247 0.34655 -0.09284 0.36128 -0.09922 0.36921 -0.01002 0.40344 -0.01004 0.25718 -0.009519 0.31341 -0.009519 0.35715 -0.00985 0.05268 -0.17599 0.05422 -0.24088 0.01154 -0.007279 0.05259 -0.007719 0.01541 -0.008099 0.05239 -0.008099 0.05148 -0.007279 0.11473 -0.007279 0.20242 -0.009519 0.17001 -0.01493 0.16784 -0.01691 0.20946 -0.01129 0.11442 -0.008099 0.37325 -0.009559 0.40167 -0.009769 0.40344 -0.01004 0.36921 -0.01002 0.31169 -0.00927 0.34941 -0.00917 0.35715 -0.00985 0.17486 -0.0372 0.17666 -0.01785 0.18099 -0.02043 0.17649 -0.03618 0.16799 -0.03895 0.17 -0.01508 0.15766 -0.03816 0.16048 -0.01267 0.14761 -0.03254 0.15454 -0.01432 0.1199 -0.02691 0.11256 -0.01977 0.11609 -0.01069 0.12783 -0.00751 0.13752 -0.01242 0.13151 -0.02713 0.13151 -0.02713 0.13151 -0.02713 0.13752 -0.01242 0.13752 -0.01242 0.13151 -0.02713 0.13752 -0.01242 0.14796 -0.01437 0.14166 -0.03014 1.00652 -0.10942 1.00652 -0.10951 1.00626 -0.09984 1.00652 -0.1267 1.00652 -0.12655 1.00647 -0.13668 1.00652 -0.13659 1.03307 -0.13659 1.03307 -0.13659 0.08511 -0.24816 0.01669 -0.24905 0.00479 -0.275 0.0852 -0.275 0.12276 -0.24799 0.17189 -0.27405 0.19375 -0.27405 0.14032 -0.25015 0.13023 -0.24892 0.0852 -0.29758 0.17189 -0.29758 0.19375 -0.29758 0.19375 -0.27405 0.14962 -0.27494 0.06529 -0.24984 0.06069 -0.27586 0.01996 -0.24811 0.00479 -0.29758 0.00479 -0.31789 0.0852 -0.31789 0.17189 -0.31694 0.19375 -0.31694 0.14962 -0.29774 0.06069 -0.29774 0.02259 -0.33368 0.08768 -0.33371 0.15776 -0.33377 0.1761 -0.33382 0.14136 -0.33295 0.14962 -0.3165 0.036 -0.34211 0.08849 -0.34237 0.14901 -0.34094 0.0325 -0.34078 0.03047 -0.33244 0.00279 -0.31742 0.04454 -0.31213 0.04459 -0.29782 0.00279 -0.29774 0.06069 -0.31742 0.0212 -0.33272 0.06918 -0.33262 0.07576 -0.34061 0.00279 -0.27586 0.04445 -0.27562 0.03877 -0.24945 0.13752 -0.34014 1.06118 -0.11942 1.08656 -0.13706 1.08617 -0.1368 1.06124 -0.11946 1.03307 -0.09992 1.03295 -0.09966 1.00652 -0.09989 1.08617 -0.13659 1.06124 -0.11938 1.03307 -0.09992 1.00652 -0.09992 1.00652 -0.10951 1.00652 -0.12661 1.00652 -0.13659 1.03307 -0.13659 0.16787 -0.34119 1.08617 -0.13659 1.06124 -0.11938 1.03307 -0.09992 1.03307 -0.09992 1.00652 -0.09992 1.00652 -0.10951 1.00652 -0.12661 1.00652 -0.13659 1.03307 -0.13659 0.29138 -0.92004 0.30645 -0.91676 0.30615 -0.85064 0.29464 -0.8505 0.31118 -0.91702 0.31108 -0.8507 0.31167 -0.78216 0.30732 -0.78345 0.29421 -0.78732 0.31591 -0.91727 0.31601 -0.85076 0.31602 -0.78087 0.33924 -0.91301 0.33881 -0.85081 0.33514 -0.78285 0.36297 -0.91167 0.36265 -0.85017 0.36251 -0.78042 0.33514 -0.78285 0.37441 -0.91118 0.37415 -0.85065 0.38712 -0.91062 0.38652 -0.85116 0.3727 -0.77877 0.40565 -0.91034 0.40383 -0.85134 0.42566 -0.91597 0.4134 -0.85131 0.415 -0.79315 0.40548 -0.79291 0.4268 -0.85097 0.43108 -0.78642 0.38641 -0.78578 0.42533 -0.77917 0.41446 -0.7859 0.40548 -0.79291 0.40754 -0.78573 0.39596 -0.7793 0.42518 -0.75283 0.41954 -0.75478 0.4164 -0.77247 0.41128 -0.77824 0.40584 -0.77814 0.40127 -0.77248 0.43121 -0.74998 0.41524 -0.73921 0.41434 -0.74361 0.41413 -0.74855 0.41387 -0.75272 0.41633 -0.75436 0.41318 -0.77213 0.43131 -0.72745 0.41491 -0.72528 0.40676 -0.7395 0.40794 -0.74373 0.40676 -0.7395 0.40866 -0.7485 0.40882 -0.75286 0.4153 -0.68974 0.40647 -0.68987 0.40651 -0.72539 0.38657 -0.72694 0.3865 -0.7494 0.39579 -0.75299 0.43147 -0.69211 0.38669 -0.69182 0.37427 -0.69212 0.37439 -0.72723 0.37468 -0.75159 0.36241 -0.69247 0.36252 -0.72754 0.3626 -0.75383 0.33538 -0.69295 0.33527 -0.72819 0.33518 -0.75615 0.31597 -0.69258 0.31598 -0.72796 0.31599 -0.75422 0.31097 -0.6924 0.31085 -0.72785 0.31087 -0.75328 0.30575 -0.75235 0.30597 -0.6922 0.30573 -0.72774 0.2919 -0.69443 0.29201 -0.73015 0.29208 -0.75292 0.4044 -0.75478 0.40748 -0.75434 0.40914 -0.75705 0.40434 -0.77207 0.40587 -0.77078 0.41153 -0.77074 0.41476 -0.75716 0.40601 -0.77394 0.41129 -0.77407 0.87123 -0.50046 0.90727 -0.50077 0.87197 -0.42296 0.90754 -0.42337 0.87367 -0.50189 0.87381 -0.42414 0.90749 -0.42338 0.90727 -0.50077 0.81695 -0.42291 0.7589 -0.42226 0.70289 -0.42197 0.63821 -0.42296 0.5387 -0.50129 0.54087 -0.42371 0.87122 -0.42279 0.81695 -0.42291 0.7589 -0.42226 0.70289 -0.42197 0.63821 -0.42296 0.5387 -0.50129 0.54087 -0.42371 0.46086 -0.42259 0.47616 -0.48228 0.29033 -0.998 0.40222 -0.99668 0.38182 -0.99569 0.42693 -0.99691 0.79839 -0.76819 0.77447 -0.74082 0.79125 -0.74426 0.81231 -0.74359 0.8424 -0.73972 0.78415 -0.71919 0.79661 -0.71195 0.81453 -0.69531 0.84462 -0.67463 0.87126 -0.74044 0.82603 -0.65271 0.87125 -0.62749 0.90673 -0.99837 0.90715 -0.90569 0.87254 -0.99725 0.87282 -0.90504 0.90713 -0.81317 0.90728 -0.74113 0.90715 -0.90569 0.90713 -0.81317 0.873 -0.81099 0.87318 -0.74031 0.90729 -0.62812 0.90673 -0.99837 0.87127 -0.81403 0.90732 -0.74113 0.90729 -0.62812 0.87343 -0.62875 0.90728 -0.57819 0.87354 -0.57894 0.90728 -0.57819 0.87124 -0.57788 1.0983 -0.74744 1.08881 -0.74444 1.07883 -0.73819 1.10882 -0.74654 1.11888 -0.69199 1.11068 -0.69935 1.12304 -0.68826 1.08991 -0.718 1.08897 -0.69063 1.08991 -0.718 1.12304 -0.68826 1.08897 -0.69063 1.08965 -0.68867 1.11003 -0.67658 1.06954 -0.67243 1.11003 -0.67658 1.09295 -0.67483 1.06954 -0.67243 1.11003 -0.67658 1.10429 -0.70526 1.09112 -0.71624 1.09112 -0.71624 1.08991 -0.718 1.07559 -0.718 1.07559 -0.718 1.08571 -0.69307 1.08402 -0.68865 1.08402 -0.68865 1.08132 -0.67993 1.08377 -0.65851 1.09325 -0.66152 1.08417 -0.718 1.07559 -0.718 1.05677 -0.718 1.08348 -0.69318 1.08348 -0.69318 1.05677 -0.718 1.07559 -0.718 1.07559 -0.718 1.08571 -0.69307 1.08348 -0.69318 1.08571 -0.69307 1.08417 -0.718 1.08956 -0.71695 1.08991 -0.718 1.08897 -0.69063 1.10308 -0.70617 1.11068 -0.69935 1.12304 -0.68826 1.12304 -0.68826 1.08965 -0.68867 1.08897 -0.69063 1.12304 -0.68826 1.08402 -0.68865 1.08132 -0.67993 1.07213 -0.65851 1.05677 -0.65851 1.07213 -0.65851 1.11888 -0.69199 1.08219 -0.65851 1.08377 -0.65851 1.07213 -0.65851 1.06909 -0.65851 1.05677 -0.65851 1.05677 -0.65851 1.07213 -0.65851 1.06909 -0.65851 1.08219 -0.65851 1.08377 -0.65851 1.08377 -0.65851 1.09325 -0.66152 1.11003 -0.67658 1.09683 -0.66473 1.11003 -0.67658 1.09683 -0.66473 1.09295 -0.67483 1.06954 -0.67243 1.09295 -0.67483 1.06954 -0.67243 1.11003 -0.67658 1.06954 -0.67243 1.11003 -0.67658 1.12304 -0.68826 1.09325 -0.66152 1.09683 -0.66473 1.09683 -0.66473 1.0983 -0.74744 1.10882 -0.74654 1.07883 -0.73819 1.08881 -0.74444 0.54039 -0.99801 0.53154 -0.9725 0.58665 -0.93995 0.59873 -0.91091 0.59597 -0.8906 0.46068 -0.99634 0.47113 -0.97131 0.50084 -0.95083 0.51363 -0.95045 0.53405 -0.95289 0.56752 -0.92371 0.47113 -0.97131 0.48719 -0.94947 0.48719 -0.94947 0.48068 -0.92926 0.5075 -0.93203 0.51482 -0.93299 0.53154 -0.9725 0.50084 -0.95083 0.48069 -0.92922 0.45985 -0.92122 0.45993 -0.92124 0.54039 -0.99801 0.58665 -0.93995 0.53405 -0.95289 0.51363 -0.95045 0.51485 -0.93289 0.50751 -0.93207 0.59878 -0.91096 0.56742 -0.92378 0.54043 -0.93602 0.59597 -0.8906 0.61838 -0.56875 0.58226 -0.53371 0.5322 -0.521 0.66143 -0.63205 0.64617 -0.59961 0.59846 -0.59299 0.55485 -0.55455 0.6478 -0.7153 0.66615 -0.65676 0.61244 -0.63696 0.62938 -0.61489 0.59198 -0.60279 0.6445 -0.73428 0.61207 -0.7147 0.6088 -0.6952 0.64462 -0.69834 0.64148 -0.66725 0.64203 -0.75949 0.6186 -0.75665 0.62414 -0.73318 0.58969 -0.70679 0.58427 -0.69037 0.615 -0.67275 0.64325 -0.77178 0.59999 -0.77533 0.58989 -0.75182 0.59314 -0.7318 0.54539 -0.71031 0.59686 -0.80196 0.59956 -0.79746 0.56127 -0.7936 0.57677 -0.77232 0.53996 -0.77158 0.54684 -0.75384 0.58935 -0.85111 0.56364 -0.86023 0.55159 -0.80385 0.55616 -0.79858 0.57402 -0.89079 0.55529 -0.88475 0.5444 -0.85733 0.54343 -0.86628 0.54098 -0.80564 0.53509 -0.79856 0.57862 -0.90516 0.56186 -0.90356 0.54441 -0.8807 0.54379 -0.88054 0.57871 -0.91304 0.56208 -0.91491 0.54338 -0.91711 0.54349 -0.89743 0.54316 -0.89742 0.56349 -0.92052 0.54022 -0.92785 0.51662 -0.9198 0.51733 -0.91824 0.54274 -0.9162 0.54046 -0.93613 0.51558 -0.92576 0.5082 -0.92464 0.50476 -0.91727 0.5043 -0.91616 0.48009 -0.92214 0.48023 -0.91564 0.48075 -0.91473 0.50384 -0.91505 0.51803 -0.91668 0.45903 -0.91879 0.45796 -0.91563 0.46872 -0.90737 0.48127 -0.91382 0.50365 -0.91465 0.51838 -0.9162 0.45919 -0.91882 0.45782 -0.91556 0.45926 -0.89316 0.45951 -0.89073 0.47852 -0.89985 0.48006 -0.9221 0.47979 -0.91519 0.48054 -0.91449 0.46864 -0.90735 0.50816 -0.92469 0.50466 -0.91733 0.50423 -0.91619 0.5038 -0.91505 0.4813 -0.91378 0.4785 -0.89987 0.51537 -0.92573 0.51598 -0.92011 0.51696 -0.91841 0.51793 -0.91671 0.50362 -0.91465 0.48159 -0.91353 0.53989 -0.92784 0.54301 -0.91725 0.54257 -0.91627 0.54212 -0.91529 0.51835 -0.9162 0.56341 -0.92049 0.5621 -0.91482 0.56187 -0.90357 0.54349 -0.89743 0.54316 -0.89742 0.5789 -0.91286 0.57862 -0.90516 0.57402 -0.89079 0.55529 -0.88475 0.54441 -0.8807 0.58935 -0.85111 0.56364 -0.86023 0.5444 -0.85733 0.54379 -0.88054 0.54281 -0.89741 0.59686 -0.80196 0.55159 -0.80385 0.54391 -0.84852 0.54316 -0.88038 0.54255 -0.89754 0.54173 -0.91479 0.64325 -0.77178 0.59956 -0.79746 0.59686 -0.80196 0.56127 -0.7936 0.55616 -0.79858 0.54098 -0.80564 0.64203 -0.75949 0.59999 -0.77533 0.57677 -0.77232 0.53316 -0.79277 0.53509 -0.79856 0.6445 -0.73428 0.6186 -0.75665 0.58989 -0.75182 0.53996 -0.77158 0.6478 -0.7153 0.61207 -0.7147 0.62414 -0.73318 0.6614 -0.63201 0.66566 -0.65794 0.64462 -0.69834 0.47836 -0.52054 0.5322 -0.521 0.47836 -0.52054 0.46179 -0.5118 0.48111 -0.5388 0.45984 -0.53668 0.48111 -0.5388 0.5166 -0.54419 0.48209 -0.57331 0.46296 -0.57022 0.48209 -0.57331 0.5166 -0.54419 0.54669 -0.58414 0.51219 -0.57853 0.48268 -0.58333 0.48209 -0.57331 0.46359 -0.58151 0.46296 -0.57022 0.48209 -0.57331 0.48268 -0.58333 0.51219 -0.57853 0.54844 -0.59315 0.51035 -0.58639 0.50969 -0.59614 0.48381 -0.59555 0.46425 -0.59464 0.58201 -0.61351 0.54416 -0.60514 0.53969 -0.61155 0.50612 -0.60797 0.48297 -0.60536 0.4654 -0.6047 0.61319 -0.62345 0.59749 -0.62754 0.57191 -0.62025 0.58201 -0.61351 0.61244 -0.63696 0.60993 -0.63211 0.60782 -0.6342 0.60993 -0.63211 0.61244 -0.63696 0.60481 -0.64242 0.57201 -0.63385 0.57348 -0.62542 0.53837 -0.62933 0.54096 -0.6215 0.51396 -0.61718 0.60611 -0.64878 0.57246 -0.64736 0.53675 -0.64385 0.51123 -0.62938 0.48541 -0.61534 0.48388 -0.62832 0.46624 -0.61444 0.60698 -0.65699 0.57401 -0.65623 0.53636 -0.65479 0.50889 -0.65144 0.50939 -0.6413 0.615 -0.67275 0.57817 -0.6732 0.53905 -0.67303 0.51254 -0.66884 0.48075 -0.66382 0.47874 -0.6479 0.48191 -0.63991 0.57817 -0.6732 0.52978 -0.68569 0.52978 -0.68569 0.51014 -0.6814 0.48202 -0.67525 0.45726 -0.66237 0.45839 -0.64566 0.46173 -0.63914 0.51611 -0.71532 0.50401 -0.68965 0.49768 -0.68671 0.47542 -0.68114 0.45673 -0.68278 0.45682 -0.67393 0.50244 -0.73196 0.4991 -0.71538 0.49653 -0.69274 0.46955 -0.68569 0.45594 -0.6808 0.55019 -0.72941 0.50848 -0.74708 0.50244 -0.73196 0.50848 -0.74708 0.49417 -0.73849 0.49481 -0.73441 0.49072 -0.72625 0.49207 -0.71628 0.52747 -0.75069 0.47742 -0.75871 0.49084 -0.74708 0.47742 -0.75871 0.48004 -0.74563 0.48736 -0.73473 0.48082 -0.76324 0.45292 -0.77396 0.45088 -0.7653 0.46405 -0.75692 0.48493 -0.77175 0.46751 -0.77833 0.45371 -0.78199 0.46751 -0.77833 0.48082 -0.76324 0.47742 -0.75871 0.4873 -0.80021 0.46597 -0.79174 0.45303 -0.79418 0.46597 -0.79174 0.48493 -0.77175 0.50266 -0.79459 0.50196 -0.79667 0.48983 -0.8028 0.47937 -0.85541 0.46106 -0.86584 0.51214 -0.7939 0.50853 -0.79737 0.50172 -0.79778 0.49267 -0.80541 0.47935 -0.85523 0.47927 -0.88271 0.53316 -0.79277 0.52177 -0.79754 0.50839 -0.79857 0.50829 -0.79901 0.50112 -0.79911 0.5362 -0.80391 0.52057 -0.79872 0.52049 -0.79968 0.5087 -0.79983 0.50042 -0.80031 0.54391 -0.84852 0.5362 -0.80391 0.54391 -0.84852 0.53869 -0.85063 0.5362 -0.80391 0.54211 -0.86647 0.53874 -0.86598 0.51392 -0.86699 0.51192 -0.81095 0.52016 -0.80168 0.5362 -0.80391 0.54179 -0.88007 0.54043 -0.88001 0.5156 -0.88087 0.48259 -0.88241 0.48105 -0.86852 0.54269 -0.88027 0.54207 -0.89802 0.54063 -0.89789 0.51301 -0.90768 0.4822 -0.89914 0.51301 -0.90768 0.54316 -0.88038 0.54281 -0.89741 0.54255 -0.89754 0.54024 -0.91321 0.54031 -0.91321 0.5421 -0.9153 0.54281 -0.89741 0.54316 -0.89742 0.54255 -0.89754 0.54281 -0.89741 0.54255 -0.89754 0.54316 -0.89742 0.54169 -0.91481 0.51987 -0.91528 0.5199 -0.91342 0.54031 -0.91321 0.5199 -0.91342 0.5421 -0.9153 0.54274 -0.9162 0.54169 -0.91481 0.5421 -0.9153 0.54169 -0.91481 0.54274 -0.9162 0.503 -0.91379 0.50336 -0.91189 0.48283 -0.91251 0.48283 -0.91251 0.48138 -0.89905 0.48153 -0.91353 0.47948 -0.89912 0.4807 -0.88245 0.47931 -0.86855 0.48134 -0.85567 0.46069 -0.87077 0.47937 -0.85541 0.4873 -0.80021 0.47932 -0.8683 0.47935 -0.85523 0.49267 -0.80541 0.48983 -0.8028 0.47946 -0.89914 0.4807 -0.88245 0.47931 -0.86855 0.4809 -0.86843 0.48129 -0.85579 0.49533 -0.80804 0.48284 -0.91251 0.48139 -0.89912 0.4826 -0.88242 0.51393 -0.86715 0.51199 -0.81102 0.50042 -0.80031 0.503 -0.91379 0.48283 -0.91251 0.4822 -0.89914 0.51559 -0.88084 0.51987 -0.91528 0.5199 -0.91342 0.50336 -0.91189 0.51295 -0.9078 0.54034 -0.87989 0.54024 -0.91321 0.54031 -0.91321 0.54207 -0.89802 0.54031 -0.91321 0.54057 -0.898 0.54179 -0.88007 0.54219 -0.86623 0.53911 -0.86623 0.53876 -0.85068 0.54269 -0.88027 0.54391 -0.84852 0.5362 -0.80391 0.5362 -0.80391 0.5362 -0.80391 0.52016 -0.80168 0.5087 -0.79983 0.5362 -0.80391 0.52177 -0.79754 0.52057 -0.79872 0.52049 -0.79968 0.50829 -0.79901 0.50112 -0.79911 0.51214 -0.7939 0.50853 -0.79737 0.50839 -0.79857 0.52049 -0.79968 0.52177 -0.79754 0.52057 -0.79872 0.52177 -0.79754 0.52049 -0.79968 0.52057 -0.79872 0.50172 -0.79778 0.50196 -0.79667 0.50266 -0.79459 0.54684 -0.75384 0.52747 -0.75069 0.59314 -0.7318 0.55019 -0.72941 0.50848 -0.74708 0.47742 -0.75871 0.50848 -0.74708 0.49084 -0.74708 0.46405 -0.75692 0.58969 -0.70679 0.54539 -0.71031 0.50244 -0.73196 0.50244 -0.73196 0.49417 -0.73849 0.48004 -0.74563 0.58427 -0.69037 0.52978 -0.68569 0.51611 -0.71532 0.6088 -0.6952 0.615 -0.67275 0.57817 -0.6732 0.64106 -0.66696 0.61261 -0.637 0.61261 -0.637 0.60698 -0.65699 0.615 -0.67275 0.57817 -0.6732 0.57401 -0.65623 0.53905 -0.67303 0.64617 -0.59961 0.62938 -0.61489 0.61324 -0.62331 0.61261 -0.637 0.61324 -0.62331 0.59749 -0.62754 0.60993 -0.63211 0.61261 -0.637 0.60993 -0.63211 0.60782 -0.6342 0.60481 -0.64242 0.60611 -0.64878 0.61838 -0.56875 0.59846 -0.59299 0.59198 -0.60279 0.58226 -0.53371 0.55485 -0.55455 0.54701 -0.58379 0.54844 -0.59315 0.58201 -0.61351 0.58201 -0.61351 0.57191 -0.62025 0.51035 -0.58639 0.54416 -0.60514 0.53969 -0.61155 0.50969 -0.59614 0.50612 -0.60797 0.48381 -0.59555 0.48297 -0.60536 0.49533 -0.80804 0.57201 -0.63385 0.57246 -0.64736 0.53837 -0.62933 0.53675 -0.64385 0.53636 -0.65479 0.57344 -0.62563 0.53989 -0.62192 0.51396 -0.61718 0.51123 -0.62938 0.50939 -0.6413 0.50889 -0.65144 0.51254 -0.66884 0.48541 -0.61534 0.48388 -0.62832 0.48191 -0.63991 0.47874 -0.6479 0.48075 -0.66382 0.48202 -0.67525 0.51014 -0.6814 0.47002 -0.62856 0.47542 -0.68114 0.49768 -0.68671 0.50401 -0.68965 0.4991 -0.71538 0.46955 -0.68569 0.49653 -0.69274 0.49057 -0.69912 0.48875 -0.70945 0.4991 -0.71538 0.49207 -0.71628 0.46717 -0.69115 0.46955 -0.68569 0.45594 -0.6808 0.49653 -0.69274 0.4705 -0.69474 0.4789 -0.69804 0.49057 -0.69912 0.4789 -0.69804 0.48567 -0.70948 0.47903 -0.71828 0.45166 -0.70595 0.4654 -0.71049 0.46855 -0.71022 0.47507 -0.70714 0.47507 -0.70714 0.48567 -0.70948 0.47875 -0.7158 0.47903 -0.71828 0.46717 -0.69115 0.4654 -0.71049 0.45244 -0.71413 0.46994 -0.71518 0.47236 -0.7141 0.47507 -0.70714 0.47236 -0.7141 0.46955 -0.68569 0.49653 -0.69274 0.49057 -0.69912 0.4705 -0.69474 0.46855 -0.71022 0.46994 -0.71518 0.48875 -0.70945 0.48567 -0.70948 0.4789 -0.69804 0.49057 -0.69912 0.4789 -0.69804 0.47507 -0.70714 0.47236 -0.7141 0.47903 -0.71828 0.47903 -0.71828 0.47875 -0.7158 0.48567 -0.70948 0.47507 -0.70714 0.47839 -0.72137 0.46701 -0.7218 0.47118 -0.71657 0.47118 -0.71657 0.47875 -0.7158 0.47507 -0.70714 0.47998 -0.72397 0.46386 -0.72575 0.45424 -0.72382 0.45344 -0.7187 0.4764 -0.73629 0.46402 -0.73104 0.45342 -0.72959 0.46386 -0.72575 0.46701 -0.7218 0.46211 -0.73902 0.44965 -0.73964 0.46211 -0.73902 0.46402 -0.73104 0.47998 -0.72397 0.45703 -0.75035 0.4482 -0.74891 0.45703 -0.75035 0.4764 -0.73629 0.44833 -0.753 0.45703 -0.75035 0.44943 -0.75937 0.48736 -0.73473 0.49072 -0.72625 0.47839 -0.72137 0.49481 -0.73441 0.47118 -0.71657 0.29138 -0.92004 0.30645 -0.91676 0.31118 -0.91702 0.31591 -0.91727 0.33924 -0.91301 0.30615 -0.85064 0.31108 -0.8507 0.31601 -0.85076 0.33881 -0.85081 0.29464 -0.8505 0.30732 -0.78345 0.31167 -0.78216 0.31602 -0.78087 0.33514 -0.78285 0.33881 -0.85081 0.33514 -0.78285 0.36251 -0.78042 0.36265 -0.85017 0.33924 -0.91301 0.29421 -0.78732 0.29208 -0.75292 0.30575 -0.75235 0.31087 -0.75328 0.31599 -0.75422 0.33518 -0.75615 0.3626 -0.75383 0.30573 -0.72774 0.31085 -0.72785 0.31598 -0.72796 0.33527 -0.72819 0.29201 -0.73015 0.30597 -0.6922 0.31097 -0.6924 0.31597 -0.69258 0.33538 -0.69295 0.36241 -0.69247 0.36252 -0.72754 0.2919 -0.69443 0.37427 -0.69212 0.37439 -0.72723 0.37468 -0.75159 0.38669 -0.69182 0.38657 -0.72694 0.3865 -0.7494 0.3727 -0.77877 0.37415 -0.85065 0.40647 -0.68987 0.40651 -0.72539 0.40676 -0.7395 0.39579 -0.75299 0.38641 -0.78578 0.38652 -0.85116 0.4153 -0.68974 0.41491 -0.72528 0.41524 -0.73921 0.40794 -0.74373 0.40676 -0.7395 0.41524 -0.73921 0.4044 -0.75478 0.39596 -0.7793 0.43147 -0.69211 0.43131 -0.72745 0.43121 -0.74998 0.42518 -0.75283 0.41434 -0.74361 0.43108 -0.78642 0.42533 -0.77917 0.41954 -0.75478 0.41413 -0.74855 0.40866 -0.7485 0.415 -0.79315 0.41446 -0.7859 0.4164 -0.77247 0.41318 -0.77213 0.41633 -0.75436 0.41387 -0.75272 0.4134 -0.85131 0.40383 -0.85134 0.40548 -0.79291 0.40548 -0.79291 0.40754 -0.78573 0.41128 -0.77824 0.40754 -0.78573 0.41446 -0.7859 0.41128 -0.77824 0.4268 -0.85097 0.42566 -0.91597 0.40565 -0.91034 0.38712 -0.91062 0.37441 -0.91118 0.36297 -0.91167 0.40127 -0.77248 0.39596 -0.7793 0.40127 -0.77248 0.4044 -0.75478 0.40748 -0.75434 0.40434 -0.77207 0.40601 -0.77394 0.40584 -0.77814 0.41129 -0.77407 0.40882 -0.75286 0.40914 -0.75705 0.40587 -0.77078 0.41153 -0.77074 0.41476 -0.75716 0.41817 -0.64336 0.40751 -0.64351 0.4317 -0.6436 0.38686 -0.64339 0.37464 -0.6432 0.36227 -0.64301 0.33553 -0.64315 0.31595 -0.64311 0.31139 -0.64303 0.30682 -0.64294 0.29175 -0.64539 0.29175 -0.64539 0.30682 -0.64294 0.31139 -0.64303 0.31595 -0.64311 0.33553 -0.64315 0.36227 -0.64301 0.37464 -0.6432 0.38686 -0.64339 0.40751 -0.64351 0.41817 -0.64336 0.4317 -0.6436 0.42142 -0.009769 0.42142 -0.009769 0.73822 -0.25098 0.77924 -0.24902 0.77859 -0.27106 0.73814 -0.21388 0.77924 -0.21371 0.73802 -0.18192 0.77924 -0.18303 0.73792 -0.15438 0.77924 -0.15455 0.77925 -0.12558 0.73804 -0.12423 0.77925 -0.08215 0.73782 -0.26804 0.69296 -0.2528 0.6989 -0.21373 0.70752 -0.18032 0.71418 -0.15359 0.70516 -0.12212 0.73809 -0.08286 0.69256 -0.26808 0.66674 -0.25519 0.66601 -0.21135 0.67632 -0.18084 0.68098 -0.14926 0.64081 -0.11522 0.70085 -0.08258 0.63942 -0.26804 0.63823 -0.26563 0.6375 -0.253 0.65705 -0.24108 0.59617 -0.24988 0.61512 -0.24988 0.63741 -0.23381 0.65653 -0.22218 0.59385 -0.26804 0.52598 -0.24988 0.59764 -0.21621 0.59617 -0.24988 0.59617 -0.24988 0.61623 -0.22389 0.59764 -0.21621 0.63842 -0.2163 0.64035 -0.20096 0.64058 -0.17942 0.52573 -0.26802 0.46092 -0.24988 0.52596 -0.21621 0.59764 -0.18255 0.46092 -0.26804 0.46092 -0.21621 0.52598 -0.18255 0.52598 -0.14888 0.59764 -0.14888 0.64081 -0.14888 0.46092 -0.18255 0.46092 -0.14888 0.52598 -0.11522 0.59764 -0.11522 0.52598 -0.14888 0.64081 -0.14888 0.59764 -0.14888 0.62793 -0.11522 0.46092 -0.11522 0.52598 -0.08155 0.59764 -0.08155 0.63016 -0.08155 0.64081 -0.08155 0.46092 -0.08155 0.52598 -0.04789 0.59764 -0.04789 0.64081 -0.04789 0.70025 -0.05426 0.73809 -0.05149 0.46092 -0.04789 0.52632 -0.00533 0.59374 -0.00533 0.63965 -0.005349 0.70355 -0.007179 0.72981 -0.009459 0.46092 -0.00542 0.77159 -0.01259 0.77324 -0.05058 0.52598 -0.04789 0.59764 -0.04789 0.59374 -0.00533 0.52598 -0.08155 0.59764 -0.08155 0.52598 -0.11522 0.59764 -0.11522 0.52598 -0.14888 0.59764 -0.14888 0.59764 -0.18255 0.52632 -0.00533 0.46092 -0.04789 0.46092 -0.08155 0.46092 -0.11522 0.46092 -0.14888 0.46092 -0.18255 0.52598 -0.18255 0.46092 -0.00542 0.46092 -0.21621 0.52596 -0.21621 0.59764 -0.21621 0.46092 -0.24988 0.52598 -0.24988 0.59617 -0.24988 0.52573 -0.26802 0.59385 -0.26804 0.46092 -0.26804 0.95085 -0.17705 0.96824 -0.15662 0.94004 -0.15662 0.96933 -0.18074 0.98503 -0.17029 0.98968 -0.15662 0.98503 -0.17029 0.96933 -0.18074 0.95085 -0.17705 0.25427 -0.98073 0.22955 -0.98384 0.22955 -0.96505 0.22472 -0.96526 0.22956 -0.94341 0.25427 -0.9433 0.25427 -0.96491 0.22955 -0.96505 0.22955 -0.98384 0.22475 -0.98887 0.23853 -0.96547 0.2247 -0.94358 0.23853 -0.99314 0.25427 -0.96552 0.23853 -0.94376 0.23853 -0.99314 0.23853 -0.94376 0.23853 -0.96547 0.23853 -0.94376 0.25427 -0.9944 0.23853 -0.99314 0.23853 -0.96547 0.23853 -0.94376 0.25427 -0.9438 0.22475 -0.98887 0.22472 -0.96526 0.2247 -0.94358 0.22956 -0.94341 0.22482 -0.92937 0.22956 -0.92938 0.23854 -0.92936 0.23853 -0.91374 0.2247 -0.91364 0.25446 -0.92936 0.25427 -0.91374 0.23853 -0.85515 0.23854 -0.92936 0.22482 -0.92937 0.23853 -0.91374 0.22956 -0.92938 0.2247 -0.91364 0.23853 -0.85515 0.25427 -0.85478 0.22475 -0.85404 0.22956 -0.91361 0.22955 -0.85478 0.25427 -0.91357 0.25427 -0.85478 0.22955 -0.85478 0.25427 -0.85478 0.25427 -0.91357 0.22956 -0.91361 0.22475 -0.85404 0.25427 -0.92939 0.22956 -0.92938 0.25427 -0.92939 0.79967 -0.24823 0.79941 -0.26891 0.78765 -0.26891 0.78744 -0.24866 0.78734 -0.2137 0.79966 -0.2137 0.78733 -0.18332 0.79943 -0.18367 0.78714 -0.15465 0.79874 -0.15478 0.78746 -0.12591 0.79841 -0.1263 0.77925 -0.12558 0.77924 -0.18303 0.77924 -0.15455 0.77924 -0.18303 0.77925 -0.12558 0.77924 -0.15455 0.78194 -0.05001 0.78752 -0.08212 0.79834 -0.08207 0.77939 -0.01259 0.78961 -0.01259 0.79256 -0.04931 0.77859 -0.27106 0.77924 -0.24902 0.73822 -0.25098 0.73782 -0.26804 0.69296 -0.2528 0.69256 -0.26808 0.73814 -0.21388 0.77924 -0.21371 0.6989 -0.21373 0.66674 -0.25519 0.63942 -0.26804 0.73802 -0.18192 0.77924 -0.18303 0.70752 -0.18032 0.67632 -0.18084 0.66601 -0.21135 0.73792 -0.15438 0.77924 -0.15455 0.71418 -0.15359 0.68098 -0.14926 0.64058 -0.17942 0.77925 -0.12558 0.73804 -0.12423 0.70516 -0.12212 0.64081 -0.11522 0.64081 -0.14888 0.77925 -0.08215 0.73809 -0.08286 0.70085 -0.08258 0.64081 -0.08155 0.62793 -0.11522 0.77324 -0.05058 0.73809 -0.05149 0.70025 -0.05426 0.64081 -0.04789 0.63016 -0.08155 0.77159 -0.01259 0.72981 -0.009459 0.70355 -0.007179 0.63965 -0.005349 0.64035 -0.20096 0.61623 -0.22389 0.59764 -0.21621 0.59617 -0.24988 0.59617 -0.24988 0.59764 -0.21621 0.61623 -0.22389 0.63842 -0.2163 0.65653 -0.22218 0.65705 -0.24108 0.66674 -0.25519 0.63823 -0.26563 0.6375 -0.253 0.61512 -0.24988 0.63741 -0.23381 0.78765 -0.26891 0.79941 -0.26891 0.79967 -0.24823 0.78744 -0.24866 0.78734 -0.2137 0.79966 -0.2137 0.78733 -0.18332 0.79966 -0.2137 0.78734 -0.2137 0.78733 -0.18332 0.79943 -0.18367 0.78714 -0.15465 0.79874 -0.15478 0.78746 -0.12591 0.79874 -0.15478 0.78714 -0.15465 0.78746 -0.12591 0.79841 -0.1263 0.78752 -0.08212 0.79841 -0.1263 0.78752 -0.08212 0.79834 -0.08207 0.79256 -0.04931 0.78194 -0.05001 0.78194 -0.05001 0.77925 -0.08215 0.78961 -0.01259 0.77939 -0.01259 0.99482 0.74372 0.99515 0.72508 0.99169 0.72723 0.99169 0.74443 0.9875 0.75661 0.98973 0.75845 0.97823 0.75944 0.97823 0.76285 0.9731 0.76227 0.98904 0.74514 0.99169 0.74443 0.99169 0.72723 0.98511 0.75372 0.9789 0.75572 0.97321 0.75604 0.97332 0.75918 0.97332 0.75918 0.97823 0.75944 0.97823 0.76285 0.98908 0.7279 0.97834 0.7279 0.97834 0.74514 0.9789 0.75572 0.97321 0.74424 0.97321 0.74424 0.97834 0.74514 0.9789 0.75572 0.97823 0.75944 0.97321 0.727 0.97321 0.727 0.97834 0.7279 0.98904 0.74514 0.98511 0.75372 0.9875 0.75661 0.98511 0.75372 0.98973 0.75845 0.98908 0.7279 0.99169 0.72723 0.99169 0.74443 0.99482 0.74372 0.99169 0.74443 0.99515 0.72508 0.10515 -0.69976 0.06879 -0.68885 0.07211 -0.68816 0.07602 -0.66639 0.07211 -0.68816 0.06879 -0.68885 0.07602 -0.66639 0.10531 -0.69924 0.07211 -0.68816 0.10531 -0.69924 0.06957 -0.70806 0.10515 -0.69976 0.10531 -0.69924 0.07149 -0.70757 0.07213 -0.72998 0.06957 -0.70806 0.07149 -0.70757 0.07561 -0.7289 0.0783 -0.74295 0.07298 -0.6675 0.08252 -0.65434 0.08252 -0.65434 0.07961 -0.65546 0.09083 -0.64591 0.09083 -0.64591 0.08813 -0.64723 0.10042 -0.64206 0.10042 -0.64206 0.09744 -0.64364 0.10997 -0.64296 0.10997 -0.64296 0.10646 -0.64462 0.11878 -0.64822 0.11878 -0.64822 0.11533 -0.64984 0.1266 -0.65754 0.1266 -0.65754 0.12315 -0.65898 0.1327 -0.67025 0.1327 -0.67025 0.12926 -0.67153 0.13658 -0.6853 0.13658 -0.6853 0.1331 -0.68648 0.13787 -0.70154 0.13787 -0.70154 0.13437 -0.70261 0.13626 -0.71758 0.13626 -0.71758 0.13297 -0.71859 0.13224 -0.73218 0.13224 -0.73218 0.12904 -0.73314 0.12599 -0.74419 0.12599 -0.74419 0.12296 -0.74512 0.11813 -0.75264 0.11813 -0.75264 0.10921 -0.75682 0.09949 -0.75625 0.08999 -0.75109 0.08183 -0.7417 0.07561 -0.7289 0.07149 -0.70757 0.1153 -0.75373 0.10921 -0.75682 0.10628 -0.75851 0.09949 -0.75625 0.09614 -0.75826 0.08999 -0.75109 0.08648 -0.7526 0.08183 -0.7417 0.07166 -0.68796 0.06931 -0.68896 0.10541 -0.69941 0.06931 -0.68896 0.07166 -0.68796 0.07618 -0.66629 0.07273 -0.66757 0.08271 -0.65436 0.0793 -0.65541 0.09104 -0.64608 0.08769 -0.64702 0.10531 -0.69924 0.07166 -0.68796 0.10531 -0.69924 0.07618 -0.66629 0.08271 -0.65436 0.09104 -0.64608 0.10037 -0.64222 0.10037 -0.64222 0.09742 -0.64338 0.10971 -0.64303 0.1072 -0.64465 0.11857 -0.6482 0.1157 -0.64998 0.10531 -0.69924 0.10541 -0.69941 0.06833 -0.70835 0.07228 -0.70731 0.07556 -0.72879 0.07228 -0.70731 0.08172 -0.74164 0.08981 -0.75118 0.11827 -0.75265 0.10923 -0.75705 0.12615 -0.74413 0.13234 -0.73208 0.13633 -0.71747 0.13789 -0.70143 0.13657 -0.68518 0.13264 -0.67014 0.12648 -0.65744 0.11857 -0.6482 0.10971 -0.64303 0.07228 -0.70731 0.06833 -0.70835 0.0721 -0.73011 0.07556 -0.72879 0.0784 -0.74303 0.08172 -0.74164 0.08674 -0.75251 0.08981 -0.75118 0.09658 -0.75761 0.0994 -0.75666 0.10622 -0.75807 0.10923 -0.75705 0.11498 -0.75379 0.11827 -0.75265 0.12273 -0.74525 0.12615 -0.74413 0.12889 -0.73327 0.13234 -0.73208 0.13288 -0.71872 0.13633 -0.71747 0.13432 -0.70274 0.13789 -0.70143 0.13309 -0.68662 0.13657 -0.68518 0.1293 -0.67168 0.13264 -0.67014 0.1233 -0.65915 0.12648 -0.65744 0.0994 -0.75666</float_array>
          <technique_common>
            <accessor source="#GeometrySource2-array" count="2313" stride="2">
              <param name="S" type="float"/>
              <param name="T" type="float"/>
            </accessor>
          </technique_common>
        </source>
        <vertices id="Geometry-vertices">
          <input semantic="POSITION" source="#GeometrySource"/>
          <input semantic="NORMAL" source="#GeometrySource1"/>
          <input semantic="TEXCOORD" source="#GeometrySource2"/>
        </vertices>
        <triangles material="VisualMaterial0" count="3437">
          <input semantic="VERTEX" source="#Geometry-vertices" offset="0"/>
          <p>0 1 2 3 2 1 1 4 3 5 3 4 4 6 5 5 6 7 7 8 5 9 1 0 10 4 1 6 4 10 1 9 10 10 11 6 7 6 11 11 12 7 8 7 13 13 14 15 13 16 8 17 16 13 0 18 9 11 19 12 20 21 22 22 21 23 23 24 22 24 23 25 25 26 24 27 26 25 21 20 28 28 29 21 30 23 21 25 23 30 21 29 30 30 31 25 25 31 13 13 31 17 17 31 30 13 32 25 15 32 13 25 32 27 33 27 32 32 15 33 34 35 36 36 37 34 34 37 38 38 39 34 37 36 40 40 41 37 37 41 42 42 38 37 41 40 43 42 41 44 43 44 41 44 45 42 46 44 43 45 44 46 46 47 45 47 48 45 43 49 46 50 46 49 51 46 50 50 52 51 53 51 52 52 54 53 49 55 50 50 55 56 56 57 50 50 57 58 58 52 50 54 52 58 58 59 54 58 57 60 60 57 56 60 61 58 62 59 58 58 61 62 56 63 60 64 60 63 60 64 65 65 61 60 66 62 61 61 65 66 63 67 64 65 64 68 68 64 67 68 69 65 69 66 65 67 70 68 71 72 73 74 73 72 73 74 75 75 76 73 77 73 76 73 77 71 78 71 77 72 79 74 74 79 80 80 81 74 75 74 81 81 82 75 75 82 83 83 84 75 85 76 75 75 84 85 86 81 80 82 81 86 86 87 82 82 88 83 88 82 87 83 88 89 89 90 83 84 83 91 90 91 83 80 92 86 87 86 93 93 94 87 95 87 94 87 95 88 89 88 95 96 89 95 89 96 97 97 98 89 90 89 98 99 96 95 94 99 95 96 99 100 77 101 78 101 77 102 76 102 77 102 103 101 103 102 104 104 105 103 105 104 106 106 107 105 102 76 108 104 102 108 108 106 104 106 108 85 108 76 85 85 109 106 106 109 110 110 111 106 112 107 106 106 111 112 98 113 90 114 90 113 115 90 114 91 90 115 115 116 91 91 116 117 91 118 84 117 118 91 113 119 114 120 121 122 122 123 120 124 120 123 123 122 125 125 126 123 127 123 126 123 127 128 124 123 128 128 129 124 126 125 130 130 131 126 131 132 126 132 133 126 126 133 127 133 134 127 127 134 135 128 127 136 135 136 127 131 130 137 137 138 131 131 138 139 131 140 132 139 140 131 132 140 141 141 142 132 133 132 142 142 134 133 138 143 139 139 143 144 144 145 139 140 139 145 145 141 140 141 145 146 142 141 147 147 141 146 148 145 144 149 146 145 145 148 149 150 96 100 151 97 96 96 150 151 148 152 153 144 152 148 153 152 154 155 112 111 111 156 155 111 110 157 157 156 111 158 157 110 110 159 158 160 159 110 110 109 160 161 85 84 84 118 161 160 109 161 85 161 109 162 161 118 161 162 160 118 163 162 163 118 117 129 128 164 164 128 165 136 165 128 166 164 165 167 165 136 168 166 165 165 167 168 136 169 167 169 136 135 167 169 170 168 167 170 170 171 168 135 172 169 173 169 172 174 170 169 169 173 174 171 170 175 175 170 174 176 172 135 172 176 177 173 172 178 177 178 172 178 179 173 173 179 174 135 180 176 181 176 180 176 181 182 182 177 176 177 182 183 178 177 184 183 184 177 184 185 178 179 178 185 149 185 184 135 134 186 186 180 135 180 186 187 187 188 180 180 188 181 189 186 134 134 142 189 187 186 189 147 189 142 189 190 187 189 147 191 191 190 189 192 191 147 147 193 192 146 193 147 194 192 193 184 195 149 195 184 183 183 194 195 193 195 194 195 193 146 146 149 195 196 153 174 196 185 149 185 196 179 174 179 196 154 197 153 174 153 197 174 198 175 197 198 174 153 199 148 196 199 153 148 199 149 149 199 196 197 154 200 200 201 197 198 197 201 201 202 198 203 175 198 198 202 203 175 203 204 204 205 175 175 205 171 206 207 208 207 206 209 209 210 207 210 209 211 211 212 210 208 213 206 213 208 214 215 206 213 216 209 206 206 215 216 214 217 213 217 214 218 213 219 215 219 213 217 218 220 217 220 218 221 217 222 219 222 217 220 223 212 211 211 224 223 225 223 224 224 226 225 227 225 226 226 228 227 229 227 228 228 230 229 231 229 230 230 232 231 233 231 232 234 211 209 209 216 234 224 211 234 226 224 235 234 235 224 235 236 226 228 226 236 230 228 237 236 237 228 237 238 230 232 230 238 238 239 232 232 240 233 240 232 239 233 240 241 241 242 233 241 240 243 239 243 240 243 244 241 245 241 244 242 241 245 245 246 242 244 247 245 245 247 248 248 249 245 250 246 245 245 249 250 221 250 249 249 248 251 249 252 221 221 252 220 251 252 249 220 253 222 253 220 252 252 251 253 254 255 256 255 257 256 257 258 256 258 259 256 256 259 260 260 261 256 256 261 262 262 263 256 264 256 263 265 256 264 266 256 265 267 256 266 268 256 267 269 256 268 254 256 270 270 256 269 271 272 273 273 274 271 271 274 275 275 276 271 277 276 275 276 277 278 278 279 276 274 273 280 280 281 274 282 275 274 274 281 282 283 275 282 275 283 277 277 283 284 284 285 277 281 280 286 286 287 281 281 287 288 288 282 281 282 289 283 289 282 288 290 284 283 283 289 290 287 286 291 291 292 287 293 288 287 287 292 293 294 288 293 288 294 289 295 290 289 289 294 295 293 292 296 296 292 291 296 297 293 293 297 298 293 299 294 298 299 293 300 295 294 300 299 298 294 299 300 291 301 296 297 296 302 302 296 301 302 303 297 297 303 304 304 298 297 298 305 300 305 298 304 301 306 302 303 302 307 307 302 306 307 308 303 309 304 303 303 308 309 304 310 305 310 304 309 306 311 307 308 307 312 312 307 311 312 313 308 308 313 314 314 309 308 309 315 310 315 309 314 311 316 312 314 317 315 318 314 313 313 319 318 320 318 319 321 318 320 318 321 322 322 323 318 319 324 320 325 320 324 326 320 325 320 326 321 324 319 327 327 328 324 329 324 328 324 329 325 330 325 329 331 325 330 325 331 326 332 327 319 327 332 333 328 327 334 333 334 327 334 335 328 336 328 335 328 336 329 336 328 335 337 338 339 329 340 330 340 329 336 319 341 332 335 342 336 336 343 340 343 336 342 340 343 344 344 345 340 330 340 345 342 346 343 343 346 347 347 344 343 344 347 348 345 344 349 348 349 344 349 350 345 351 345 350 345 351 330 330 351 352 330 353 331 352 353 330 349 348 354 355 279 350 350 349 355 354 355 349 356 350 279 279 278 356 350 356 351 351 356 357 357 352 351 355 354 358 358 359 355 279 355 359 359 360 279 361 357 356 356 278 361 362 361 278 278 363 362 364 365 366 365 364 367 367 368 365 368 367 369 369 370 368 370 369 371 371 372 370 366 373 364 364 373 374 367 364 375 374 375 364 369 367 376 375 376 367 371 369 377 376 377 369 373 366 378 378 379 373 373 379 380 380 374 373 381 374 380 374 381 382 382 375 374 383 376 375 375 382 383 384 377 376 376 383 384 380 379 385 385 379 378 385 386 380 380 386 387 380 388 381 387 388 380 389 381 388 390 382 381 381 389 390 378 391 385 392 385 391 386 385 392 392 393 386 394 387 386 386 393 394 387 394 395 388 387 396 395 396 387 388 397 389 396 397 388 391 398 392 393 392 399 399 392 398 399 400 393 401 394 393 393 400 401 402 395 394 394 401 402 398 403 399 400 399 404 404 399 403 404 405 400 402 401 406 406 401 400 400 405 406 406 407 402 408 406 405 407 406 408 408 409 407 403 410 404 405 404 411 411 404 410 405 412 408 411 412 405 410 413 411 414 411 413 412 411 414 414 415 412 412 415 416 409 408 416 416 408 412 416 417 409 417 416 418 418 416 415 418 419 417 420 419 418 413 421 414 415 414 422 422 414 421 415 423 418 422 423 415 421 424 422 425 422 424 423 422 425 425 426 423 418 427 420 427 418 423 423 426 427 420 427 428 428 429 420 430 429 428 424 431 425 425 431 432 432 433 425 434 428 427 427 426 434 434 426 425 425 433 434 428 434 435 435 434 433 435 436 428 428 436 430 437 430 436 377 384 438 436 438 437 438 384 439 439 437 438 433 432 440 440 441 433 372 371 441 441 440 372 433 441 435 438 442 377 442 438 436 436 435 442 377 442 371 442 435 441 441 371 442 443 439 384 384 383 443 443 383 382 382 390 443 444 445 446 445 444 447 447 448 445 448 447 449 449 450 448 450 449 451 451 452 450 446 453 444 444 453 454 454 455 444 456 447 444 444 455 456 457 449 447 447 456 457 458 451 449 449 457 458 454 453 459 459 460 454 455 454 461 461 454 460 461 462 455 455 462 463 463 456 455 464 457 456 456 463 464 465 459 453 459 465 466 466 467 459 468 460 459 459 467 468 460 468 469 469 470 460 460 470 461 453 471 465 467 466 472 472 473 467 474 468 467 467 473 474 469 468 474 474 475 469 476 469 475 464 476 477 475 477 476 473 472 478 474 473 479 478 479 473 475 474 480 479 480 474 477 475 481 480 481 475 481 482 477 457 464 483 477 483 464 483 458 457 483 477 482 452 451 484 484 485 452 485 484 486 486 487 485 487 486 488 488 489 487 490 484 451 451 458 490 491 486 484 484 490 491 492 488 486 486 491 492 488 492 493 489 488 494 493 494 488 494 495 489 458 483 496 482 496 483 491 490 496 496 490 458 496 497 491 492 491 497 493 492 498 497 498 492 498 499 493 495 494 500 500 493 499 494 493 500 500 501 495 496 482 502 502 482 481 502 497 496 497 502 503 503 498 497 498 503 504 504 499 498 505 499 504 499 505 500 501 500 505 506 481 480 481 506 502 507 503 502 502 506 507 508 504 503 503 507 508 504 508 509 504 510 505 509 510 504 480 511 506 511 480 479 507 506 511 511 512 507 508 507 512 509 508 513 512 513 508 513 514 509 510 509 515 515 509 514 515 516 510 505 510 516 479 517 511 511 517 518 518 512 511 519 513 512 512 518 519 514 513 519 514 520 515 520 514 519 479 478 521 521 517 479 517 521 522 522 518 517 523 519 518 518 522 523 519 523 520 516 524 505 505 524 501 446 445 525 525 526 446 527 525 445 445 448 527 448 450 528 528 527 448 465 471 529 529 530 465 466 465 530 530 531 466 532 533 534 534 535 532 536 537 538 539 540 541 538 542 536 541 543 539 544 545 546 546 547 544 548 549 550 550 551 548 552 548 551 551 553 552 554 555 556 556 557 554 558 557 556 556 559 558 560 561 562 562 563 560 564 565 566 566 567 564 568 569 570 570 571 568 572 568 571 571 573 572 574 572 573 573 575 574 576 575 573 577 571 570 573 578 576 571 577 578 578 573 571 579 580 581 581 582 579 583 582 581 570 584 577 580 577 585 585 577 584 585 581 580 586 581 585 581 586 583 583 586 587 587 588 583 588 587 589 589 590 588 591 590 589 584 592 585 585 593 586 593 585 592 594 587 586 586 593 594 595 589 587 587 594 595 589 596 591 596 589 595 592 597 593 593 597 598 598 594 593 594 598 599 599 595 594 600 595 599 595 600 596 599 601 600 602 603 604 604 605 602 602 605 606 606 607 602 608 607 606 606 609 608 610 608 609 605 604 611 611 612 605 609 606 613 613 606 605 605 612 613 613 614 609 609 614 615 609 616 610 615 616 609 617 618 611 614 613 619 619 613 612 612 617 619 619 620 614 615 614 620 620 621 615 622 615 621 623 616 615 615 622 623 611 624 617 617 624 625 619 617 626 625 626 617 620 619 627 626 627 619 627 628 620 629 621 620 620 628 629 621 629 630 630 631 621 621 631 622 626 625 632 632 633 626 634 627 626 628 627 634 626 633 634 629 628 635 634 635 628 630 629 636 635 636 629 636 637 630 638 637 636 636 639 638 639 636 635 633 632 640 640 641 633 635 634 642 642 634 633 633 641 642 643 644 645 646 647 648 642 649 635 635 649 639 641 640 650 650 651 641 649 642 652 652 642 641 641 651 652 649 653 610 652 653 649 610 654 649 638 654 610 655 610 616 610 655 638 616 623 655 656 657 658 659 656 658 658 660 659 661 659 660 660 662 661 663 661 662 662 664 663 665 663 664 666 667 668 667 666 669 669 670 667 670 669 671 671 672 670 672 671 673 673 674 672 675 674 673 676 677 678 678 679 676 680 676 679 681 678 677 677 682 681 678 681 683 683 684 678 685 679 678 678 684 685 686 679 685 679 686 680 682 687 688 688 681 682 689 683 681 681 688 689 683 689 690 684 683 691 690 691 683 691 692 684 684 692 693 693 685 684 694 688 687 695 689 688 688 694 695 696 690 689 689 695 696 690 696 697 697 698 690 698 697 699 699 700 698 687 701 694 702 694 701 703 695 694 694 702 703 695 703 704 704 696 695 705 697 696 696 704 705 706 699 697 697 705 706 701 707 702 708 702 707 704 703 709 709 703 702 702 708 709 709 710 704 704 710 711 706 705 711 711 705 704 712 713 714 714 715 712 716 712 715 715 717 716 718 716 717 719 714 713 715 714 720 720 714 719 700 699 720 720 721 715 699 706 721 721 720 699 715 721 722 722 717 715 717 715 723 723 717 722 717 723 718 724 725 726 713 727 719 686 719 727 727 680 686 728 719 686 719 728 720 720 728 700 711 729 706 721 706 729 729 722 721 722 729 730 730 729 711 722 731 723 730 731 722 732 723 731 733 718 723 723 732 733 711 734 730 734 711 710 731 730 735 735 730 734 731 736 732 735 736 731 737 732 736 732 737 738 738 733 732 710 739 734 740 734 739 734 740 735 741 737 736 736 735 741 741 735 740 737 741 742 742 738 737 710 709 743 743 709 708 743 739 710 739 743 744 739 745 740 744 745 739 740 745 746 746 747 740 740 747 741 742 741 747 747 748 742 748 747 746 708 749 743 744 743 749 749 750 744 751 746 745 750 751 744 745 744 751 746 751 752 752 753 746 746 753 748 707 754 708 749 708 754 754 755 749 750 749 755 755 756 750 751 750 756 756 752 751 757 685 693 685 757 686 686 757 728 700 728 757 693 758 757 757 758 700 759 677 676 676 760 759 761 676 680 762 680 727 680 762 761 763 682 677 677 759 763 764 687 682 682 763 764 765 766 767 767 768 765 727 769 762 770 771 772 772 773 770 774 775 776 777 778 779 779 780 777 781 782 777 782 781 783 783 784 782 784 783 785 785 786 784 787 788 789 789 790 787 787 790 791 791 792 787 793 794 795 795 796 793 797 798 799 799 800 797 801 802 803 804 802 801 801 805 804 806 804 805 805 807 806 806 807 808 808 809 806 810 811 812 812 813 810 814 810 813 813 815 814 814 815 816 816 817 814 818 817 816 819 813 812 813 819 820 820 815 813 815 820 821 821 822 815 823 822 821 816 823 818 824 818 823 823 825 824 826 824 825 812 827 819 819 827 828 820 819 829 828 829 819 821 820 830 829 830 820 830 831 821 821 832 823 832 821 831 833 825 823 823 832 833 829 828 834 834 835 829 831 830 836 829 835 836 836 830 829 836 837 831 831 837 838 833 832 839 831 839 832 838 839 831 835 834 840 840 841 835 836 835 841 837 836 842 841 842 836 843 840 834 834 844 843 845 844 834 834 846 845 845 846 847 825 833 848 847 848 845 839 849 833 848 833 849 849 845 848 849 839 838 850 845 849 849 851 850 843 850 851 838 851 849 851 852 843 853 848 847 693 826 853 825 853 826 848 853 825 847 854 853 853 854 855 856 852 851 851 838 856 856 838 837 857 858 859 859 860 857 857 860 861 861 862 857 803 863 801 862 861 863 863 803 862 860 859 864 864 865 860 860 865 866 866 861 860 863 861 866 866 867 863 863 867 868 805 801 868 868 801 863 868 869 805 807 805 869 869 870 807 807 870 871 871 808 807 837 872 856 842 872 837 865 864 873 873 874 865 865 874 875 875 866 865 867 866 876 876 877 867 878 868 867 867 877 878 869 868 878 870 869 879 878 879 869 879 880 870 870 880 881 881 871 870 882 39 38 38 883 882 882 883 884 884 885 882 886 883 38 38 42 886 883 886 887 887 884 883 884 887 888 885 884 889 888 889 884 889 890 885 42 45 891 891 886 42 892 887 886 886 891 892 893 888 887 887 892 893 894 53 54 894 891 45 45 48 894 891 894 895 895 892 891 892 895 896 896 893 892 54 897 894 897 54 59 898 895 894 894 897 898 895 898 899 899 900 895 898 897 901 59 901 897 899 898 902 901 902 898 903 901 59 902 901 903 59 62 903 903 904 902 902 905 899 905 902 904 906 903 62 62 66 906 907 904 903 903 906 907 908 906 66 66 69 908 906 909 907 909 906 908 907 909 910 910 911 907 904 907 911 908 912 909 909 912 913 913 910 909 904 914 905 911 914 904 910 913 915 915 916 910 917 910 916 916 918 917 919 914 911 911 918 919 920 915 913 915 920 921 916 915 922 921 922 915 918 916 923 922 923 916 923 924 918 918 924 925 925 919 918 913 926 920 920 926 927 921 920 928 927 928 920 928 929 921 921 929 930 930 931 921 923 922 932 921 931 932 932 922 921 927 926 933 933 934 927 935 927 934 936 928 927 929 928 936 927 937 936 936 938 929 939 930 929 929 938 939 940 934 933 934 940 941 941 942 934 934 942 935 935 942 943 943 944 935 905 914 944 945 936 935 945 944 914 914 919 945 935 944 945 933 946 940 942 941 947 947 943 942 943 947 948 948 949 943 943 949 950 899 905 950 944 950 905 950 944 943 949 948 951 951 952 949 953 950 949 900 899 953 949 952 953 950 953 899 952 951 954 954 955 952 953 952 955 893 896 956 953 956 900 955 956 953 955 954 957 957 958 955 955 958 959 959 956 955 956 959 893 958 957 960 960 961 958 893 959 962 958 961 962 962 888 893 962 959 958 963 889 888 888 962 963 963 962 961 961 960 964 964 965 961 961 965 963 965 964 966 966 967 965 968 963 965 889 963 968 968 890 889 965 967 968 936 945 969 969 945 919 969 938 936 919 925 969 970 969 925 970 939 938 938 969 970 971 939 970 930 939 971 925 972 970 971 970 972 972 973 971 974 932 931 971 973 974 931 975 974 975 931 930 974 975 971 971 975 930 925 924 976 972 925 976 976 973 972 974 973 976 977 976 924 924 923 977 977 932 974 976 977 974 932 977 923 112 155 978 979 978 980 980 207 210 210 981 980 980 981 979 981 210 212 982 979 981 981 983 982 212 983 981 982 983 984 212 223 984 984 983 212 984 985 982 985 200 154 986 208 207 986 980 978 978 155 986 207 980 986 987 214 208 987 986 155 987 156 157 208 986 987 155 156 987 988 218 214 988 157 158 214 987 988 157 988 987 218 988 989 158 989 988 989 221 218 989 158 990 158 159 990 990 991 989 221 989 991 991 250 221 246 250 991 992 200 985 223 225 992 992 984 223 985 984 992 200 992 993 993 992 225 225 227 993 993 201 200 227 229 994 994 993 227 994 202 201 203 202 994 201 993 994 204 203 995 229 231 995 994 995 203 995 994 229 231 233 996 996 995 231 995 996 204 997 204 996 204 997 205 998 242 246 998 996 233 233 242 998 996 998 997 999 991 990 246 999 998 997 998 999 991 999 246 999 1000 997 990 1000 999 2 1001 0 1002 29 28 30 1003 17 1003 30 29 29 1002 1003 28 1004 1002 1005 93 86 86 92 1005 93 1005 1006 1006 1007 93 1008 94 93 93 1007 1008 94 1008 1009 99 94 1009 1009 100 99 1007 1006 1010 1011 1010 78 1010 1011 1007 1008 1007 1011 78 101 1011 101 103 1012 1012 1011 101 1011 1012 1008 1012 1009 1008 1012 103 105 1013 1009 1012 1014 1009 1013 100 1009 1014 105 107 1015 1012 1015 1013 1013 1015 107 105 1015 1012 1013 1016 1014 107 1016 1013 138 137 1017 1017 1018 138 143 138 1018 1018 1017 1019 1019 1020 1018 1018 1021 143 1021 1018 1020 144 143 1021 1021 1022 144 152 144 1022 1023 1020 1019 1020 1023 1024 1022 1021 1025 1020 1025 1021 1024 1025 1020 1025 1026 1022 1022 1027 152 1027 1022 1026 150 1023 1028 1028 151 150 1019 1028 1023 1024 1029 1014 1029 1024 1023 1014 1029 100 100 1029 150 1023 150 1029 1014 1030 1024 1030 1026 1025 1030 1014 1016 1025 1024 1030 1016 1031 1030 1026 1030 1031 1026 1032 1027 1031 1032 1026 1033 1031 1016 1031 1033 1034 1027 1032 1034 1034 1032 1031 1034 1033 979 979 982 1034 1034 982 985 985 1035 1034 154 1035 985 1035 154 152 152 1027 1035 1034 1035 1027 978 1036 112 1036 978 979 979 1033 1036 1016 1036 1033 107 112 1036 1036 1016 107 1037 1038 1039 1039 1040 1037 1041 1042 1043 1042 1044 1043 1045 1043 1046 1047 1048 1049 1049 1050 1047 1051 1047 1050 1052 1053 1054 1055 1053 1052 1042 1056 1044 1056 1057 1044 1058 1059 1060 1061 1044 1057 1061 1044 1057 1061 1062 1046 1046 1062 1045 1045 1062 1063 1049 1048 1064 1064 1065 1049 1049 1065 1066 1067 1050 1049 1066 1067 1049 1057 1068 1061 1061 1068 1069 1062 1061 1070 1070 1061 1069 1070 1071 1062 1063 1062 1072 1069 1073 1070 1070 1073 1074 1074 1075 1070 1070 1075 1076 1076 1077 1070 1063 1072 1078 1074 1079 1075 1075 1079 1080 1080 1081 1075 1081 1076 1075 1081 1082 1076 1064 1076 1082 1081 1080 1083 1083 1084 1081 1084 1085 1081 1081 1086 1082 1087 1088 1089 1088 1087 1090 1087 1091 1090 1090 1091 1092 1092 1093 1090 1094 1065 1064 1094 1066 1065 1064 1093 1094 1095 1085 1084 1096 1097 1098 1098 1099 1096 1100 1099 1098 1098 1101 1100 1100 1101 1102 1102 1103 1100 1104 1103 1102 1105 1104 1102 1092 1091 1106 1106 1091 1087 1087 1107 1106 1089 1108 1087 1107 1087 1108 1109 1107 1108 1108 1110 1111 1110 1108 1112 1108 1113 1112 1112 1108 1113 1114 1115 1116 1117 1118 1119 1052 1120 1121 1122 1055 1050 1123 1124 1125 1125 1126 1123 114 119 1127 1127 1128 114 115 114 1129 1129 114 1128 1129 1130 115 1131 116 115 115 1130 1131 1128 1127 1132 1132 1133 1128 1128 1133 1134 1134 1135 1128 1135 1136 1128 1128 1136 1129 1130 1129 1137 1137 1129 1136 1132 1138 1133 1133 1138 1139 1133 1140 1134 1139 1140 1133 1134 1140 1141 1141 1142 1134 1143 1135 1134 1134 1142 1143 1144 1138 1132 1145 1138 1144 1138 1145 1139 1146 1139 1145 1146 1147 1139 1148 1141 1140 1139 1147 1148 1140 1139 1148 1149 121 120 1132 1149 1144 120 1144 1149 1150 120 124 1144 120 1150 1150 1151 1144 1151 1152 1144 1144 1152 1145 1145 1152 1153 1153 1154 1145 1145 1154 1146 124 1155 1150 1156 1150 1155 1151 1150 1156 1157 1153 1152 1152 1151 1157 1156 1157 1151 124 129 1158 1158 1155 124 1159 159 160 1159 1160 159 1161 990 159 159 1160 1161 160 162 1162 160 1163 1159 1162 1163 160 1160 1159 1164 1164 1159 1163 1161 1160 1165 1164 1165 1160 1166 162 163 162 1167 1162 1167 162 1166 1168 1162 1167 1163 1162 1168 1163 1169 1164 1168 1169 1163 1170 1164 1169 1165 1164 1170 1171 163 117 163 1171 1166 1172 1166 1171 1166 1172 1173 1173 1174 1166 1166 1174 1167 1167 1175 1168 1167 1174 1175 117 1176 1171 1171 1176 1177 1171 1178 1172 1177 1178 1171 1179 1172 1178 1180 1173 1172 1172 1179 1180 1181 1175 1174 1168 1175 1181 1174 1173 1181 1181 1173 1180 116 1182 117 1176 117 1182 1176 1183 1177 1182 1183 1176 1184 1177 1183 1178 1177 1184 1178 1185 1179 1184 1185 1178 1186 1179 1185 1180 1179 1186 1187 1182 116 1182 1188 1183 1188 1182 1187 1183 1188 1189 1189 1188 1187 1189 1190 1183 1183 1190 1184 1184 1190 1191 1191 1192 1184 1185 1184 1192 1131 1193 116 116 1193 1187 1194 1187 1193 1195 1187 1194 1187 1196 1189 1196 1187 1195 1193 1131 1197 1197 1194 1193 1194 1197 1198 1194 1199 1195 1198 1199 1194 1195 1199 1200 1200 1201 1195 1196 1195 1201 1189 1196 1202 1201 1202 1196 1203 1197 1131 1203 1131 1130 1204 1198 1197 1197 1203 1204 1198 1205 1199 1205 1198 1204 1199 1205 1206 1200 1199 1206 1207 1130 1137 1130 1207 1203 1203 1207 1208 1208 1204 1203 1204 1208 1209 1209 1210 1204 1204 1210 1205 1211 1206 1205 1205 1210 1211 1137 1212 1207 1209 1208 1212 1208 1207 1212 1213 1212 1137 1212 1213 1209 1214 1209 1213 1209 1214 1215 1216 1211 1210 1210 1209 1216 1215 1216 1209 1213 1217 1143 1135 1143 1217 1217 1136 1135 1136 1217 1137 1137 1217 1213 1143 1218 1213 1213 1218 1214 1218 1143 1142 1214 1218 1219 1219 1142 1141 1142 1219 1218 1219 1220 1214 1221 1215 1214 1214 1220 1221 1141 1222 1219 1222 1141 1148 1223 1220 1219 1219 1222 1223 1224 1221 1220 1220 1223 1224 1225 1221 1224 1215 1221 1225 1225 1226 1215 1216 1215 1226 1223 1222 1227 1148 1227 1222 1227 1228 1223 1229 1224 1223 1223 1228 1229 1224 1230 1225 1230 1224 1229 1231 1225 1230 1225 1231 1232 1232 1226 1225 1233 1227 1148 1228 1227 1233 1148 1147 1233 1233 1234 1228 1228 1234 1235 1229 1228 1236 1235 1236 1228 1229 1237 1230 1237 1229 1236 1238 1233 1147 1147 1146 1238 1233 1238 1239 1239 1234 1233 1234 1239 1240 1235 1234 1241 1240 1241 1234 1239 1238 1242 1242 1238 1146 1146 1154 1242 1240 1239 1243 1242 1243 1239 1243 1244 1240 1240 1244 1245 1241 1240 1246 1245 1246 1240 1246 1247 1241 1235 1241 1247 1154 1153 1248 1248 1242 1154 1244 1243 1249 1249 1243 1242 1242 1248 1249 1245 1244 1250 1249 1250 1244 1250 1251 1245 1252 1245 1251 1253 1246 1245 1245 1252 1253 1249 1248 1254 1254 1157 1156 1153 1157 1254 1254 1248 1153 1254 1255 1249 1250 1249 1255 1255 1256 1250 1251 1250 1256 1256 1257 1251 1258 1251 1257 1251 1258 1252 1255 1254 1259 1156 1259 1254 1259 1260 1255 1255 1260 1261 1256 1255 1262 1261 1262 1255 1257 1256 1263 1262 1263 1256 1259 1264 1260 1156 1264 1259 1155 1264 1156 1265 1261 1260 1155 1158 1265 1265 1264 1155 1260 1264 1265 1265 1158 1266 1261 1265 1266 1266 1267 1261 1261 1267 1268 1268 1262 1261 1263 1262 1268 1266 1158 1269 129 1269 1158 1269 1270 1266 1267 1266 1270 1267 1271 1268 1270 1271 1267 1268 1272 1263 1272 1268 1271 1263 1273 1257 1273 1263 1272 1274 1269 129 1269 1274 1270 1275 1271 1270 1270 1274 1275 1272 1271 1276 1276 1271 1275 1272 1277 1273 1276 1277 1272 1278 1273 1277 1257 1279 1258 1279 1257 1273 1273 1278 1279 129 1280 1274 129 164 1280 1281 1282 1280 1274 1281 1283 1283 1284 1274 1284 1275 1274 1285 1275 1284 1275 1285 1276 1286 164 166 164 1286 1280 1283 1281 1287 1287 1281 1280 1280 1286 1287 1287 1288 1283 1289 1283 1288 1283 1289 1290 1290 1284 1283 1284 1290 1285 166 1291 1286 1286 1292 1287 1292 1286 1291 1293 1288 1287 1287 1292 1293 1288 1294 1289 1294 1288 1293 166 168 1295 1295 1291 166 1291 1295 1296 1293 1292 1297 1296 1297 1291 1291 1297 1292 168 171 1298 1298 1299 168 1300 1295 168 168 1299 1300 997 1000 1301 205 997 1302 1301 1302 997 1303 1000 990 990 1161 1303 1000 1303 1304 1304 1301 1000 1304 1303 1305 1305 1303 1161 1305 1306 1304 1307 1301 1304 1302 1301 1307 1304 1306 1307 1161 1308 1305 1165 1308 1161 1306 1305 1309 1309 1305 1308 1309 1310 1306 1311 1307 1306 1306 1310 1311 1307 1312 1302 1312 1307 1311 1308 1165 1313 1313 1165 1170 1308 1314 1309 1313 1314 1308 1315 1316 1314 1316 1315 1317 1317 1318 1316 1319 1318 1317 1317 1320 1319 1311 1321 1312 1321 1319 1320 1314 1313 1322 1170 1322 1313 1314 1323 1315 1322 1323 1314 1315 1323 1324 1324 1325 1315 1315 1325 1326 1326 1317 1315 1320 1317 1326 1322 1170 1327 1323 1322 1328 1328 1324 1323 1327 1328 1322 1324 1328 1329 1325 1324 1330 1329 1330 1324 1330 1331 1325 1325 1331 1332 1332 1326 1325 1333 1170 1169 1169 1168 1333 1170 1333 1327 1327 1333 1334 1335 1329 1328 1328 1336 1335 1334 1335 1336 1334 1333 1337 1337 1338 1334 1339 1340 1341 1341 1342 1339 1339 1342 1343 1343 1344 1339 1344 1343 1345 1345 1346 1344 1347 1346 1345 1348 1342 1168 1343 1342 1348 1345 1343 1349 1348 1349 1343 1349 1350 1345 1345 1351 1347 1351 1345 1350 1352 1347 1351 1351 1353 1352 1354 1352 1353 1348 1168 1355 1349 1348 1355 1355 1356 1349 1357 1350 1349 1349 1356 1357 1350 1357 1358 1350 1359 1351 1353 1351 1359 1358 1359 1350 1360 1355 1168 1355 1360 1361 1361 1356 1355 1362 1357 1356 1356 1361 1362 1363 1358 1357 1357 1362 1363 1358 1363 1364 1359 1358 1365 1364 1365 1358 1365 1366 1359 1359 1366 1353 1180 1367 1181 1368 1367 1180 1186 1368 1180 1361 1369 1362 1370 1363 1362 1362 1369 1370 1363 1370 1371 1371 1364 1363 1372 1364 1371 1373 1365 1364 1364 1372 1373 1353 1366 1374 1365 1373 1374 1374 1366 1365 1368 1186 1375 1375 1376 1368 1368 1376 1377 1377 1370 1368 1378 1371 1370 1370 1377 1378 1371 1378 1379 1371 1380 1372 1379 1380 1371 1381 1375 1186 1376 1375 1382 1375 1381 1382 1376 1383 1377 1382 1383 1376 1377 1383 1384 1384 1378 1377 1385 1379 1378 1378 1384 1385 1186 1386 1381 1192 1386 1185 1185 1386 1186 1387 1381 1386 1388 1389 1390 1390 1391 1388 1391 1392 1388 1388 1392 1393 1393 1382 1388 1386 1394 1387 1192 1394 1386 1395 1387 1394 1389 1396 1390 1396 1389 1397 1390 1396 1398 1391 1390 1399 1399 1392 1391 1390 1398 1399 1394 1400 1395 1400 1394 1192 1395 1400 1401 1401 1402 1395 1403 1397 1402 1397 1403 1396 1398 1396 1403 1192 1404 1400 1404 1192 1191 1400 1404 1405 1405 1401 1400 1401 1405 1406 1406 1407 1401 1408 1401 1407 1409 1402 1401 1401 1408 1409 1410 1404 1191 1411 1405 1404 1404 1410 1411 1405 1411 1412 1406 1405 1412 1407 1406 1412 1413 1412 1411 1413 1407 1412 1407 1414 1408 1414 1407 1413 1191 1415 1410 1410 1415 1416 1416 1417 1410 1411 1410 1418 1418 1410 1417 1411 1419 1413 1418 1419 1411 1419 1236 1235 1236 1419 1237 1191 1420 1415 1416 1415 1420 1420 1421 1416 1422 1416 1421 1418 1417 1423 1423 1417 1416 1416 1422 1423 1423 1424 1418 1425 1418 1424 1419 1418 1425 1425 1237 1419 1191 1426 1420 1426 1191 1190 1202 1426 1189 1190 1189 1426 1427 1421 1420 1420 1426 1427 1426 1202 1427 1421 1428 1422 1428 1421 1427 1422 1428 1429 1429 1430 1422 1423 1422 1430 1427 1202 1431 1202 1201 1431 1427 1432 1428 1432 1427 1431 1428 1432 1433 1433 1429 1428 1431 1433 1432 1434 1429 1433 1423 1430 1435 1429 1434 1435 1435 1430 1429 1201 1200 1436 1436 1431 1201 1437 1438 1439 1439 1440 1437 1433 1431 1440 1200 1441 1436 1442 1439 1436 1436 1441 1442 1439 1442 1443 1440 1439 1444 1444 1435 1434 1443 1444 1439 1440 1445 1433 1433 1445 1434 1445 1444 1434 1444 1445 1446 1447 1441 1200 1441 1447 1448 1448 1442 1441 1443 1442 1448 1448 1449 1443 1443 1449 1450 1444 1443 1451 1450 1451 1443 1200 1452 1447 1453 1447 1452 1454 1448 1447 1447 1453 1454 1455 1449 1448 1448 1454 1455 1456 1450 1449 1449 1457 1456 1206 1458 1200 1200 1458 1452 1459 1458 1206 1206 1211 1459 1452 1458 1459 1459 1460 1452 1452 1460 1453 1461 1453 1460 1455 1454 1462 1453 1461 1462 1462 1454 1453 1463 1459 1211 1460 1459 1463 1226 1463 1216 1211 1216 1463 1464 1465 1466 1467 1468 1469 1463 1470 1460 1226 1232 1470 1470 1463 1226 1460 1470 1461 1471 1461 1470 1470 1232 1471 1471 1232 1231 1461 1471 1472 1472 1473 1461 1473 1474 1457 1475 1476 1477 1478 1479 1480 1472 1471 1481 1231 1481 1471 1481 1482 1472 1472 1482 1457 1455 1482 1483 1483 1482 1481 1483 1456 1455 1481 1484 1483 1484 1481 1231 1456 1483 1484 1484 1485 1456 1450 1456 1485 1230 1486 1231 1231 1486 1484 1487 1486 1230 1230 1237 1487 1425 1487 1237 1484 1486 1487 1487 1485 1484 1487 1425 1488 1485 1488 1450 1488 1485 1487 1450 1488 1489 1451 1489 1424 1424 1489 1425 1489 1451 1450 1489 1488 1425 1424 1490 1451 1451 1490 1444 1491 1413 1419 1235 1491 1419 1247 1491 1235 1413 1491 1492 1492 1493 1413 1294 1414 1493 1413 1493 1414 1494 1492 1491 1491 1247 1494 1495 1492 1494 1492 1495 1496 1492 1497 1493 1496 1497 1492 1246 1253 1498 1494 1247 1498 1498 1247 1246 1499 1494 1498 1499 1500 1494 1494 1500 1495 1495 1500 1501 1501 1502 1495 1495 1502 1503 1503 1496 1495 1498 1253 1504 1504 1253 1252 1498 1505 1499 1504 1505 1498 1506 1501 1500 1506 1499 1505 1500 1499 1506 1507 1501 1506 1508 1502 1501 1501 1507 1508 1503 1502 1508 1496 1503 1509 1508 1509 1503 1252 1510 1504 1511 1504 1510 1505 1512 1506 1512 1505 1504 1504 1511 1512 1506 1513 1507 1513 1506 1512 1514 1258 1279 1514 1510 1252 1252 1258 1514 1510 1514 1515 1515 1516 1510 1510 1516 1511 1517 1512 1511 1511 1516 1517 1512 1517 1513 1515 1517 1516 1507 1513 1518 1518 1513 1517 1519 1279 1278 1279 1519 1514 1515 1514 1519 1517 1515 1520 1519 1520 1515 1278 1521 1519 1522 1519 1521 1517 1523 1518 1521 1523 1522 1522 1523 1517 1523 1521 1524 1524 1518 1523 1518 1524 1525 1525 1524 1276 1525 1526 1518 1518 1526 1507 1507 1526 1527 1527 1508 1507 1524 1521 1528 1521 1278 1528 1277 1528 1278 1276 1528 1277 1524 1528 1276 1276 1529 1525 1526 1525 1529 1529 1527 1526 1529 1276 1285 1527 1529 1530 1508 1527 1531 1530 1531 1527 1532 1533 1508 1533 1534 1508 1508 1534 1509 1285 1290 1535 1285 1535 1529 1530 1290 1536 1289 1536 1290 1537 1530 1536 1534 1533 1538 1531 1530 1538 1530 1537 1538 1538 1533 1531 1509 1534 1539 1538 1539 1534 1539 1540 1509 1509 1540 1496 1536 1289 1541 1294 1541 1289 1541 1542 1536 1538 1537 1543 1536 1542 1543 1543 1537 1536 1543 1539 1538 1544 1545 1546 1547 1548 1549 1550 1540 1539 1540 1550 1496 1550 1543 1542 1539 1543 1550 1542 1551 1550 1551 1497 1496 1493 1497 1551 1496 1550 1551 1551 1542 1541 1294 1493 1552 1294 1552 1541 1551 1552 1493 1541 1552 1551 1293 1553 1294 1414 1294 1553 1408 1414 1553 1553 1554 1408 1409 1408 1554 1297 1555 1293 1553 1293 1555 1556 1554 1553 1555 1556 1553 1557 1554 1556 1554 1557 1409 1558 1559 1560 1560 1561 1558 1402 1558 1561 1297 1296 1562 1562 1555 1297 1555 1562 1563 1563 1556 1555 1564 1556 1563 1556 1564 1557 1559 1565 1566 1566 1560 1559 1561 1560 1567 1566 1567 1560 1563 1562 1568 1568 1562 1296 1568 1569 1563 1563 1570 1564 1570 1563 1569 1571 1296 1295 1295 1300 1571 1296 1571 1568 1568 1571 1572 1572 1571 1300 1572 1573 1568 1569 1568 1573 1300 1574 1572 1574 1300 1299 1572 1574 1575 1299 1298 1575 1575 1574 1299 1576 1577 1578 1579 1578 1577 1577 1580 1579 1579 1581 1569 1581 1579 1580 1582 1298 171 1298 1582 1575 1582 1583 1575 1583 1584 1575 1585 1586 1587 1587 1588 1585 1589 1590 1591 1591 1592 1589 1575 1592 1593 1593 1577 1575 1580 1577 1593 171 205 1594 1594 1582 171 1595 1583 1582 1582 1594 1595 1583 1595 1596 1596 1584 1583 205 1597 1594 1595 1594 1597 1302 1597 205 1596 1595 1598 1597 1598 1595 1598 1597 1302 1302 1312 1598 1598 1599 1596 1312 1321 1599 1599 1598 1312 1600 1599 1321 1596 1599 1600 1596 1600 1601 1601 1584 1596 1587 1586 1601 1602 1603 1587 1320 1604 1321 1321 1604 1600 1603 1602 1605 1600 1605 1601 1605 1600 1604 1605 1606 1603 1604 1607 1605 1607 1604 1320 1606 1605 1607 1607 1608 1606 1326 1609 1320 1608 1607 1609 1320 1609 1607 1609 1326 1332 1609 1610 1608 1332 1610 1609 1444 1490 1611 1424 1423 1611 1435 1611 1423 1611 1435 1444 1611 1490 1424 1593 1592 1612 1612 1592 1591 1612 1613 1593 1580 1593 1613 1613 1612 1614 1614 1615 1613 1580 1616 1581 1616 1580 1613 1613 1615 1616 1591 1617 1612 1614 1612 1617 1617 1618 1614 1614 1618 1619 1619 1620 1614 1615 1614 1620 1620 1621 1615 1622 1616 1615 1615 1621 1622 1623 1581 1616 1616 1622 1623 1620 1619 1624 1625 1624 1354 1624 1625 1620 1621 1620 1625 1625 1626 1621 1374 1626 1625 1627 1622 1621 1621 1626 1627 1627 1626 1374 1374 1373 1627 1628 1623 1622 1622 1627 1628 1628 1627 1373 1373 1372 1628 1623 1628 1629 1629 1380 1379 1629 1628 1372 1372 1380 1629 1629 1630 1623 1581 1623 1630 1630 1569 1581 1354 1631 1625 1353 1631 1354 1374 1631 1353 1625 1631 1374 1379 1632 1629 1630 1629 1632 1632 1379 1385 1569 1630 1633 1632 1633 1630 1569 1634 1570 1633 1634 1569 1635 1570 1634 1570 1635 1564 1385 1636 1632 1633 1632 1636 1636 1637 1633 1634 1637 1635 1633 1637 1634 1635 1637 1638 1638 1639 1640 1565 1635 1641 1635 1639 1641 1642 1638 1637 1643 1644 1642 1645 1643 1642 1638 1642 1646 1646 1647 1638 1648 1649 1650 1650 1639 1638 1641 1639 1651 1651 1639 1650 1642 1644 1652 1646 1642 1653 1652 1653 1642 1653 1654 1646 1654 1655 1646 1655 1647 1646 1649 1656 1657 1656 1658 1657 1650 1658 1659 1652 1644 1660 1660 1661 1652 1662 1652 1661 1653 1652 1662 1662 1663 1653 1654 1653 1663 1651 1658 1664 1655 1654 1664 1663 1664 1654 1658 1665 1666 1667 1660 1644 1660 1667 1668 1383 1669 1660 1669 1383 1382 1670 1660 1669 1661 1660 1670 1670 1671 1661 1661 1672 1662 1672 1661 1671 1382 1393 1673 1382 1673 1669 1669 1673 1674 1674 1675 1676 1669 1677 1670 1678 1670 1677 1671 1670 1678 1671 1679 1672 1678 1679 1671 1674 1673 1680 1680 1673 1393 1681 1682 1674 1675 1683 1684 1683 1682 1684 1685 1393 1392 1393 1685 1680 1680 1685 1686 1662 1672 1686 1686 1687 1680 1686 1672 1687 1679 1687 1672 1680 1688 1679 1679 1689 1680 1682 1679 1690 1392 1691 1685 1392 1399 1691 1686 1685 1691 1691 1692 1686 1686 1692 1693 1693 1694 1686 1694 1662 1686 1399 1398 1695 1399 1695 1691 1696 1692 1691 1691 1695 1696 1692 1696 1697 1697 1693 1692 1698 1693 1697 1699 1663 1662 1699 1662 1694 1694 1693 1699 1693 1698 1699 1695 1398 1700 1700 1696 1695 1697 1696 1700 1700 1701 1697 1697 1701 1702 1702 1703 1697 1697 1703 1698 1699 1698 1704 1704 1698 1703 1403 1705 1398 1398 1705 1700 1701 1700 1705 1705 1706 1701 1701 1706 1707 1702 1707 1567 1707 1702 1701 1567 1707 1561 1702 1708 1703 1567 1708 1702 1703 1708 1704 1706 1705 1709 1709 1705 1403 1709 1707 1706 1561 1710 1709 1709 1711 1561 1403 1711 1709 1561 1711 1402 1402 1711 1403 1567 1566 1712 1712 1704 1708 1708 1567 1712 1641 1713 1565 1713 1704 1712 1714 1704 1713 1713 1641 1714 1651 1714 1641 1699 1714 1651 1704 1714 1699 1715 1565 1713 1566 1565 1715 1712 1715 1713 1712 1566 1715 1664 1663 1716 1699 1716 1663 1651 1716 1699 1664 1716 1651 9 18 1717 1717 1718 9 1719 10 9 9 1718 1719 1720 11 10 10 1719 1720 11 1720 1721 1721 19 11 27 33 1721 1722 1718 1717 1723 1719 1718 1718 1722 1723 1724 1720 1719 1719 1723 1724 1720 1724 1725 1725 1721 1720 1717 1726 1722 1727 1722 1726 1728 1723 1722 1722 1727 1728 1723 1728 1729 1729 1724 1723 1724 1729 1730 1730 1725 1724 1731 1732 1733 1733 1734 1725 1735 1725 1734 1726 1736 1727 1727 1736 1737 1728 1727 1738 1737 1738 1727 1738 1739 1728 1729 1728 1739 1739 1740 1729 1741 1730 1729 1729 1740 1741 1742 1733 1730 1730 1741 1742 1743 1738 1737 1744 1739 1738 1738 1743 1744 1745 1740 1739 1739 1744 1745 1742 1741 1746 1740 1745 1746 1746 1741 1740 1737 1747 1743 1748 1743 1747 1749 1744 1743 1743 1748 1749 1744 1749 1750 1750 1745 1744 1745 1750 1751 1751 1746 1745 1746 1751 1752 1746 1753 1742 1752 1753 1746 1747 1754 1748 1753 1752 1755 1755 1756 1753 1742 1753 1756 1733 1742 1757 1757 1742 1756 1756 1755 1758 1758 1759 1756 1757 1756 1759 1759 1760 1757 1757 1761 1733 1761 1757 1760 1762 1734 1733 1733 1761 1762 1759 1758 1763 1763 1764 1759 1765 1760 1759 1759 1764 1765 1766 1760 1765 1767 1760 1766 1760 1767 1761 1761 1767 1768 1768 1762 1761 1764 1763 1769 1765 1764 1770 1769 1770 1764 1770 1771 1765 1765 1772 1766 1772 1773 1774 1775 1766 1772 1766 1776 1767 1776 1766 1775 1770 1769 1777 1777 1778 1770 1771 1770 1778 1778 1779 1771 1771 1779 1780 1771 1781 1772 1780 1781 1771 1780 1779 1782 1782 1783 1780 1781 1780 1784 1784 1780 1783 1772 1781 1785 1784 1785 1781 1785 1786 1772 1772 1786 1775 1783 1782 1787 1787 1788 1783 1783 1789 1784 1789 1783 1788 1784 1789 1790 1790 1791 1784 1792 1785 1784 1784 1791 1792 1793 1787 1782 1787 1793 1794 1795 1767 1776 1768 1767 1795 1794 1795 1787 1795 1794 1768 1788 1787 1796 1796 1797 1788 1776 1797 1795 1788 1798 1789 1790 1789 1798 1798 1788 1797 1798 1788 1797 1799 1800 1801 1782 1802 1793 1793 1802 1803 1803 20 22 22 1804 1803 1804 22 24 1803 1804 1793 1804 1794 1793 1794 1804 1805 24 1805 1804 1762 1768 1805 1805 1768 1794 1805 24 26 26 1806 1805 1734 1762 1806 1805 1806 1762 1806 1807 1734 1721 1807 27 1734 1807 1721 1807 1806 26 26 27 1807 1797 1776 1808 1775 1808 1776 1775 1808 1776 1809 1810 1811 1808 1775 1812 1812 1775 1786 1812 1813 1808 1808 1813 1814 1797 1815 1798 1814 1815 1808 1808 1815 1797 1816 1798 1815 1815 1814 1816 1798 1816 1790 1785 1792 1817 1786 1817 1812 1817 1786 1785 1818 1817 1792 1818 1812 1817 1813 1812 1818 1818 1819 1813 1813 1819 1814 1820 1816 1814 1816 1820 1790 1820 1819 1818 1791 1790 1820 1814 1819 1820 1792 1821 1818 1818 1821 1820 1821 1792 1791 1791 1820 1821 941 940 1822 1822 940 946 1822 1823 941 947 941 1823 946 1824 1822 948 947 1825 1823 1825 947 951 948 1826 1825 1826 948 1826 1827 951 1828 954 951 951 1827 1828 954 1828 1829 1829 957 954 1830 960 957 957 1829 1830 1831 964 960 960 1830 1831 1832 966 964 964 1831 1832 1748 1754 1833 1749 1748 1834 1833 1834 1748 1750 1749 1835 1834 1835 1749 1751 1750 1836 1835 1836 1750 1836 1837 1751 1752 1751 1837 1837 1838 1752 1839 1755 1752 1752 1838 1839 1840 1758 1755 1755 1839 1840 1841 1763 1758 1758 1840 1841 1763 1841 1842 1842 1769 1763 1777 1769 1842 1842 1843 1777 771 1844 772 540 539 1845 1846 1847 1848 1847 1846 1849 1849 1850 1847 1850 1849 1851 1851 1852 1850 1852 1851 1853 1853 1854 1852 1855 1854 1853 1853 1856 1855 1857 1855 1856 1848 1858 1846 1859 1846 1858 1860 1849 1846 1846 1859 1860 1861 1851 1849 1849 1860 1861 1851 1861 1862 1862 1853 1851 1856 1853 1862 1862 1863 1856 1856 1864 1857 1864 1856 1863 1858 1865 1859 1865 1866 1859 1860 1859 1866 1866 1867 1860 1868 1861 1860 1860 1867 1868 1861 1868 1869 1862 1861 1869 1869 1863 1862 1870 1863 1869 1863 1871 1864 1871 1863 1870 1872 1866 1865 1872 1873 1866 1866 1873 1874 1867 1866 1875 1874 1875 1866 1874 1873 1876 1876 1873 1872 1876 1877 1874 1878 1875 1874 1874 1877 1878 1878 1879 1875 1875 1879 1867 1876 1872 1880 1881 1876 1880 1882 1883 1881 1877 1884 1885 1878 1877 1885 1884 1886 1885 1885 1887 1878 1867 1879 1887 1887 1885 1882 1887 1879 1878 1887 1888 1867 1882 1888 1887 1888 1889 1867 1889 1888 1882 1869 1868 1889 1867 1889 1868 1880 1890 1881 1891 1881 1890 1881 1892 1882 1892 1881 1891 1893 1882 1892 1889 1882 1893 1890 1894 1891 1891 1895 1892 1896 1892 1895 1892 1896 1893 1893 1896 1897 1889 1893 1898 1897 1898 1893 1898 1899 1889 1889 1899 1869 1899 1870 1869 1899 1897 1898 1897 1896 1900 1895 1900 1896 1900 1901 1897 1902 1897 1901 1899 1898 1903 1897 1902 1903 1903 1898 1897 1904 1905 1906 1903 1907 1899 1907 1870 1899 1901 1908 1902 1909 1902 1908 1910 1903 1902 1907 1903 1910 1902 1909 1910 1910 1911 1907 1907 1911 1912 1912 1870 1907 1870 1912 1871 1908 1913 1909 1914 1909 1913 1911 1910 1915 1915 1910 1909 1909 1914 1915 1911 1916 1912 1915 1916 1911 1917 1871 1912 1912 1916 1917 1918 1864 1871 1871 1917 1918 1913 1919 1914 1920 1914 1919 1921 1915 1914 1916 1915 1921 1914 1920 1921 1921 1922 1916 1916 1922 1923 1923 1917 1916 1917 1923 1924 1924 1918 1917 1919 1925 1920 1918 1924 1926 1927 1857 1864 1864 1918 1927 1926 1927 1918 1928 1929 1930 1929 1928 1931 1931 1932 1929 1932 1931 1933 1933 1934 1932 1934 1933 1935 1935 1936 1934 1937 1936 1935 1930 1938 1928 1939 1928 1938 1928 1939 1940 1940 1931 1928 1931 1940 1941 1941 1933 1931 1933 1941 1942 1942 1935 1933 1935 1942 1943 1935 1944 1937 1943 1944 1935 1938 1945 1939 1944 1943 1946 1937 1944 1947 1946 1947 1944 1947 1948 1937 1947 1946 1949 1949 1950 1947 1948 1947 1950 1950 1951 1948 1952 1950 1949 1950 1952 1953 1953 1951 1950 1949 1954 1952 1955 1956 1957 1958 1956 1955 1959 1956 1958 1956 1959 1960 1960 1961 1956 1961 1962 1956 1962 1963 1956 1957 1956 1963 1964 1965 1966 1967 1966 1965 1968 1966 1967 1966 1968 1969 1966 1970 1964 1969 1970 1966 1964 1970 1971 1971 1970 1969 1971 1972 1964 1965 1973 1967 1974 1967 1973 1975 1967 1974 1967 1975 1968 1973 1976 1974 1977 1974 1976 1974 1978 1975 1978 1976 1974 1979 1980 1981 1982 1974 1977 1976 1983 1977 1977 1983 1984 1984 1985 1977 1977 1985 1986 1986 1987 1977 1977 1987 1978 1985 1984 1988 1988 1989 1985 1972 1971 1989 1989 1988 1972 1990 1986 1985 1985 1989 1990 1969 1991 1971 1991 1990 1989 1989 1971 1991 1968 1975 1992 1969 1968 1993 1992 1993 1968 1994 1992 1975 1975 1978 1994 1992 1994 1995 1995 1996 1992 1993 1992 1996 1978 1987 1997 1997 1987 1986 1997 1994 1978 1998 1995 1994 1994 1997 1998 1996 1995 1999 1999 1995 1998 2000 1986 1990 1998 1997 2000 1986 2000 1997 1990 2001 2000 2001 1990 1991 2000 2002 1998 2002 2000 2001 1991 2003 2001 2003 1991 1969 2001 2004 2002 2004 2001 2003 2005 2002 2004 2006 1998 2002 1998 2006 1999 2002 2005 2006 2004 2007 2005 2003 2008 2004 2007 2004 2008 2008 2009 2007 2009 2008 2010 2010 2011 2009 2012 2013 2014 2014 2015 2012 1996 2015 1993 2015 1996 2016 2016 2012 2015 1999 2016 1996 2008 2003 2017 2015 2010 2017 2017 2010 2008 2017 2018 2015 1993 2019 1969 1969 2019 2003 2020 2021 2022 2022 2023 2020 2023 1847 1850 1848 1847 2023 2023 2022 1848 2020 2023 2024 2024 1850 1852 1850 2024 2023 2024 2025 2020 2025 2024 2026 1852 2026 2024 2026 1852 1854 2026 2027 2025 2027 2026 2028 1854 2028 2026 2028 1854 1855 2028 2029 2027 1855 2030 2028 2029 2028 2030 2030 1855 1857 2030 2031 2029 2032 2033 2034 2035 2036 2037 1857 1927 2038 1857 2039 2030 2031 2030 2039 2038 2039 1857 2039 2040 2031 2041 2038 1927 1927 1926 2041 2038 2041 2042 2042 2043 2038 2039 2038 2043 2043 2040 2039 2044 2045 2046 2046 2047 2044 2047 2046 2048 2048 2049 2047 2050 2046 2045 2045 2051 2050 2052 2048 2046 2046 2050 2052 2053 2048 2052 2049 2048 2053 1951 1953 2054 2054 2049 2053 2055 2050 2051 2051 2056 2055 2057 2052 2050 2050 2055 2057 2052 2057 2058 2052 2059 2053 2058 2059 2052 2060 2055 2056 2056 2061 2060 2055 2060 2062 2062 2057 2055 2063 2058 2057 2057 2062 2063 2064 1937 1948 2059 2058 2064 2064 2058 2063 1936 1937 2064 2060 2061 2065 2062 2060 2066 2065 2066 2060 2066 2067 2062 2063 2062 2067 2068 2063 2067 2064 2069 1936 2063 2069 2064 2069 2063 2068 1934 1936 2069 2066 2065 2070 2067 2066 2071 2070 2071 2066 2068 2067 2072 2071 2072 2067 2072 2073 2068 2069 2068 2074 1932 1934 2074 2069 2074 1934 2074 2068 2073 2071 2070 2075 2075 2076 2071 2072 2071 2076 2073 2072 2077 2076 2077 2072 2077 2078 2073 1930 1929 2078 2073 2079 2074 2079 2073 2078 2079 2078 1929 1929 1932 2079 2074 2079 1932 2076 2075 2080 2080 2081 2076 2077 2076 2081 2078 2077 2082 2081 2082 2077 2082 2083 2078 2078 2083 1930 1948 2084 2064 2084 2059 2064 2085 2086 2087 2085 2086 2087 2088 2089 2090 2059 2084 2091 1948 2085 2091 2091 2084 1948 2091 2092 2059 2059 2092 2093 2093 2094 2059 2053 2095 2054 2054 2095 1951 2096 2095 2053 2053 2093 2096 1951 2095 2096 2096 2097 1951 2087 2097 2085 2098 2096 2093 2096 2098 2097 2097 2098 2085 2085 2098 2091 2091 2098 2092 2098 2093 2092 2099 2100 2101 2044 2099 2102 2102 2045 2044 2051 2045 2102 2101 2102 2099 2102 2103 2051 2103 2102 2101 2056 2051 2103 2101 2104 2103 2105 2103 2104 2103 2105 2056 2105 2103 2104 2061 2056 2105 2106 2107 2108 2104 2109 2105 2105 2110 2061 2065 2061 2110 2110 2105 2109 2109 2111 2110 2112 2110 2111 2110 2112 2065 2112 2110 2111 2070 2065 2112 2113 2114 2115 2111 2116 2112 2117 2112 2116 2117 2112 2116 2112 2117 2070 2118 2115 2119 2116 2120 2117 2117 2120 2121 2070 2117 2122 2122 2075 2070 2121 2122 2117 2123 2119 2124 2122 2121 2125 2075 2122 2126 2126 2080 2075 2125 2126 2122 2127 2128 2129 2129 2130 2127 2127 2130 2131 2131 2132 2127 2132 2131 2133 2133 2134 2132 2135 2134 2133 2136 2137 2138 2139 2131 2130 2137 2136 2139 2131 2139 2140 2140 2133 2131 2133 2140 2141 2141 2142 2133 2133 2143 2135 2135 2143 2144 2144 2145 2135 2129 2146 2136 2136 2146 2147 2139 2136 2148 2141 2140 2148 2147 2148 2136 2148 2149 2139 2148 2150 2141 2141 2151 2152 2152 2153 2141 2154 2142 2141 2141 2153 2154 2155 2150 2148 2148 2147 2155 2152 2151 2156 2156 2157 2152 2158 2152 2157 2152 2158 2159 2159 2153 2152 2160 2154 2153 2153 2161 2160 2144 2160 2162 2162 2145 2144 2157 2163 2158 2158 2163 2164 2165 2160 2161 2159 2158 2165 2164 2165 2158 2162 2160 2166 2166 2167 2164 2167 2166 2160 2164 2168 2166 2169 2170 2171 2172 2173 2174 2175 2176 2177 2171 2178 2169 2179 2180 2181 2181 2182 2179 2183 2184 2185 2185 2186 2183 2187 2183 2186 2174 2188 2172 2189 2172 2188 2175 2190 2176 2188 2191 2189 2192 2189 2191 2190 2193 2176 2191 2194 2192 2195 2192 2194 2193 2196 2176 2194 2197 2195 2198 2195 2197 2196 2199 2176 2197 2200 2198 2201 2198 2200 2199 2202 2176 2200 2203 2201 2204 2201 2203 2202 2205 2176 2203 2206 2204 2207 2204 2206 2205 2208 2176 2206 2209 2207 2210 2207 2209 2208 2211 2176 2209 2212 2210 2213 2210 2212 2211 2214 2176 2212 2215 2213 2216 2213 2215 2214 2217 2176 2215 2218 2216 2219 2216 2218 2217 2220 2176 2218 2221 2219 2222 2219 2221 2220 2223 2176 2221 2224 2222 2225 2222 2224 2223 2226 2176 2226 2227 2176 2227 2228 2176 2228 2229 2176 2176 2229 2230 2230 2231 2176 2231 2232 2176 2224 2233 2225 2234 2225 2233 2233 2235 2234 2236 2234 2235 2235 2237 2236 2238 2236 2237 2237 2239 2238 2240 2238 2239 2239 2187 2240 2186 2240 2187 2241 2242 2243 2244 2245 2246 2246 2247 2244 2247 2246 2248 2248 2249 2247 2249 2248 2250 2250 2251 2249 2243 2252 2241 2253 2254 2255 2255 2254 2256 2256 2254 2257 2257 2254 2258 2251 2250 2259 2259 2260 2251 2260 2259 2261 2261 2262 2260 2262 2261 2263 2263 2264 2262 2265 2266 2267 2267 2268 2265 2269 2254 2270 2271 2254 2269 2272 2254 2271 2273 2254 2274 2275 2254 2273 2275 2276 2254 2277 2254 2276 2278 2254 2277 2279 2254 2278 2280 2254 2279 2281 2254 2280 2282 2254 2281 2258 2254 2283 2283 2254 2282 2284 2285 2286 2286 2287 2284 2287 2286 2288 2288 2289 2287 2289 2288 2290 2290 2291 2289 2291 2290 2292 2292 2293 2291 2293 2292 2294 2294 2295 2293 2295 2294 2296 2296 2297 2295 2297 2296 2298 2298 2299 2297 2299 2298 2300 2300 2301 2299 2301 2300 2302 2302 2303 2301 2303 2302 2304 2304 2305 2303 2305 2304 2306 2306 2307 2305 2307 2306 2308 2308 2309 2307 2309 2308 2310 2264 2263 2311 2311 2310 2264 2310 2311 2309 2312 2274 2254 2254 2272 2312</p>
        </triangles>
      </mesh>
    </geometry>
    <geometry id="Geometry1" name="_001_Mesh_001">
      <mesh>
        <source id="GeometrySource3" name="0001_Mesh_001Pos">
          <float_array id="GeometrySource3-array" count="2868">-1.01083 1.73102 0.060662 -1.0117 1.74574 0.018598 -1.07295 1.7347 0.066008 -1.0138 1.74994 -0.020697 -1.07455 1.75076 -0.016256 -1.07295 1.75018 0.023622 -1.16924 1.7591 0.03175 -1.1782 1.73871 0.080308 -1.07427 1.75628 -0.051132 -1.0132 1.75344 -0.05136 -1.1624 1.76253 -0.050723 -1.16489 1.75407 -0.009597 -1.01227 1.74866 -0.098673 -1.076 1.74759 -0.097487 -1.16335 1.74792 -0.096662 -1.22045 1.75624 -0.078479 -1.22073 1.76866 -0.051064 -1.22381 1.75846 -0.019899 -1.01482 1.73785 -0.125779 -1.07457 1.74172 -0.12652 -1.01952 1.70894 -0.166403 -1.07368 1.71014 -0.174112 -1.16062 1.74848 -0.128316 -1.01697 1.65075 -0.179242 -1.07349 1.65116 -0.187928 -1.16011 1.71285 -0.186862 -1.21195 1.73425 -0.163751 -1.21459 1.75367 -0.136481 -1.22005 1.7503 -0.110888 -1.07097 1.58296 -0.149284 -1.01407 1.59322 -0.140244 -1.15905 1.59856 -0.163757 -1.15923 1.64926 -0.200048 -1.21845 1.65556 -0.196211 -1.2214 1.7109 -0.18746 -1.01602 1.57262 -0.085409 -1.07258 1.56648 -0.080463 -1.15753 1.58683 -0.065441 -1.22715 1.59569 -0.051735 -1.22582 1.59945 -0.159806 -1.01791 1.57405 -0.044485 -1.07372 1.58245 -0.033502 -1.15633 1.59481 -0.021847 -1.00607 1.56196 -0.011295 -1.06832 1.55265 0.004045 -1.13245 1.55268 0.030404 -1.19116 1.57943 0.081976 -1.22834 1.60754 -0.010716 -0.99607 1.57641 0.058017 -1.04093 1.56649 0.085696 -1.09843 1.55331 0.116124 -1.15404 1.568 0.092264 -1.24157 1.59432 0.064257 -1.23352 1.64606 0.121256 -1.24692 1.64921 0.107706 -1.28393 1.60944 0.072409 -1.28705 1.60392 0.029691 -1.29996 1.62068 -0.008082 -1.3022 1.62389 -0.012432 -1.28147 1.66229 0.108065 -1.29534 1.60974 0.073519 -1.30195 1.60447 0.031972 -1.31102 1.62456 -0.01014 -1.3336 1.67276 -0.01563 -1.29996 1.62068 -0.008082 -1.31102 1.62456 -0.01014 -1.3336 1.67276 -0.01563 -1.33147 1.67679 0.010626 -1.29996 1.62068 -0.008082 -1.33147 1.67679 0.010626 -1.37659 1.65288 0.123192 -1.37724 1.60673 0.088933 -1.38596 1.60298 0.046938 -1.39537 1.62506 -0.000467 -1.39888 1.68059 -0.00672 -1.3912 1.65312 0.126255 -1.39436 1.60677 0.091554 -1.40239 1.60293 0.050026 -1.41312 1.62567 0.001838 -1.41371 1.68084 -0.003571 -1.41371 1.68084 -0.003571 -1.472 1.67416 0.009661 -1.39888 1.68059 -0.00672 -1.472 1.67416 0.009661 -1.4684 1.61624 0.014539 -1.53502 1.6566 0.018447 -1.446 1.64886 0.132578 -1.4507 1.59911 0.099856 -1.45859 1.59538 0.058417 -1.4684 1.61624 0.014539 -1.51173 1.63019 0.144655 -1.51007 1.59016 0.109835 -1.51841 1.58674 0.066865 -1.53001 1.60781 0.023885 -1.56636 1.65496 0.047805 -1.55609 1.61578 0.050963 -1.55835 1.60574 0.078284 -1.57322 1.6473 0.090753 -1.54401 1.60363 0.100803 -1.55417 1.63701 0.129787 -1.23581 1.72513 0.088757 -1.22977 1.69606 0.106372 -1.29269 1.72033 0.091926 -1.28147 1.66229 0.108065 -1.24692 1.64921 0.107706 -1.2174 1.74983 0.06478 -1.24744 1.74255 0.07279 -1.27167 1.73841 0.075845 -1.30536 1.74309 0.058031 -1.39336 1.70826 0.115487 -1.37659 1.65288 0.123192 -1.21829 1.76162 0.036783 -1.24812 1.76376 0.043114 -1.28145 1.75562 0.049209 -1.27962 1.74972 0.0219 -1.31852 1.73665 0.017408 -1.4035 1.73314 0.073843 -1.21914 1.75579 0.013505 -1.24934 1.75311 0.013077 -1.23612 1.74389 -0.000365 -1.32089 1.7384 -0.005107 -1.41223 1.72542 0.028682 -1.3336 1.67276 -0.01563 -1.45991 1.71692 0.082023 -1.23379 1.74651 -0.005758 -1.31188 1.74222 -0.011911 -1.23389 1.74572 -0.006883 -1.23389 1.74572 -0.006883 -1.27818 1.75404 -0.021565 -1.31075 1.75631 -0.050455 -1.41983 1.74607 -0.051051 -1.41909 1.72907 -0.003262 -1.40308 1.67683 0.019361 -1.33147 1.67679 0.010626 -1.24519 1.75561 -0.017997 -1.28128 1.76593 -0.050498 -1.27637 1.75278 -0.080826 -1.31124 1.74162 -0.090052 -1.4188 1.7302 -0.097039 -1.48858 1.73147 -0.051605 -1.24309 1.77175 -0.050384 -1.24175 1.75486 -0.08223 -1.22938 1.74232 -0.096784 -1.31463 1.73642 -0.099327 -1.3222 1.67128 -0.108494 -1.31124 1.74162 -0.090052 -1.31463 1.73642 -0.099327 -1.3222 1.67128 -0.108494 -1.22843 1.74247 -0.098431 -1.30274 1.73349 -0.114989 -1.30274 1.73349 -0.114989 -1.30274 1.73349 -0.114989 -1.3245 1.67016 -0.086695 -1.3222 1.67128 -0.108494 -1.3245 1.67016 -0.086695 -1.37655 1.6827 -0.093492 -1.3222 1.67128 -0.108494 -1.3222 1.67128 -0.108494 -1.37655 1.6827 -0.093492 -1.3245 1.67016 -0.086695 -1.3245 1.67016 -0.086695 -1.30274 1.73349 -0.114989 -1.37655 1.6827 -0.093492 -1.3829 1.72455 -0.127 -1.39253 1.68291 -0.097094 -1.22928 1.73918 -0.101016 -1.26417 1.7444 -0.11597 -1.22928 1.73918 -0.101016 -1.28246 1.73975 -0.153091 -1.37377 1.73302 -0.167642 -1.43873 1.71908 -0.18153 -1.44703 1.71146 -0.142754 -1.45084 1.67819 -0.113331 -1.24128 1.74638 -0.109475 -1.16335 1.74792 -0.096662 -1.26322 1.75087 -0.144437 -1.25238 1.73291 -0.169717 -1.26447 1.71652 -0.185513 -1.36246 1.70763 -0.210743 -1.23736 1.75682 -0.139058 -1.23364 1.73364 -0.168712 -1.25835 1.65948 -0.193214 -1.26561 1.61216 -0.163842 -1.27525 1.61518 -0.16616 -1.34185 1.65687 -0.217061 -1.35719 1.65769 -0.220641 -1.42792 1.69618 -0.220933 -1.27557 1.60811 -0.118064 -1.28886 1.61061 -0.124232 -1.36062 1.60983 -0.144637 -1.34883 1.61302 -0.189916 -1.36618 1.61363 -0.195236 -1.4213 1.65504 -0.23453 -1.29705 1.62605 -0.087538 -1.3052 1.63043 -0.086814 -1.37073 1.63001 -0.104418 -1.38812 1.63043 -0.109112 -1.37708 1.61008 -0.149691 -1.42544 1.60441 -0.207513 -1.22715 1.59569 -0.051735 -1.29444 1.62366 -0.086107 -1.29705 1.62605 -0.087538 -1.29444 1.62366 -0.086107 -1.3245 1.67016 -0.086695 -1.3245 1.67016 -0.086695 -1.29705 1.62605 -0.087538 -1.3245 1.67016 -0.086695 -1.3052 1.63043 -0.086814 -1.37655 1.6827 -0.093492 -1.39253 1.68291 -0.097094 -1.45084 1.67819 -0.113331 -1.44621 1.62356 -0.125261 -1.29388 1.61434 -0.048285 -1.29444 1.62366 -0.086107 -1.30105 1.61471 -0.04786 -1.29935 1.62823 -0.094868 -1.3222 1.67128 -0.108494 -1.29935 1.62823 -0.094868 -1.3245 1.67016 -0.086695 -1.29444 1.62366 -0.086107 -1.30583 1.62499 -0.012758 -1.39762 1.61337 -0.04989 -1.39601 1.62649 -0.102199 -1.39643 1.68025 -0.120489 -1.3222 1.67128 -0.108494 -1.33147 1.67679 0.010626 -1.40308 1.67683 0.019361 -1.39708 1.6247 -0.005731 -1.41701 1.62428 -0.007226 -1.41981 1.61493 -0.050391 -1.41612 1.6266 -0.103285 -1.4145 1.68025 -0.120526 -1.48609 1.67197 -0.117565 -1.39643 1.68025 -0.120489 -1.4145 1.68025 -0.120526 -1.48609 1.67197 -0.117565 -1.42066 1.67685 0.019352 -1.48434 1.66984 0.015589 -1.4827 1.61624 -0.009877 -1.48224 1.60538 -0.05192 -1.48371 1.61806 -0.101703 -1.48371 1.61806 -0.101703 -1.55175 1.65542 -0.119774 -1.54851 1.60797 -0.103722 -1.59362 1.65728 -0.100148 -1.55872 1.65111 0.016545 -1.54881 1.60557 -0.010394 -1.54703 1.59481 -0.05341 -1.58245 1.61612 -0.029044 -1.5901 1.61081 -0.055116 -1.58409 1.61841 -0.086314 -1.61378 1.65173 -0.05318 -1.59975 1.6542 -0.00811 -1.51679 1.66186 -0.126117 -1.50556 1.61514 -0.13945 -1.43591 1.60068 -0.164552 -1.48491 1.6004 -0.225446 -1.47993 1.6404 -0.249016 -1.53099 1.62155 -0.164964 -1.49425 1.59578 -0.180334 -1.51912 1.61305 -0.220132 -1.52243 1.64684 -0.241343 -1.51562 1.68532 -0.223287 -1.48649 1.68508 -0.23478 -1.54878 1.6603 -0.157646 -1.55096 1.65563 -0.205294 -1.5382 1.61536 -0.194944 -1.55096 1.65563 -0.205294 -1.53243 1.69626 -0.20044 -1.49512 1.70978 -0.193949 -1.50643 1.70077 -0.153342 -1.51679 1.66186 -0.126117 -1.52697 1.6944 -0.172726 -1.54878 1.6603 -0.157646 -1.39643 1.68025 -0.120489 -1.4145 1.68025 -0.120526 -1.48831 1.71635 -0.094673 -1.55643 1.71627 -0.052089 -1.48719 1.71566 -0.006194 -1.42066 1.67685 0.019352 -1.48609 1.67197 -0.117565 -1.55726 1.69966 -0.096397 -1.58511 1.69459 -0.078082 -1.59179 1.70111 -0.052059 -1.58385 1.69451 -0.025011 -1.55761 1.69883 -0.004887 -1.48434 1.66984 0.015589 -1.55175 1.65542 -0.119774 -1.59362 1.65728 -0.100148 -1.61378 1.65173 -0.05318 -1.59362 1.65728 -0.100148 -1.59975 1.6542 -0.00811 -1.55872 1.65111 0.016545 -1.39888 1.68059 -0.00672 -1.41371 1.68084 -0.003571 -1.46793 1.70972 0.039955 -1.52235 1.70544 0.0921 -1.45072 1.69342 0.121785 -1.3912 1.65312 0.126255 -1.472 1.67416 0.009661 -1.53397 1.69591 0.048984 -1.55196 1.68624 0.068043 -1.55561 1.68987 0.094876 -1.54289 1.67841 0.119513 -1.51423 1.68047 0.133592 -1.446 1.64886 0.132578 -1.53502 1.6566 0.018447 -1.56636 1.65496 0.047805 -1.57322 1.6473 0.090753 -1.55417 1.63701 0.129787 -1.51173 1.63019 0.144655 -1.31188 1.74222 -0.011911 -1.33147 1.67679 0.010626 -1.32089 1.7384 -0.005107 -1.32089 1.7384 -0.005107 -1.3336 1.67276 -0.01563 -1.31852 1.73665 0.017408 -0.999244 1.66372 0.095934 -1.04669 1.71136 0.101957 -1.02791 1.64368 0.122189 -1.1031 1.68393 0.161328 -1.0866 1.60831 0.174637 -1.15082 1.63746 0.196675 -1.13017 1.59022 0.191699 -1.14167 1.71156 0.119165 -1.195 1.69138 0.14852 -1.18042 1.65475 0.19197 -1.17029 1.61799 0.213964 -1.15753 1.57369 0.204649 -1.02791 1.64368 0.122189 -0.999244 1.66372 0.095934 -0.99607 1.57641 0.058017 -1.09007 1.57556 0.151464 -1.15159 1.54741 0.132867 -1.18341 1.56142 0.107066 -1.0866 1.60831 0.174637 -1.13017 1.59022 0.191699 -1.13821 1.563 0.168622 -1.16811 1.54443 0.135629 -1.19783 1.55629 0.119631 -1.2104 1.57904 0.097578 -1.23352 1.64606 0.121256 -1.19116 1.57943 0.081976 -1.15849 1.55421 0.176331 -1.19735 1.50486 0.156815 -1.22752 1.51414 0.137508 -1.2261 1.57457 0.114291 -1.24078 1.62563 0.122318 -1.15753 1.57369 0.204649 -1.19971 1.50381 0.194914 -1.23562 1.49793 0.187212 -1.25718 1.49998 0.176919 -1.25313 1.53037 0.128638 -1.2746 1.56575 0.141485 -1.24676 1.61364 0.126587 -1.20495 1.51444 0.222794 -1.24088 1.50415 0.2184 -1.27081 1.5119 0.202561 -1.27796 1.51787 0.165322 -1.28948 1.53079 0.183753 -1.23352 1.64606 0.121256 -1.23352 1.64606 0.121256 -1.2177 1.66303 0.171968 -1.20127 1.6355 0.212214 -1.24078 1.62563 0.122318 -1.24676 1.61364 0.126587 -1.24676 1.61364 0.126587 -1.23286 1.64535 0.194408 -1.23286 1.64535 0.194408 -1.2498 1.57224 0.225261 -1.21844 1.55269 0.235767 -1.20495 1.51444 0.222794 -1.28462 1.5829 0.193667 -1.28601 1.54334 0.205776 -1.26993 1.53666 0.226328 -1.24225 1.52886 0.230145 -1.24088 1.50415 0.2184 -1.2746 1.56575 0.141485 -1.28948 1.53079 0.183753 -1.27081 1.5119 0.202561 -0.863827 1.65488 -0.146305 -0.89773 1.66587 -0.082129 -0.898386 1.63881 -0.062911 -0.862457 1.60739 -0.115195 -0.902106 1.64904 -0.190346 -0.863827 1.65488 -0.146305 -0.862457 1.60739 -0.115195 -0.900021 1.57514 -0.146207 -0.963595 1.64935 -0.184593 -0.959752 1.57767 -0.142338 -0.986527 1.65313 -0.155105 -0.992546 1.59804 -0.122214 -0.862308 1.58412 -0.081479 -0.895064 1.54921 -0.083056 -0.862308 1.58412 -0.081479 -0.955013 1.55272 -0.084565 -0.993139 1.57935 -0.088363 -0.989952 1.57892 -0.049838 -0.951611 1.55103 -0.030445 -0.981701 1.57972 -0.004611 -0.858295 1.59551 -0.035102 -0.858295 1.59551 -0.035102 -0.889556 1.54808 -0.030781 -0.899272 1.63759 -0.016763 -0.857684 1.60851 0.034083 -0.857684 1.60851 0.034083 -0.888956 1.55544 0.019517 -0.951556 1.55793 0.017243 -0.888956 1.55544 0.019517 -0.976905 1.59802 0.041988 -0.951721 1.58181 0.066638 -0.95686 1.65969 0.105291 -0.981345 1.66185 0.073606 -0.900949 1.66955 -0.000303 -0.861313 1.66267 0.062091 -0.889194 1.57944 0.070482 -0.861313 1.66267 0.062091 -0.889194 1.57944 0.070482 -0.903111 1.68673 -0.016386 -0.864734 1.71988 0.034169 -0.894202 1.66005 0.11047 -0.864734 1.71988 0.034169 -0.894202 1.66005 0.11047 -0.899366 1.7399 0.070366 -0.960743 1.73708 0.066742 -0.98581 1.72469 0.041402 -0.960731 1.76128 0.021369 -0.987833 1.73745 0.014317 -0.864956 1.73256 -0.026534 -0.899357 1.76543 0.018273 -0.864956 1.73256 -0.026534 -0.90194 1.68833 -0.064887 -0.863314 1.73517 -0.086337 -0.89791 1.77557 -0.055099 -0.863314 1.73517 -0.086337 -0.899588 1.7764 -0.018484 -0.961986 1.77314 -0.01944 -0.865186 1.69895 -0.136796 -0.899932 1.74728 -0.137246 -0.865186 1.69895 -0.136796 -0.89777 1.76598 -0.105802 -0.958316 1.76313 -0.103142 -0.960225 1.77284 -0.054818 -0.89773 1.66587 -0.082129 -0.863827 1.65488 -0.146305 -0.90436 1.71481 -0.177064 -0.863827 1.65488 -0.146305 -0.96114 1.74631 -0.132031 -0.902106 1.64904 -0.190346 -0.965436 1.71316 -0.171617 -0.986756 1.70465 -0.14465 -0.986156 1.72584 -0.121949 -0.987656 1.74319 -0.089057 -0.988699 1.74779 -0.051966 -0.989791 1.74407 -0.02483 -0.963595 1.64935 -0.184593 -0.986527 1.65313 -0.155105 -0.98581 1.72469 0.041402 -0.981345 1.66185 0.073606 -0.987833 1.73745 0.014317 -0.989791 1.74407 -0.02483 -0.988699 1.74779 -0.051966 -0.989791 1.74407 -0.02483 -0.987656 1.74319 -0.089057 -0.986156 1.72584 -0.121949 -0.986756 1.70465 -0.14465 -0.986527 1.65313 -0.155105 -0.992546 1.59804 -0.122214 -0.992546 1.59804 -0.122214 -0.993139 1.57935 -0.088363 -0.989952 1.57892 -0.049838 -0.981701 1.57972 -0.004611 -0.981701 1.57972 -0.004611 -0.976905 1.59802 0.041988 -0.981345 1.66185 0.073606 -1.33147 1.67679 0.010626 -1.3336 1.67276 -0.01563 -1.32089 1.7384 -0.005107 1.0117 1.74574 0.018598 1.01083 1.73102 0.060662 1.07295 1.7347 0.066008 1.07455 1.75076 -0.016256 1.0138 1.74994 -0.020697 1.07295 1.75018 0.023622 1.16924 1.7591 0.03175 1.1782 1.73871 0.080308 1.07427 1.75628 -0.051132 1.0132 1.75344 -0.05136 1.1624 1.76253 -0.050723 1.16489 1.75407 -0.009597 1.01227 1.74866 -0.098673 1.076 1.74759 -0.097487 1.16335 1.74792 -0.096662 1.22045 1.75624 -0.078479 1.22073 1.76866 -0.051064 1.22381 1.75846 -0.019899 1.01482 1.73785 -0.125779 1.07457 1.74172 -0.12652 1.01952 1.70894 -0.166403 1.07368 1.71014 -0.174112 1.16062 1.74848 -0.128316 1.01697 1.65075 -0.179242 1.07349 1.65116 -0.187928 1.16011 1.71285 -0.186862 1.21195 1.73425 -0.163751 1.21459 1.75367 -0.136481 1.22005 1.7503 -0.110888 1.07097 1.58296 -0.149284 1.01407 1.59322 -0.140244 1.15905 1.59856 -0.163757 1.15923 1.64926 -0.200048 1.21845 1.65556 -0.196211 1.2214 1.7109 -0.18746 1.01602 1.57262 -0.085409 1.07258 1.56648 -0.080463 1.15753 1.58683 -0.065441 1.22715 1.59569 -0.051735 1.22582 1.59945 -0.159806 1.01791 1.57405 -0.044485 1.07372 1.58245 -0.033502 1.15633 1.59481 -0.021847 1.00607 1.56196 -0.011295 1.06832 1.55265 0.004045 1.13245 1.55268 0.030404 1.19116 1.57943 0.081976 1.22834 1.60754 -0.010716 0.99607 1.57641 0.058017 1.04093 1.56649 0.085696 1.09843 1.55331 0.116124 1.15404 1.568 0.092264 1.24157 1.59432 0.064257 1.23352 1.64606 0.121256 1.24692 1.64921 0.107706 1.28393 1.60944 0.072409 1.28705 1.60392 0.029691 1.29996 1.62068 -0.008082 1.3022 1.62389 -0.012432 1.28147 1.66229 0.108065 1.29534 1.60974 0.073519 1.30195 1.60447 0.031972 1.31102 1.62456 -0.01014 1.29996 1.62068 -0.008082 1.3336 1.67276 -0.01563 1.31102 1.62456 -0.01014 1.33147 1.67679 0.010626 1.3336 1.67276 -0.01563 1.29996 1.62068 -0.008082 1.33147 1.67679 0.010626 1.37659 1.65288 0.123192 1.37724 1.60673 0.088933 1.38596 1.60298 0.046938 1.39537 1.62506 -0.000467 1.39888 1.68059 -0.00672 1.3912 1.65312 0.126255 1.39436 1.60677 0.091554 1.40239 1.60293 0.050026 1.41312 1.62567 0.001838 1.41371 1.68084 -0.003571 1.472 1.67416 0.009661 1.41371 1.68084 -0.003571 1.39888 1.68059 -0.00672 1.472 1.67416 0.009661 1.4684 1.61624 0.014539 1.53502 1.6566 0.018447 1.446 1.64886 0.132578 1.4507 1.59911 0.099856 1.45859 1.59538 0.058417 1.4684 1.61624 0.014539 1.51173 1.63019 0.144655 1.51007 1.59016 0.109835 1.51841 1.58674 0.066865 1.53001 1.60781 0.023885 1.56636 1.65496 0.047805 1.55609 1.61578 0.050963 1.55835 1.60574 0.078284 1.57322 1.6473 0.090753 1.54401 1.60363 0.100803 1.55417 1.63701 0.129787 1.22977 1.69606 0.106372 1.23581 1.72513 0.088757 1.29269 1.72033 0.091926 1.28147 1.66229 0.108065 1.24692 1.64921 0.107706 1.2174 1.74983 0.06478 1.24744 1.74255 0.07279 1.27167 1.73841 0.075845 1.30536 1.74309 0.058031 1.39336 1.70826 0.115487 1.37659 1.65288 0.123192 1.21829 1.76162 0.036783 1.24812 1.76376 0.043114 1.28145 1.75562 0.049209 1.27962 1.74972 0.0219 1.31852 1.73665 0.017408 1.4035 1.73314 0.073843 1.21914 1.75579 0.013505 1.24934 1.75311 0.013077 1.23612 1.74389 -0.000365 1.32089 1.7384 -0.005107 1.41223 1.72542 0.028682 1.3336 1.67276 -0.01563 1.45991 1.71692 0.082023 1.23379 1.74651 -0.005758 1.31188 1.74222 -0.011911 1.23389 1.74572 -0.006883 1.23389 1.74572 -0.006883 1.27818 1.75404 -0.021565 1.31075 1.75631 -0.050455 1.41983 1.74607 -0.051051 1.41909 1.72907 -0.003262 1.40308 1.67683 0.019361 1.33147 1.67679 0.010626 1.24519 1.75561 -0.017997 1.28128 1.76593 -0.050498 1.27637 1.75278 -0.080826 1.31124 1.74162 -0.090052 1.4188 1.7302 -0.097039 1.48858 1.73147 -0.051605 1.24309 1.77175 -0.050384 1.24175 1.75486 -0.08223 1.22938 1.74232 -0.096784 1.31463 1.73642 -0.099327 1.31124 1.74162 -0.090052 1.3222 1.67128 -0.108494 1.31463 1.73642 -0.099327 1.3222 1.67128 -0.108494 1.22843 1.74247 -0.098431 1.30274 1.73349 -0.114989 1.30274 1.73349 -0.114989 1.3245 1.67016 -0.086695 1.30274 1.73349 -0.114989 1.3222 1.67128 -0.108494 1.37655 1.6827 -0.093492 1.3245 1.67016 -0.086695 1.3222 1.67128 -0.108494 1.37655 1.6827 -0.093492 1.3222 1.67128 -0.108494 1.3245 1.67016 -0.086695 1.30274 1.73349 -0.114989 1.3245 1.67016 -0.086695 1.37655 1.6827 -0.093492 1.3829 1.72455 -0.127 1.39253 1.68291 -0.097094 1.22928 1.73918 -0.101016 1.26417 1.7444 -0.11597 1.22928 1.73918 -0.101016 1.28246 1.73975 -0.153091 1.37377 1.73302 -0.167642 1.43873 1.71908 -0.18153 1.44703 1.71146 -0.142754 1.45084 1.67819 -0.113331 1.24128 1.74638 -0.109475 1.16335 1.74792 -0.096662 1.26322 1.75087 -0.144437 1.25238 1.73291 -0.169717 1.26447 1.71652 -0.185513 1.36246 1.70763 -0.210743 1.23736 1.75682 -0.139058 1.23364 1.73364 -0.168712 1.25835 1.65948 -0.193214 1.26561 1.61216 -0.163842 1.27525 1.61518 -0.16616 1.34185 1.65687 -0.217061 1.35719 1.65769 -0.220641 1.42792 1.69618 -0.220933 1.27557 1.60811 -0.118064 1.28886 1.61061 -0.124232 1.36062 1.60983 -0.144637 1.34883 1.61302 -0.189916 1.36618 1.61363 -0.195236 1.4213 1.65504 -0.23453 1.29705 1.62605 -0.087538 1.3052 1.63043 -0.086814 1.37073 1.63001 -0.104418 1.38812 1.63043 -0.109112 1.37708 1.61008 -0.149691 1.42544 1.60441 -0.207513 1.29444 1.62366 -0.086107 1.22715 1.59569 -0.051735 1.29705 1.62605 -0.087538 1.3245 1.67016 -0.086695 1.29444 1.62366 -0.086107 1.3245 1.67016 -0.086695 1.3245 1.67016 -0.086695 1.29705 1.62605 -0.087538 1.3052 1.63043 -0.086814 1.37655 1.6827 -0.093492 1.39253 1.68291 -0.097094 1.45084 1.67819 -0.113331 1.44621 1.62356 -0.125261 1.29444 1.62366 -0.086107 1.29388 1.61434 -0.048285 1.30105 1.61471 -0.04786 1.29935 1.62823 -0.094868 1.3222 1.67128 -0.108494 1.29935 1.62823 -0.094868 1.3245 1.67016 -0.086695 1.29444 1.62366 -0.086107 1.30583 1.62499 -0.012758 1.39762 1.61337 -0.04989 1.39601 1.62649 -0.102199 1.39643 1.68025 -0.120489 1.3222 1.67128 -0.108494 1.33147 1.67679 0.010626 1.40308 1.67683 0.019361 1.39708 1.6247 -0.005731 1.41701 1.62428 -0.007226 1.41981 1.61493 -0.050391 1.41612 1.6266 -0.103285 1.4145 1.68025 -0.120526 1.39643 1.68025 -0.120489 1.48609 1.67197 -0.117565 1.4145 1.68025 -0.120526 1.48609 1.67197 -0.117565 1.42066 1.67685 0.019352 1.48434 1.66984 0.015589 1.4827 1.61624 -0.009877 1.48224 1.60538 -0.05192 1.48371 1.61806 -0.101703 1.48371 1.61806 -0.101703 1.55175 1.65542 -0.119774 1.54851 1.60797 -0.103722 1.59362 1.65728 -0.100148 1.55872 1.65111 0.016545 1.54881 1.60557 -0.010394 1.54703 1.59481 -0.05341 1.58245 1.61612 -0.029044 1.5901 1.61081 -0.055116 1.58409 1.61841 -0.086314 1.61378 1.65173 -0.05318 1.59975 1.6542 -0.00811 1.51679 1.66186 -0.126117 1.50556 1.61514 -0.13945 1.43591 1.60068 -0.164552 1.48491 1.6004 -0.225446 1.47993 1.6404 -0.249016 1.53099 1.62155 -0.164964 1.49425 1.59578 -0.180334 1.51912 1.61305 -0.220132 1.52243 1.64684 -0.241343 1.51562 1.68532 -0.223287 1.48649 1.68508 -0.23478 1.54878 1.6603 -0.157646 1.55096 1.65563 -0.205294 1.5382 1.61536 -0.194944 1.55096 1.65563 -0.205294 1.53243 1.69626 -0.20044 1.49512 1.70978 -0.193949 1.50643 1.70077 -0.153342 1.51679 1.66186 -0.126117 1.52697 1.6944 -0.172726 1.54878 1.6603 -0.157646 1.39643 1.68025 -0.120489 1.4145 1.68025 -0.120526 1.48831 1.71635 -0.094673 1.55643 1.71627 -0.052089 1.48719 1.71566 -0.006194 1.42066 1.67685 0.019352 1.48609 1.67197 -0.117565 1.55726 1.69966 -0.096397 1.58511 1.69459 -0.078082 1.59179 1.70111 -0.052059 1.58385 1.69451 -0.025011 1.55761 1.69883 -0.004887 1.48434 1.66984 0.015589 1.55175 1.65542 -0.119774 1.59362 1.65728 -0.100148 1.59362 1.65728 -0.100148 1.61378 1.65173 -0.05318 1.59975 1.6542 -0.00811 1.55872 1.65111 0.016545 1.39888 1.68059 -0.00672 1.41371 1.68084 -0.003571 1.46793 1.70972 0.039955 1.52235 1.70544 0.0921 1.45072 1.69342 0.121785 1.3912 1.65312 0.126255 1.472 1.67416 0.009661 1.53397 1.69591 0.048984 1.55196 1.68624 0.068043 1.55561 1.68987 0.094876 1.54289 1.67841 0.119513 1.51423 1.68047 0.133592 1.446 1.64886 0.132578 1.53502 1.6566 0.018447 1.56636 1.65496 0.047805 1.57322 1.6473 0.090753 1.55417 1.63701 0.129787 1.51173 1.63019 0.144655 1.33147 1.67679 0.010626 1.31188 1.74222 -0.011911 1.32089 1.7384 -0.005107 1.3336 1.67276 -0.01563 1.32089 1.7384 -0.005107 1.31852 1.73665 0.017408 0.999244 1.66372 0.095934 1.04669 1.71136 0.101957 1.02791 1.64368 0.122189 1.1031 1.68393 0.161328 1.0866 1.60831 0.174637 1.15082 1.63746 0.196675 1.13017 1.59022 0.191699 1.14167 1.71156 0.119165 1.195 1.69138 0.14852 1.18042 1.65475 0.19197 1.17029 1.61799 0.213964 1.15753 1.57369 0.204649 1.02791 1.64368 0.122189 0.999244 1.66372 0.095934 0.99607 1.57641 0.058017 1.09007 1.57556 0.151464 1.15159 1.54741 0.132867 1.18341 1.56142 0.107066 1.0866 1.60831 0.174637 1.13017 1.59022 0.191699 1.13821 1.563 0.168622 1.16811 1.54443 0.135629 1.19783 1.55629 0.119631 1.2104 1.57904 0.097578 1.19116 1.57943 0.081976 1.23352 1.64606 0.121256 1.15849 1.55421 0.176331 1.19735 1.50486 0.156815 1.22752 1.51414 0.137508 1.2261 1.57457 0.114291 1.24078 1.62563 0.122318 1.15753 1.57369 0.204649 1.19971 1.50381 0.194914 1.23562 1.49793 0.187212 1.25718 1.49998 0.176919 1.25313 1.53037 0.128638 1.2746 1.56575 0.141485 1.24676 1.61364 0.126587 1.20495 1.51444 0.222794 1.24088 1.50415 0.2184 1.27081 1.5119 0.202561 1.27796 1.51787 0.165322 1.28948 1.53079 0.183753 1.23352 1.64606 0.121256 1.2177 1.66303 0.171968 1.23352 1.64606 0.121256 1.20127 1.6355 0.212214 1.24078 1.62563 0.122318 1.24676 1.61364 0.126587 1.23286 1.64535 0.194408 1.24676 1.61364 0.126587 1.23286 1.64535 0.194408 1.2498 1.57224 0.225261 1.21844 1.55269 0.235767 1.20495 1.51444 0.222794 1.28462 1.5829 0.193667 1.28601 1.54334 0.205776 1.26993 1.53666 0.226328 1.24225 1.52886 0.230145 1.24088 1.50415 0.2184 1.2746 1.56575 0.141485 1.28948 1.53079 0.183753 1.27081 1.5119 0.202561 0.89773 1.66587 -0.082129 0.863827 1.65488 -0.146305 0.898386 1.63881 -0.062911 0.862457 1.60739 -0.115195 0.863827 1.65488 -0.146305 0.902106 1.64904 -0.190346 0.862457 1.60739 -0.115195 0.900021 1.57514 -0.146207 0.963595 1.64935 -0.184593 0.959752 1.57767 -0.142338 0.986527 1.65313 -0.155105 0.992546 1.59804 -0.122214 0.862308 1.58412 -0.081479 0.895064 1.54921 -0.083056 0.862308 1.58412 -0.081479 0.955013 1.55272 -0.084565 0.993139 1.57935 -0.088363 0.989952 1.57892 -0.049838 0.951611 1.55103 -0.030445 0.981701 1.57972 -0.004611 0.858295 1.59551 -0.035102 0.858295 1.59551 -0.035102 0.889556 1.54808 -0.030781 0.899272 1.63759 -0.016763 0.857684 1.60851 0.034083 0.888956 1.55544 0.019517 0.857684 1.60851 0.034083 0.951556 1.55793 0.017243 0.888956 1.55544 0.019517 0.976905 1.59802 0.041988 0.951721 1.58181 0.066638 0.95686 1.65969 0.105291 0.981345 1.66185 0.073606 0.900949 1.66955 -0.000303 0.861313 1.66267 0.062091 0.889194 1.57944 0.070482 0.861313 1.66267 0.062091 0.889194 1.57944 0.070482 0.903111 1.68673 -0.016386 0.864734 1.71988 0.034169 0.894202 1.66005 0.11047 0.864734 1.71988 0.034169 0.894202 1.66005 0.11047 0.899366 1.7399 0.070366 0.960743 1.73708 0.066742 0.98581 1.72469 0.041402 0.960731 1.76128 0.021369 0.987833 1.73745 0.014317 0.864956 1.73256 -0.026534 0.899357 1.76543 0.018273 0.864956 1.73256 -0.026534 0.90194 1.68833 -0.064887 0.863314 1.73517 -0.086337 0.89791 1.77557 -0.055099 0.863314 1.73517 -0.086337 0.899588 1.7764 -0.018484 0.961986 1.77314 -0.01944 0.865186 1.69895 -0.136796 0.899932 1.74728 -0.137246 0.865186 1.69895 -0.136796 0.89777 1.76598 -0.105802 0.958316 1.76313 -0.103142 0.960225 1.77284 -0.054818 0.89773 1.66587 -0.082129 0.863827 1.65488 -0.146305 0.90436 1.71481 -0.177064 0.863827 1.65488 -0.146305 0.96114 1.74631 -0.132031 0.902106 1.64904 -0.190346 0.965436 1.71316 -0.171617 0.986756 1.70465 -0.14465 0.986156 1.72584 -0.121949 0.987656 1.74319 -0.089057 0.988699 1.74779 -0.051966 0.989791 1.74407 -0.02483 0.963595 1.64935 -0.184593 0.986527 1.65313 -0.155105 0.98581 1.72469 0.041402 0.981345 1.66185 0.073606 0.987833 1.73745 0.014317 0.989791 1.74407 -0.02483 0.988699 1.74779 -0.051966 0.989791 1.74407 -0.02483 0.987656 1.74319 -0.089057 0.986156 1.72584 -0.121949 0.986756 1.70465 -0.14465 0.986527 1.65313 -0.155105 0.992546 1.59804 -0.122214 0.993139 1.57935 -0.088363 0.992546 1.59804 -0.122214 0.989952 1.57892 -0.049838 0.981701 1.57972 -0.004611 0.981701 1.57972 -0.004611 0.976905 1.59802 0.041988 0.981345 1.66185 0.073606 1.3336 1.67276 -0.01563 1.33147 1.67679 0.010626 1.32089 1.7384 -0.005107</float_array>
          <technique_common>
            <accessor source="#GeometrySource3-array" count="956" stride="3">
              <param name="X" type="float"/>
              <param name="Y" type="float"/>
              <param name="Z" type="float"/>
            </accessor>
          </technique_common>
        </source>
        <source id="GeometrySource4" name="0001_Mesh_001Nrm">
          <float_array id="GeometrySource4-array" count="2868">0.385557 0.760137 0.523008 0.221559 0.952092 0.210791 0.097411 0.901721 0.4212 0.150178 0.981423 0.119395 0.046178 0.994241 0.09671 0.084513 0.981654 0.170918 0.065059 0.989477 0.129241 0.000436 0.849677 0.527303 0.043116 0.99869 -0.027553 0.131917 0.99126 0.001022 0.061621 0.996683 -0.053153 0.023619 0.997952 0.05945 0.160374 0.951052 -0.264158 0.015117 0.980778 -0.194543 0.036961 0.985505 -0.165574 0.019093 0.876703 -0.480653 0.089354 0.995078 -0.04285 -0.031662 0.895178 0.444582 0.222935 0.848964 -0.479124 0.061867 0.925684 -0.373204 0.318603 0.515421 -0.795509 0.129 0.570221 -0.811299 0.091468 0.964803 -0.246554 0.39079 -0.14902 -0.908337 0.135275 -0.150028 -0.979384 0.07949 0.552386 -0.82979 0.101079 0.780733 -0.616635 0.105682 0.971731 -0.211117 -0.088877 0.942581 0.321935 0.054974 -0.828829 -0.556794 0.395263 -0.715103 -0.576537 -0.048224 -0.836787 -0.545401 0.026867 -0.216632 -0.975884 -0.07314 -0.20119 -0.976818 0.009452 0.423756 -0.905727 0.178278 -0.967268 -0.180584 -0.081973 -0.996602 -0.008013 -0.146471 -0.988644 0.033592 -0.189688 -0.97655 0.101832 -0.117823 -0.872456 -0.474276 0.076132 -0.995005 -0.064569 -0.155387 -0.977179 -0.144833 -0.224169 -0.969813 -0.095977 0.355629 -0.913812 -0.196152 0.001197 -0.956425 -0.291975 -0.302435 -0.92712 -0.221319 -0.352255 -0.923943 -0.149148 -0.176476 -0.9843 0.003219 0.601283 -0.714471 0.357756 0.470106 -0.79043 0.39271 0.171602 -0.961219 0.215894 -0.199487 -0.963536 -0.178335 -0.270464 -0.927189 0.259173 -0.83239 0.046296 0.552253 -0.41582 -0.26728 0.869284 -0.096557 -0.835115 0.541535 -0.128173 -0.980384 -0.149727 -0.343022 -0.87474 -0.342295 -0.480693 -0.862818 0.156457 0.009885 -0.142627 0.989727 0.081032 -0.85868 0.506066 -0.032491 -0.986939 -0.157781 -0.134984 -0.840049 -0.525449 -0.137388 0.12887 -0.982098 0.172156 -0.031493 -0.984566 0.117498 -0.04867 -0.99188 0.968904 0.220417 -0.112434 0.984746 0.141275 -0.101572 0.840378 0.521347 -0.148197 -0.85977 -0.50595 0.069356 0.19324 -0.22011 0.956143 0.096043 -0.870071 0.48348 -0.020546 -0.985287 -0.169668 -0.109268 -0.590839 -0.799356 -0.132418 0.263281 -0.955588 0.154041 -0.200099 0.967591 0.121898 -0.864511 0.487608 0.036813 -0.983138 -0.179121 -0.116748 -0.552992 -0.824967 -0.225983 0.148623 -0.962727 0.208233 0.108426 0.972051 0.208233 0.108425 0.972051 0.208233 0.108426 0.972051 -0.22436 0.312311 -0.923106 -0.16145 -0.099815 -0.98182 -0.455073 0.203554 -0.866876 0.180739 -0.154494 0.971321 0.211299 -0.858702 0.466887 0.106698 -0.974374 -0.198018 0.055091 -0.897242 -0.438088 -0.075828 -0.281413 0.956586 -0.091987 -0.879226 0.46744 -0.171474 -0.973267 -0.152802 -0.357612 -0.589444 -0.724341 -0.87164 0.184714 -0.45401 -0.774 -0.497421 -0.391788 -0.752554 -0.657711 0.032849 -0.986288 0.005513 0.164939 -0.554136 -0.727116 0.405261 -0.67198 -0.174925 0.719613 -0.00644 0.60341 0.797405 -0.320694 0.466666 0.824244 -0.011922 0.580264 0.814341 0.009885 -0.142627 0.989727 -0.41582 -0.26728 0.869284 0.029437 0.836216 0.54761 -0.030583 0.747376 0.663697 -0.094965 0.756033 0.647608 -0.189294 0.944144 0.269739 0.030702 0.573178 0.818855 0.19324 -0.22011 0.956143 0.052717 0.99737 0.049742 -0.075791 0.989417 0.123735 -0.310967 0.934051 0.175636 -0.273201 0.883056 -0.381542 -0.174255 0.945331 -0.275654 -0.153624 0.965028 0.212415 -0.086478 0.929704 -0.358013 -0.175975 0.831166 -0.527442 -0.127507 0.985923 -0.108154 -0.074369 0.977788 0.195961 -0.231001 0.833217 -0.502383 -0.137388 0.12887 -0.982098 -0.193038 0.956833 0.217271 -0.083122 0.993894 -0.072566 -0.08655 0.859241 0.504196 -0.055516 0.819429 -0.570486 -0.070758 0.713706 0.696862 -0.1346 0.853264 0.503808 -0.185544 0.982614 -0.006536 -0.147771 0.989016 0.003429 -0.100649 0.722919 0.683563 0.039053 -0.022175 0.998991 0.116814 -0.056487 0.991546 -0.081207 0.817202 0.570602 -0.226141 0.974058 -0.008498 -0.125766 0.838663 -0.529931 -0.075607 0.821015 -0.565878 -0.078171 0.729074 -0.679956 -0.212823 0.97709 0.001454 0.002752 0.999996 -0.000083 -0.018967 0.821632 -0.569703 -0.055556 0.949539 -0.308689 -0.055716 0.928482 -0.367175 -0.906895 0.160232 -0.389702 -0.948614 0.066707 0.309326 -0.991151 0.122406 -0.051339 0.113594 0.002916 -0.993523 -0.035568 0.914761 -0.402427 -0.129019 0.991612 -0.007678 -0.767934 0.175915 -0.615899 0.953397 -0.289282 0.08573 0.968979 0.21953 0.113516 0.993676 0.066208 0.090688 -0.248085 -0.967448 -0.049989 -0.22449 -0.971692 -0.073608 -0.22449 -0.971693 -0.073608 0.22449 0.971693 0.073608 -0.196033 0.24794 0.948734 0.23646 0.969682 0.061669 -0.090929 0.131067 0.987195 -0.102134 0.509937 0.854127 -0.019294 0.413355 0.910366 -0.22629 0.837998 0.49654 -0.256994 0.222644 0.940417 0.05255 0.608532 -0.791787 -0.240129 0.880257 0.409249 -0.158414 0.640816 0.751173 -0.165727 0.939315 -0.300371 -0.110916 0.976541 -0.184567 -0.140559 0.970526 -0.19576 -0.250798 0.855057 0.453848 -0.253507 0.259049 0.932002 -0.20326 0.790683 0.5775 -0.135638 0.651196 0.746691 -0.292582 0.936148 -0.194995 -0.052183 0.74744 -0.662277 0.053338 0.518634 -0.853331 0.089458 0.579653 -0.809938 -0.018488 0.98937 -0.144238 0.062797 0.732752 -0.677592 0.076575 -0.204988 -0.975764 -0.173203 -0.823911 -0.539604 0.031031 -0.846339 -0.53174 0.255004 -0.180778 -0.949891 0.202034 -0.143643 -0.968787 0.054957 0.628038 -0.77624 -0.289831 -0.955745 0.050489 -0.134114 -0.983276 0.123218 -0.051575 -0.981872 0.182392 0.151364 -0.860708 -0.486077 0.171306 -0.836157 -0.521053 0.239002 -0.056975 -0.969346 -0.635091 -0.651241 0.415385 -0.242686 -0.822263 0.514769 -0.205651 -0.626403 0.751882 -0.183686 -0.614507 0.767229 0.005571 -0.979919 0.199316 0.225796 -0.843309 -0.487695 0.431492 -0.067419 -0.899594 0.568048 0.063344 -0.820554 0.696737 0.407323 -0.590462 -0.497524 -0.865342 -0.060449 -0.248085 -0.967448 -0.049989 0.23646 0.969682 0.061669 0.117057 0.053893 0.991662 -0.090929 0.131067 0.987195 0.074293 0.033104 0.996687 -0.196033 0.24794 0.948734 -0.256994 0.222644 0.940417 -0.253507 0.259049 0.932002 -0.104005 -0.608244 0.786907 -0.176809 -0.984233 -0.004827 -0.242587 -0.942781 -0.228726 -0.025366 -0.999532 0.017091 -0.012121 -0.821106 -0.570647 0.993676 0.066208 0.090688 0.878913 0.37202 -0.298519 0.968979 0.21953 0.113516 0.833496 0.540276 0.1157 -0.128411 -0.77671 0.61663 -0.017446 -0.99984 -0.004054 0.043224 -0.738895 -0.672432 0.093923 0.092814 -0.991244 0.113594 0.002916 -0.993523 0.116814 -0.056487 0.991546 0.039053 -0.022175 0.998991 0.01524 -0.764077 0.644945 0.008078 -0.782985 0.621988 0.039005 -0.999219 -0.006278 0.045513 -0.724191 -0.688096 -0.018293 -0.069951 -0.997383 -0.001917 0.351378 0.936232 -0.001917 0.351378 0.936232 -0.001917 0.351378 0.936232 -0.023564 0.105489 -0.994141 -0.037077 -0.00801 0.99928 -0.023038 0.011817 0.999665 0.111209 -0.772587 0.625094 0.155812 -0.987786 -0.00069 0.144778 -0.909383 -0.389951 0.048648 -0.279955 -0.95878 -0.214773 0.04192 -0.975764 -0.151129 -0.732009 -0.664322 -0.799738 -0.148211 -0.581767 -0.268786 -0.111016 0.956781 -0.170457 -0.797282 0.579038 -0.100968 -0.994881 -0.004094 -0.584545 -0.693376 0.421351 -0.663497 -0.748103 -0.010631 -0.652964 -0.603202 -0.458023 -0.997364 -0.064639 -0.032968 -0.637141 -0.572899 0.515594 -0.495755 0.103178 0.862312 -0.366501 -0.657008 0.6588 0.067405 -0.972232 0.224101 -0.054265 -0.830115 -0.554945 0.028335 -0.129969 -0.991113 -0.713281 -0.587762 0.381792 -0.190975 -0.97454 0.117472 -0.505137 -0.694122 -0.512866 -0.497882 -0.014522 -0.867123 -0.39182 0.583749 -0.711136 -0.119799 0.558017 -0.821137 -0.801135 -0.443656 0.401686 -0.95507 0.053299 -0.291547 -0.769867 -0.635566 -0.057968 -0.95507 0.053299 -0.291547 -0.660874 0.713507 -0.232708 -0.208174 0.95524 -0.210188 -0.393822 0.802986 0.447346 -0.495755 0.103178 0.862312 -0.63998 0.733674 0.22836 -0.757915 0.585478 0.287715 0.093923 0.092814 -0.991244 -0.018293 -0.069951 -0.997383 -0.160564 0.742153 -0.650714 -0.303751 0.95275 -0.00179 -0.164176 0.731627 0.66164 -0.037077 -0.00801 0.99928 -0.023564 0.105489 -0.994141 -0.337535 0.662267 -0.668934 -0.618343 0.628533 -0.471804 -0.705309 0.708815 0.010995 -0.628591 0.649731 0.427461 -0.316101 0.674839 0.666838 -0.023038 0.011817 0.999665 -0.214773 0.04192 -0.975764 -0.338974 0.535 -0.773868 -0.997364 -0.064639 -0.032968 -0.799738 -0.148211 -0.581767 -0.709376 0.454444 0.538763 -0.268786 -0.111016 0.956781 -0.132418 0.263281 -0.955588 -0.225983 0.148623 -0.962727 -0.26901 0.84775 -0.457115 -0.276749 0.936623 0.214821 -0.008333 0.583789 0.811863 0.154041 -0.200099 0.967591 -0.22436 0.312311 -0.923106 -0.486233 0.754366 -0.441031 -0.717878 0.651852 -0.244419 -0.708944 0.673723 0.208557 -0.544089 0.527275 0.652647 -0.155337 0.536339 0.829584 0.180739 -0.154494 0.971321 -0.455073 0.203554 -0.866876 -0.87164 0.184714 -0.45401 -0.986288 0.005513 0.164939 -0.67198 -0.174925 0.719613 -0.075828 -0.281413 0.956586 -0.568688 -0.110488 -0.815099 -0.568688 -0.110488 -0.815099 -0.568688 -0.110488 -0.815099 -0.978419 0.170815 0.116268 -0.978419 0.170815 0.116268 -0.978419 0.170815 0.116268 0.692323 0.133996 0.709038 0.345191 0.67557 0.651498 0.664114 -0.011097 0.747549 0.290707 0.599303 0.745872 0.58529 -0.156062 0.795664 0.322765 0.350843 0.879052 0.493738 -0.309685 0.8126 0.04524 0.846552 0.530381 -0.354255 0.755472 0.551149 0.021807 0.676832 0.735815 0.339306 0.241174 0.909234 0.600283 -0.330399 0.728352 0.664114 -0.011097 0.747549 0.692323 0.133996 0.709038 0.742239 -0.244058 0.624113 0.514606 -0.66232 0.54453 0.14332 -0.987892 -0.059409 -0.143271 -0.839534 -0.524077 0.58529 -0.156062 0.795664 0.493738 -0.309685 0.8126 0.419482 -0.79916 0.430554 0.335833 -0.870126 -0.36069 -0.068066 -0.66957 -0.739624 -0.565379 -0.392699 -0.725351 -0.531648 0.113145 -0.839374 -0.629532 0.056602 -0.77491 0.672805 -0.694974 0.253664 0.415748 -0.844753 -0.336965 0.001201 -0.723626 -0.690192 -0.455382 -0.260497 -0.851334 -0.538276 0.065926 -0.840186 0.600283 -0.330399 0.728352 0.484944 -0.846409 0.220048 -0.017307 -0.999303 0.033077 -0.320919 -0.93814 -0.130019 -0.401013 -0.421423 -0.813383 -0.813728 0.076171 -0.576233 -0.721979 0.246999 -0.646326 0.399302 -0.583777 0.706939 -0.149514 -0.782138 0.604901 -0.59589 -0.71423 0.36714 -0.760326 -0.502326 -0.411793 -0.954585 -0.292897 -0.054574 -0.83239 0.046296 0.552253 -0.769507 0.638088 0.026527 -0.56778 0.752448 0.333839 -0.041647 0.539683 0.840838 -0.899876 0.424946 0.09821 -0.88413 0.463089 0.062158 -0.721979 0.246999 -0.646326 -0.791956 0.607869 0.05746 -0.200155 0.662663 0.721676 -0.375189 0.292901 0.879456 0.113629 -0.013306 0.993434 0.399302 -0.583777 0.706939 -0.881074 0.397012 0.257078 -0.88151 -0.033909 0.470947 -0.536871 -0.152241 0.829815 -0.116793 -0.304343 0.945375 -0.149514 -0.782138 0.604901 -0.813728 0.076171 -0.576233 -0.954585 -0.292897 -0.054574 -0.59589 -0.71423 0.36714 0.8851 0.108852 0.452492 0.897516 0.048444 0.438314 0.844628 0.503862 0.180905 0.855238 0.363779 0.369098 0.345491 -0.149745 -0.926398 0.758396 -0.112183 -0.642068 0.744485 -0.473001 -0.471181 0.355441 -0.693604 -0.626558 -0.450028 -0.159439 -0.878666 -0.377344 -0.699701 -0.606655 -0.772894 -0.129072 -0.621269 -0.547742 -0.637521 -0.541799 0.84339 0.532799 0.069421 0.379354 -0.902554 -0.203682 0.721968 -0.669531 -0.174613 -0.32354 -0.928095 -0.184289 -0.162678 -0.945753 -0.281226 -0.211384 -0.976841 0.033155 -0.339092 -0.937954 0.072517 -0.569053 -0.804118 0.171971 0.735234 0.665305 -0.129615 0.817902 -0.573831 0.041885 0.454329 -0.890343 0.029569 0.786994 0.567149 -0.242862 0.79517 0.477739 -0.373456 0.84825 -0.407138 0.338689 0.83083 -0.538272 0.141369 -0.376626 -0.882091 0.282966 -0.05113 -0.954749 0.292984 -0.743638 -0.509589 0.432807 -0.409622 -0.65293 0.637097 -0.436938 -0.02104 0.899246 -0.790697 -0.021032 0.611847 0.834483 -0.092104 -0.543282 0.853683 0.064862 -0.516737 0.826847 -0.374825 0.41932 0.8258 0.048782 0.561849 -0.069835 -0.716236 0.694355 0.810416 -0.534566 -0.239721 0.838655 -0.388097 -0.382151 0.823117 0.050385 0.565632 0.772068 0.516085 0.370902 -0.082393 -0.018669 0.996425 0.344066 0.663988 0.663882 -0.411961 0.62276 0.665175 -0.723169 0.502647 0.47368 -0.371681 0.857123 0.356641 -0.687704 0.672923 0.272466 0.761315 -0.645592 -0.060094 0.38404 0.866712 0.318314 0.779417 0.619929 0.09054 0.843027 -0.500615 0.196697 0.797806 -0.575302 0.180371 0.394889 0.916102 -0.069424 0.755367 0.623394 -0.201993 0.39396 0.909566 0.132232 -0.40779 0.905916 0.114124 0.869707 -0.244383 0.42882 0.36334 0.750081 -0.552595 0.749205 0.363719 -0.553534 0.357395 0.86726 -0.346595 -0.337073 0.882061 -0.329166 -0.371509 0.92358 -0.094772 0.897516 0.048444 0.438314 0.8851 0.108852 0.452492 0.320982 0.474953 -0.819384 0.758396 -0.112183 -0.642068 -0.385185 0.767045 -0.513102 0.345491 -0.149745 -0.926398 -0.45799 0.455452 -0.763419 -0.765779 0.365863 -0.528892 -0.668058 0.598955 -0.441533 -0.211867 0.937892 -0.27472 -0.256368 0.966578 -0.001221 -0.569739 0.815334 0.103089 -0.450028 -0.159439 -0.878666 -0.772894 -0.129072 -0.621269 0.53636 0.697018 0.475904 0.783235 0.038278 0.620547 0.340968 0.908362 0.242113 0.257192 0.956881 0.135022 -0.256368 0.966578 -0.001221 -0.569739 0.815334 0.103089 -0.211867 0.937892 -0.27472 0.37653 0.757142 -0.533818 0.508007 0.476404 -0.717613 0.613173 -0.149129 -0.775744 0.548605 -0.674413 -0.494166 -0.547742 -0.637521 -0.541799 -0.162678 -0.945753 -0.281226 -0.211384 -0.976841 0.033155 -0.569053 -0.804118 0.171971 0.571861 -0.81609 0.0835 0.789887 -0.48706 0.372626 0.783235 0.038278 0.620547 0.984746 0.141275 -0.101572 0.968904 0.220417 -0.112434 0.981965 -0.181845 -0.051751 -0.221559 0.952092 0.210791 -0.385557 0.760137 0.523008 -0.097411 0.901721 0.4212 -0.046178 0.994241 0.09671 -0.150178 0.981423 0.119395 -0.084513 0.981654 0.170918 -0.065059 0.989477 0.129241 -0.000436 0.849677 0.527303 -0.043116 0.99869 -0.027553 -0.131917 0.99126 0.001022 -0.061621 0.996683 -0.053153 -0.023619 0.997952 0.05945 -0.160374 0.951052 -0.264158 -0.015117 0.980778 -0.194543 -0.036961 0.985505 -0.165574 -0.019093 0.876703 -0.480653 -0.089354 0.995078 -0.04285 0.031662 0.895178 0.444582 -0.222935 0.848964 -0.479124 -0.061867 0.925684 -0.373204 -0.318603 0.515421 -0.795509 -0.129 0.570221 -0.811299 -0.091468 0.964803 -0.246554 -0.39079 -0.149021 -0.908337 -0.135275 -0.150028 -0.979384 -0.07949 0.552386 -0.82979 -0.101079 0.780733 -0.616635 -0.105682 0.971731 -0.211117 0.088877 0.942581 0.321935 -0.054974 -0.828829 -0.556794 -0.395263 -0.715103 -0.576537 0.048224 -0.836787 -0.545401 -0.026867 -0.216632 -0.975884 0.07314 -0.20119 -0.976818 -0.009452 0.423756 -0.905727 -0.178278 -0.967268 -0.180584 0.081973 -0.996602 -0.008013 0.146471 -0.988644 0.033592 0.189688 -0.97655 0.101832 0.117823 -0.872456 -0.474276 -0.076132 -0.995005 -0.064569 0.155387 -0.977179 -0.144833 0.224169 -0.969813 -0.095977 -0.355629 -0.913812 -0.196152 -0.001197 -0.956425 -0.291975 0.302435 -0.92712 -0.221319 0.352255 -0.923943 -0.149148 0.176476 -0.9843 0.003219 -0.601283 -0.714471 0.357756 -0.470106 -0.79043 0.39271 -0.171602 -0.961219 0.215894 0.199487 -0.963536 -0.178335 0.270464 -0.927189 0.259173 0.83239 0.046296 0.552253 0.41582 -0.26728 0.869284 0.096557 -0.835115 0.541535 0.128173 -0.980384 -0.149727 0.343022 -0.87474 -0.342295 0.480693 -0.862818 0.156457 -0.009885 -0.142627 0.989727 -0.081032 -0.85868 0.506066 0.032491 -0.986939 -0.157781 0.134984 -0.840049 -0.525449 -0.172156 -0.031493 -0.984566 0.137388 0.12887 -0.982098 -0.117498 -0.04867 -0.99188 -0.984746 0.141275 -0.101572 -0.968904 0.220417 -0.112434 -0.840378 0.521347 -0.148197 0.85977 -0.50595 0.069356 -0.19324 -0.22011 0.956143 -0.096043 -0.870071 0.48348 0.020546 -0.985287 -0.169668 0.109268 -0.590839 -0.799356 0.132418 0.263281 -0.955588 -0.154041 -0.200098 0.967591 -0.121898 -0.864511 0.487608 -0.036813 -0.983138 -0.179121 0.116748 -0.552992 -0.824967 0.225983 0.148623 -0.962727 -0.208233 0.108425 0.972051 -0.208233 0.108425 0.972051 -0.208233 0.108425 0.972051 0.22436 0.312311 -0.923106 0.16145 -0.099815 -0.98182 0.455073 0.203554 -0.866876 -0.180739 -0.154494 0.971321 -0.211299 -0.858702 0.466887 -0.106698 -0.974374 -0.198018 -0.055091 -0.897242 -0.438088 0.075828 -0.281413 0.956586 0.091987 -0.879226 0.46744 0.171474 -0.973267 -0.152802 0.357612 -0.589444 -0.724341 0.87164 0.184714 -0.45401 0.774 -0.497421 -0.391788 0.752554 -0.657711 0.032849 0.986288 0.005513 0.164939 0.554136 -0.727116 0.405261 0.67198 -0.174925 0.719613 0.320694 0.466666 0.824244 0.00644 0.60341 0.797405 0.011922 0.580264 0.814341 -0.009885 -0.142627 0.989727 0.41582 -0.26728 0.869284 -0.029437 0.836216 0.54761 0.030583 0.747376 0.663697 0.094965 0.756033 0.647608 0.189294 0.944144 0.269739 -0.030702 0.573178 0.818855 -0.19324 -0.22011 0.956143 -0.052717 0.99737 0.049742 0.075791 0.989417 0.123735 0.310967 0.934051 0.175636 0.273201 0.883056 -0.381542 0.174255 0.945331 -0.275654 0.153624 0.965028 0.212415 0.086478 0.929703 -0.358013 0.175975 0.831166 -0.527442 0.127507 0.985923 -0.108154 0.074369 0.977788 0.195961 0.231001 0.833217 -0.502383 0.137388 0.12887 -0.982098 0.193038 0.956833 0.217271 0.083122 0.993894 -0.072566 0.08655 0.859241 0.504196 0.055516 0.819429 -0.570486 0.070758 0.713706 0.696862 0.1346 0.853264 0.503809 0.185544 0.982614 -0.006536 0.147771 0.989016 0.003429 0.100649 0.722919 0.683563 -0.039053 -0.022175 0.998991 -0.116814 -0.056487 0.991546 0.081207 0.817202 0.570602 0.226141 0.974057 -0.008498 0.125766 0.838663 -0.529931 0.075607 0.821015 -0.565878 0.078171 0.729074 -0.679956 0.212823 0.97709 0.001454 -0.002752 0.999996 -0.000083 0.018967 0.821632 -0.569703 0.055556 0.949539 -0.308689 0.055716 0.928482 -0.367175 0.948614 0.066707 0.309326 0.906895 0.160232 -0.389702 0.991151 0.122406 -0.051339 -0.113594 0.002916 -0.993523 0.035568 0.914761 -0.402427 0.129019 0.991612 -0.007678 0.767934 0.175915 -0.615899 -0.968979 0.21953 0.113516 -0.953397 -0.289282 0.08573 -0.993676 0.066208 0.090688 0.22449 -0.971693 -0.073608 0.248085 -0.967448 -0.049989 0.22449 -0.971693 -0.073608 0.196033 0.24794 0.948734 -0.22449 0.971693 0.073608 -0.23646 0.969682 0.061669 0.102134 0.509937 0.854127 0.090929 0.131067 0.987195 0.019294 0.413355 0.910366 0.22629 0.837998 0.49654 0.256994 0.222644 0.940417 -0.05255 0.608532 -0.791787 0.240129 0.880257 0.409249 0.158414 0.640816 0.751173 0.165727 0.939315 -0.300371 0.110916 0.976541 -0.184567 0.140559 0.970526 -0.19576 0.250798 0.855057 0.453847 0.253507 0.259049 0.932002 0.20326 0.790683 0.5775 0.135638 0.651196 0.74669 0.292582 0.936148 -0.194995 0.052183 0.74744 -0.662276 -0.053338 0.518634 -0.853331 -0.089458 0.579653 -0.809938 0.018488 0.98937 -0.144238 -0.062797 0.732752 -0.677592 -0.076575 -0.204988 -0.975764 0.173203 -0.823911 -0.539604 -0.031031 -0.846339 -0.53174 -0.255004 -0.180778 -0.949891 -0.202034 -0.143643 -0.968787 -0.054957 0.628038 -0.77624 0.289831 -0.955745 0.050489 0.134114 -0.983275 0.123218 0.051575 -0.981872 0.182392 -0.151364 -0.860708 -0.486077 -0.171306 -0.836157 -0.521053 -0.239002 -0.056975 -0.969346 0.635091 -0.651241 0.415385 0.242686 -0.822263 0.514769 0.205651 -0.626403 0.751882 0.183686 -0.614507 0.767229 -0.005571 -0.979919 0.199316 -0.225796 -0.843309 -0.487695 -0.568047 0.063343 -0.820554 -0.431492 -0.067421 -0.899594 -0.696737 0.407323 -0.590462 0.248085 -0.967448 -0.049989 0.497524 -0.865342 -0.060449 -0.23646 0.969682 0.061669 0.090929 0.131067 0.987195 -0.117057 0.053893 0.991662 -0.074293 0.033104 0.996687 0.196033 0.24794 0.948734 0.256994 0.222644 0.940417 0.253507 0.259049 0.932002 0.104005 -0.608244 0.786907 0.242587 -0.942781 -0.228726 0.176809 -0.984233 -0.004827 0.025366 -0.999532 0.017091 0.012121 -0.821106 -0.570647 -0.993676 0.066208 0.090688 -0.878913 0.37202 -0.298519 -0.968979 0.21953 0.113516 -0.833496 0.540276 0.1157 0.128411 -0.77671 0.61663 0.017446 -0.99984 -0.004054 -0.043224 -0.738895 -0.672432 -0.093923 0.092814 -0.991244 -0.113594 0.002916 -0.993523 -0.116814 -0.056487 0.991546 -0.039053 -0.022175 0.998991 -0.01524 -0.764077 0.644945 -0.008078 -0.782986 0.621988 -0.039005 -0.999219 -0.006278 -0.045513 -0.724191 -0.688096 0.018293 -0.069951 -0.997383 0.001917 0.351378 0.936232 0.001917 0.351378 0.936232 0.001917 0.351378 0.936232 0.023564 0.105489 -0.994141 0.037077 -0.00801 0.99928 0.023038 0.011817 0.999665 -0.111209 -0.772587 0.625094 -0.155812 -0.987786 -0.00069 -0.144778 -0.909383 -0.389951 -0.048648 -0.279955 -0.95878 0.214773 0.04192 -0.975764 0.151129 -0.732009 -0.664322 0.799738 -0.148211 -0.581767 0.268786 -0.111016 0.956781 0.170457 -0.797282 0.579038 0.100968 -0.994881 -0.004094 0.584545 -0.693376 0.421351 0.663498 -0.748103 -0.010631 0.652964 -0.603202 -0.458023 0.997364 -0.064639 -0.032968 0.637141 -0.572899 0.515594 0.495755 0.103178 0.862312 0.366501 -0.657008 0.6588 -0.067405 -0.972232 0.224101 0.054265 -0.830115 -0.554945 -0.028335 -0.129969 -0.991113 0.713281 -0.587762 0.381792 0.190975 -0.97454 0.117472 0.505137 -0.694122 -0.512866 0.497882 -0.014522 -0.867123 0.39182 0.583749 -0.711136 0.119799 0.558017 -0.821137 0.801135 -0.443656 0.401686 0.95507 0.053299 -0.291547 0.769867 -0.635566 -0.057968 0.95507 0.053299 -0.291547 0.660874 0.713507 -0.232708 0.208174 0.95524 -0.210188 0.393821 0.802986 0.447346 0.495755 0.103178 0.862312 0.63998 0.733674 0.22836 0.757915 0.585478 0.287715 -0.093923 0.092814 -0.991244 0.018293 -0.069951 -0.997383 0.160564 0.742153 -0.650714 0.303751 0.95275 -0.00179 0.164176 0.731627 0.66164 0.037077 -0.00801 0.99928 0.023564 0.105489 -0.994141 0.337535 0.662267 -0.668934 0.618343 0.628533 -0.471804 0.705309 0.708815 0.010995 0.628591 0.649731 0.427461 0.316101 0.674839 0.666838 0.023038 0.011817 0.999665 0.214773 0.04192 -0.975764 0.338974 0.535 -0.773868 0.799738 -0.148211 -0.581767 0.997364 -0.064639 -0.032968 0.709376 0.454444 0.538763 0.268786 -0.111016 0.956781 0.132418 0.263281 -0.955588 0.225983 0.148623 -0.962727 0.26901 0.84775 -0.457115 0.276749 0.936623 0.214821 0.008333 0.583789 0.811863 -0.154041 -0.200098 0.967591 0.22436 0.312311 -0.923106 0.486233 0.754366 -0.441031 0.717878 0.651852 -0.244419 0.708944 0.673723 0.208557 0.544089 0.527275 0.652647 0.155337 0.536339 0.829584 -0.180739 -0.154494 0.971321 0.455073 0.203554 -0.866876 0.87164 0.184714 -0.45401 0.986288 0.005513 0.164939 0.67198 -0.174925 0.719613 0.075828 -0.281413 0.956586 0.568689 -0.110488 -0.815099 0.568689 -0.110488 -0.815099 0.568689 -0.110488 -0.815099 0.978419 0.170815 0.116268 0.978419 0.170815 0.116268 0.978419 0.170815 0.116268 -0.692323 0.133996 0.709038 -0.345191 0.67557 0.651498 -0.664114 -0.011097 0.747549 -0.290707 0.599303 0.745872 -0.58529 -0.156062 0.795664 -0.322765 0.350843 0.879052 -0.493738 -0.309685 0.8126 -0.04524 0.846552 0.530381 0.354255 0.755472 0.551149 -0.021807 0.676832 0.735815 -0.339306 0.241174 0.909234 -0.600283 -0.330399 0.728352 -0.664114 -0.011097 0.747549 -0.692323 0.133996 0.709038 -0.742239 -0.244058 0.624113 -0.514606 -0.66232 0.54453 -0.14332 -0.987892 -0.059409 0.143271 -0.839534 -0.524077 -0.58529 -0.156062 0.795664 -0.493738 -0.309685 0.8126 -0.419482 -0.79916 0.430554 -0.335833 -0.870126 -0.36069 0.068066 -0.66957 -0.739624 0.565379 -0.392699 -0.725351 0.629532 0.056602 -0.77491 0.531648 0.113145 -0.839374 -0.672805 -0.694974 0.253664 -0.415748 -0.844753 -0.336965 -0.001201 -0.723626 -0.690192 0.455382 -0.260497 -0.851334 0.538276 0.065926 -0.840186 -0.600283 -0.330399 0.728352 -0.484944 -0.846409 0.220048 0.017307 -0.999303 0.033077 0.320919 -0.93814 -0.130019 0.401013 -0.421423 -0.813383 0.813728 0.076171 -0.576233 0.721979 0.246999 -0.646326 -0.399302 -0.583777 0.706939 0.149514 -0.782138 0.604901 0.59589 -0.71423 0.367139 0.760326 -0.502326 -0.411793 0.954585 -0.292897 -0.054574 0.83239 0.046296 0.552253 0.56778 0.752448 0.333839 0.769507 0.638088 0.026527 0.041647 0.539683 0.840838 0.899876 0.424946 0.09821 0.88413 0.463089 0.062158 0.791956 0.607869 0.05746 0.721979 0.246999 -0.646326 0.200155 0.662663 0.721676 0.375189 0.292901 0.879456 -0.113629 -0.013306 0.993434 -0.399302 -0.583777 0.706939 0.881074 0.397012 0.257078 0.88151 -0.033909 0.470947 0.53687 -0.152241 0.829815 0.116793 -0.304343 0.945375 0.149514 -0.782138 0.604901 0.813728 0.076171 -0.576233 0.954585 -0.292897 -0.054574 0.59589 -0.71423 0.367139 -0.897516 0.048444 0.438314 -0.8851 0.108853 0.452492 -0.844628 0.503862 0.180905 -0.855238 0.363779 0.369098 -0.758396 -0.112183 -0.642068 -0.345491 -0.149745 -0.926398 -0.744485 -0.473001 -0.471181 -0.355441 -0.693604 -0.626558 0.450028 -0.159439 -0.878666 0.377344 -0.699701 -0.606655 0.772894 -0.129072 -0.621269 0.547742 -0.637521 -0.541799 -0.84339 0.532799 0.069421 -0.379354 -0.902554 -0.203682 -0.721968 -0.669531 -0.174613 0.32354 -0.928095 -0.184289 0.162678 -0.945753 -0.281226 0.211384 -0.976841 0.033155 0.339092 -0.937954 0.072517 0.569053 -0.804118 0.171971 -0.735234 0.665305 -0.129615 -0.817902 -0.573831 0.041885 -0.454329 -0.890343 0.029569 -0.786994 0.567149 -0.242862 -0.79517 0.477739 -0.373456 -0.83083 -0.538272 0.141369 -0.84825 -0.407138 0.338689 0.376626 -0.882091 0.282966 0.051129 -0.954749 0.292984 0.743638 -0.509589 0.432807 0.409622 -0.65293 0.637097 0.436938 -0.02104 0.899246 0.790697 -0.021032 0.611847 -0.834483 -0.092104 -0.543282 -0.853684 0.064862 -0.516737 -0.826847 -0.374825 0.41932 -0.8258 0.048782 0.561849 0.069835 -0.716236 0.694355 -0.810416 -0.534566 -0.239721 -0.838655 -0.388097 -0.382151 -0.823117 0.050385 0.565632 -0.772068 0.516085 0.370902 0.082393 -0.018669 0.996425 -0.344066 0.663988 0.663882 0.411961 0.62276 0.665175 0.72317 0.502647 0.47368 0.371681 0.857123 0.356641 0.687705 0.672923 0.272466 -0.761315 -0.645592 -0.060094 -0.38404 0.866712 0.318314 -0.779417 0.619929 0.09054 -0.843027 -0.500615 0.196697 -0.797806 -0.575302 0.180371 -0.394889 0.916102 -0.069424 -0.755367 0.623394 -0.201993 -0.39396 0.909566 0.132232 0.40779 0.905916 0.114124 -0.869707 -0.244383 0.42882 -0.36334 0.750081 -0.552595 -0.749205 0.36372 -0.553534 -0.357395 0.86726 -0.346595 0.337073 0.882061 -0.329166 0.371509 0.92358 -0.094772 -0.897516 0.048444 0.438314 -0.8851 0.108853 0.452492 -0.320982 0.474953 -0.819384 -0.758396 -0.112183 -0.642068 0.385185 0.767045 -0.513102 -0.345491 -0.149745 -0.926398 0.45799 0.455452 -0.763419 0.765779 0.365863 -0.528892 0.668058 0.598955 -0.441533 0.211867 0.937892 -0.27472 0.256368 0.966578 -0.001221 0.569739 0.815334 0.103089 0.450028 -0.159439 -0.878666 0.772894 -0.129072 -0.621269 -0.53636 0.697018 0.475904 -0.783235 0.038278 0.620547 -0.340968 0.908362 0.242113 -0.257192 0.956881 0.135022 0.256368 0.966578 -0.001221 0.569739 0.815334 0.103089 0.211867 0.937892 -0.27472 -0.37653 0.757142 -0.533818 -0.508007 0.476404 -0.717613 -0.613173 -0.149129 -0.775744 -0.548605 -0.674413 -0.494166 0.162678 -0.945753 -0.281226 0.547742 -0.637521 -0.541799 0.211384 -0.976841 0.033155 0.569053 -0.804118 0.171971 -0.571861 -0.81609 0.0835 -0.789887 -0.48706 0.372626 -0.783235 0.038278 0.620547 -0.968904 0.220417 -0.112434 -0.984746 0.141275 -0.101572 -0.981965 -0.181845 -0.051751</float_array>
          <technique_common>
            <accessor source="#GeometrySource4-array" count="956" stride="3">
              <param name="X" type="float"/>
              <param name="Y" type="float"/>
              <param name="Z" type="float"/>
            </accessor>
          </technique_common>
        </source>
        <source id="GeometrySource5" name="0001_Mesh_001UV">
          <float_array id="GeometrySource5-array" count="1912">0.64039 -0.75164 0.64045 -0.72652 0.57236 -0.7604 0.64166 -0.69944 0.57255 -0.7011 0.56988 -0.72836 0.47313 -0.7635 0.46727 -0.81021 0.57083 -0.66572 0.64072 -0.66835 0.47828 -0.68045 0.47877 -0.72248 0.64053 -0.62272 0.57323 -0.62663 0.47724 -0.63222 0.42836 -0.66161 0.4268 -0.68338 0.42739 -0.70458 0.63334 -0.59989 0.57075 -0.60135 0.62501 -0.5616 0.56843 -0.55683 0.47617 -0.60354 0.62342 -0.51561 0.56492 -0.51475 0.47432 -0.54889 0.43181 -0.57246 0.42862 -0.59842 0.4288 -0.61121 0.56994 -0.4461 0.62688 -0.43915 0.47506 -0.45768 0.47306 -0.51339 0.4119 -0.51376 0.40935 -0.55404 0.63278 -0.38721 0.57581 -0.3824 0.48728 -0.35595 0.41397 -0.33417 0.40539 -0.46135 0.63808 -0.34056 0.58107 -0.32522 0.4938 -0.30174 0.64761 -0.28844 0.58736 -0.26593 0.53675 -0.24765 0.46889 -0.18512 0.41553 -0.28984 0.65732 -0.23533 0.61224 -0.2015 0.55788 -0.16069 0.50512 -0.17518 0.4132 -0.21407 0.37491 -0.16531 0.3734 -0.16909 0.35996 -0.21101 0.35356 -0.23571 0.34247 -0.27079 0.34202 -0.28672 0.35199 -0.17191 0.34364 -0.20829 0.33688 -0.23142 0.32679 -0.2655 0.31587 -0.27608 0.34247 -0.27079 0.32679 -0.2655 0.31587 -0.27608 0.31574 -0.28091 0.34247 -0.27079 0.31574 -0.28091 0.26127 -0.13213 0.25438 -0.17975 0.24548 -0.20982 0.23421 -0.24866 0.23423 -0.26053 0.24597 -0.12811 0.2352 -0.17572 0.22595 -0.20509 0.21503 -0.24463 0.20944 -0.25839 0.20944 -0.25839 0.14718 -0.24827 0.23423 -0.26053 0.14718 -0.24827 0.1532 -0.22934 0.07276 -0.24157 0.18205 -0.11522 0.17224 -0.16208 0.16356 -0.19273 0.1532 -0.22934 0.11206 -0.10711 0.11323 -0.14878 0.10412 -0.18105 0.0928 -0.21602 0.03635 -0.20924 0.07355 -0.1944 0.0751 -0.17207 0.04093 -0.16486 0.08576 -0.15592 0.0669 -0.12376 0.41517 -0.81924 0.41774 -0.85701 0.36364 -0.82816 0.36403 -0.85114 0.39115 -0.85888 0.43887 -0.79394 0.41273 -0.80188 0.38922 -0.80754 0.34361 -0.79866 0.22892 -0.85653 0.24076 -0.86106 0.43637 -0.77236 0.40949 -0.77883 0.381 -0.78741 0.37464 -0.76986 0.31878 -0.76848 0.22288 -0.82226 0.43498 -0.75549 0.40712 -0.76202 0.40456 -0.74382 0.32147 -0.73692 0.21336 -0.79142 0.30575 -0.74165 0.16155 -0.83521 0.40483 -0.72927 0.32284 -0.72092 0.40496 -0.72174 0.40496 -0.72174 0.36955 -0.70668 0.32267 -0.68868 0.20224 -0.69486 0.20135 -0.73232 0.21315 -0.74887 0.30493 -0.73294 0.40514 -0.7062 0.3684 -0.68642 0.36957 -0.66451 0.32116 -0.65797 0.19942 -0.65976 0.1273 -0.69871 0.40538 -0.68459 0.40612 -0.66235 0.40674 -0.64385 0.32456 -0.64339 0.31106 -0.64883 0.32116 -0.65797 0.32456 -0.64339 0.31106 -0.64883 0.40692 -0.63736 0.33116 -0.61509 0.33116 -0.61509 0.33116 -0.61509 0.31265 -0.63497 0.31106 -0.64883 0.31265 -0.63497 0.24323 -0.6253 0.31106 -0.64883 0.31106 -0.64883 0.24323 -0.6253 0.31265 -0.63497 0.31265 -0.63497 0.33116 -0.61509 0.24323 -0.6253 0.23902 -0.5998 0.22695 -0.62263 0.40729 -0.62402 0.38314 -0.60673 0.40729 -0.62402 0.34847 -0.58557 0.24608 -0.57209 0.17471 -0.56107 0.16705 -0.58894 0.16133 -0.61092 0.40732 -0.6106 0.47724 -0.63222 0.38465 -0.59206 0.38959 -0.57126 0.3612 -0.55786 0.25139 -0.53591 0.40735 -0.59613 0.40846 -0.57268 0.36569 -0.51405 0.36375 -0.46354 0.34865 -0.46571 0.27293 -0.51933 0.25086 -0.52141 0.17933 -0.52646 0.35617 -0.42326 0.34081 -0.42716 0.25633 -0.43296 0.26102 -0.46922 0.24084 -0.47353 0.17886 -0.51444 0.34246 -0.36922 0.32965 -0.37939 0.25143 -0.39678 0.23125 -0.4011 0.2358 -0.43774 0.17338 -0.48241 0.41397 -0.33417 0.34067 -0.35789 0.34246 -0.36922 0.34067 -0.35789 0.29923 -0.37821 0.29923 -0.37821 0.34246 -0.36922 0.29923 -0.37821 0.32965 -0.37939 0.24828 -0.38889 0.23186 -0.39165 0.16559 -0.40324 0.16386 -0.4142 0.34233 -0.32384 0.34067 -0.35789 0.33053 -0.32337 0.32739 -0.35911 0.29969 -0.36566 0.32739 -0.35911 0.29923 -0.37821 0.34067 -0.35789 0.33264 -0.2954 0.22412 -0.31953 0.22077 -0.36185 0.22138 -0.38565 0.29969 -0.36566 0.31574 -0.28091 0.2248 -0.26547 0.22696 -0.28512 0.20474 -0.28495 0.19767 -0.31853 0.19856 -0.36168 0.20348 -0.38468 0.12483 -0.38483 0.22138 -0.38565 0.20348 -0.38468 0.12483 -0.38483 0.2069 -0.26449 0.13575 -0.25309 0.13002 -0.28289 0.12653 -0.31651 0.12243 -0.35722 0.12243 -0.35722 0.05099 -0.37496 0.05622 -0.35484 0.02218 -0.34755 0.07432 -0.24657 0.06233 -0.27997 0.06008 -0.31456 0.03367 -0.29551 0.02973 -0.31318 0.03514 -0.34047 0.0067 -0.31183 0.02309 -0.27657 0.0965 -0.41461 0.10238 -0.42504 0.16896 -0.44943 0.1119 -0.49256 0.11724 -0.50837 0.08029 -0.44632 0.1085 -0.46027 0.08526 -0.48708 0.08369 -0.5091 0.09012 -0.52955 0.11695 -0.51754 0.06865 -0.43768 0.05157 -0.47563 0.08051 -0.46941 0.05248 -0.54043 0.08677 -0.54825 0.11364 -0.55185 0.1042 -0.57988 0.0928 -0.60037 0.08439 -0.56282 0.06618 -0.57745 0.21514 -0.633 0.19718 -0.63407 0.12276 -0.66466 0.05484 -0.70248 0.1262 -0.73569 0.19519 -0.74994 0.11902 -0.63464 0.04992 -0.66891 0.0248 -0.68602 0.02021 -0.70354 0.02698 -0.72354 0.05188 -0.73971 0.12382 -0.75261 0.04915 -0.65018 0.01489 -0.66784 0.00268 -0.70447 0.01489 -0.66784 0.01201 -0.73882 0.04603 -0.75644 0.22283 -0.76227 0.20731 -0.76637 0.15143 -0.80522 0.09484 -0.84944 0.16614 -0.86915 0.22524 -0.86516 0.14242 -0.78225 0.08314 -0.82019 0.06422 -0.83799 0.06115 -0.85979 0.07363 -0.87145 0.09904 -0.88371 0.16452 -0.87798 0.0775 -0.79665 0.0429 -0.82002 0.0415 -0.85986 0.06285 -0.88372 0.09606 -0.89303 0.32284 -0.72092 0.30493 -0.73294 0.32147 -0.73692 0.32147 -0.73692 0.30575 -0.74165 0.31878 -0.76848 0.66324 -0.8275 0.58727 -0.79399 0.61221 -0.84242 0.52251 -0.86844 0.56283 -0.90379 0.4871 -0.92989 0.51485 -0.93585 0.5048 -0.85054 0.45478 -0.88456 0.4603 -0.92493 0.463 -0.94807 0.48753 -0.96516 0.61368 -0.12086 0.64593 -0.16124 0.65732 -0.23533 0.5621 -0.13348 0.50328 -0.13399 0.47135 -0.14934 0.5629 -0.11668 0.5258 -0.08818 0.51264 -0.10771 0.4804 -0.1228 0.45149 -0.13022 0.44831 -0.1597 0.37491 -0.16531 0.46889 -0.18512 0.48321 -0.09333 0.44388 -0.0983 0.42523 -0.10803 0.42297 -0.13842 0.36855 -0.15629 0.48964 -0.07195 0.44158 -0.06822 0.41323 -0.07248 0.40313 -0.07814 0.40955 -0.11648 0.36474 -0.11891 0.35067 -0.14549 0.44098 -0.04814 0.41463 -0.04053 0.38074 -0.05611 0.39219 -0.08333 0.35425 -0.07337 0.39641 -0.87527 0.39641 -0.87527 0.43108 -0.91732 0.43138 -0.94147 0.39193 -0.88138 0.38892 -0.88916 0.38892 -0.88916 0.40121 -0.93458 0.40121 -0.93458 0.37695 -0.96144 0.38828 -0.97565 0.38837 -0.99661 0.36115 -0.9463 0.34825 -0.95704 0.35894 -0.96363 0.3663 -0.97408 0.34538 -0.99504 0.36536 -0.89331 0.32204 -0.94518 0.33146 -0.96836 0.92156 -0.96722 0.97796 -0.96413 0.97139 -0.80949 0.92879 -0.87704 0.87728 -0.97626 0.92156 -0.96722 0.92879 -0.87704 0.8812 -0.9023 0.82442 -0.97674 0.82847 -0.89826 0.73962 -0.96672 0.73969 -0.86976 0.93221 -0.81883 0.89035 -0.81932 0.93221 -0.81883 0.81879 -0.82284 0.73959 -0.82677 0.73946 -0.77146 0.80785 -0.7396 0.73932 -0.69986 0.93655 -0.74484 0.93655 -0.74484 0.89827 -0.73904 0.97469 -0.65939 0.93456 -0.61039 0.93456 -0.61039 0.89904 -0.66084 0.80853 -0.66583 0.89904 -0.66084 0.73932 -0.63683 0.80919 -0.59465 0.79871 -0.52053 0.73941 -0.53146 0.97707 -0.51979 0.93311 -0.51634 0.89976 -0.5885 0.93311 -0.51634 0.89976 -0.5885 0.97037 -0.35146 0.92449 -0.41871 0.88927 -0.52354 0.92449 -0.41871 0.88927 -0.52354 0.88225 -0.4476 0.79168 -0.44143 0.73941 -0.43331 0.79074 -0.37522 0.73942 -0.3653 0.92317 -0.30517 0.88122 -0.37103 0.92317 -0.30517 0.96945 -0.15958 0.92569 -0.16776 0.8825 -0.26097 0.92569 -0.16776 0.88047 -0.31515 0.78987 -0.31393 0.92369 -0.0973 0.88011 -0.13773 0.92369 -0.0973 0.88538 -0.18393 0.7946 -0.18762 0.79181 -0.262 0.97758 -0.03055 0.93355 -0.0296 0.87155 -0.08564 0.93355 -0.0296 0.79017 -0.1445 0.8754 -0.02341 0.78423 -0.08913 0.73944 -0.09614 0.73939 -0.16386 0.73938 -0.20976 0.73941 -0.26316 0.73943 -0.30402 0.78541 -0.02717 0.73955 -0.04033 0.70134 -0.7651 0.71339 -0.79239 0.69985 -0.74245 0.7013 -0.70423 0.70027 -0.67797 0.7013 -0.70423 0.7013 -0.64376 0.69922 -0.61572 0.70123 -0.59521 0.70115 -0.51972 0.70101 -0.42039 0.70101 -0.42039 0.70112 -0.39294 0.70125 -0.35761 0.70126 -0.34046 0.70126 -0.34046 0.70127 -0.32536 0.70129 -0.29824 0.30493 -0.73294 0.30575 -0.74165 0.32147 -0.73692 0.64045 -0.72652 0.64039 -0.75164 0.57236 -0.7604 0.57255 -0.7011 0.64166 -0.69944 0.56988 -0.72836 0.47313 -0.7635 0.46727 -0.81021 0.57083 -0.66572 0.64072 -0.66835 0.47828 -0.68045 0.47877 -0.72248 0.64053 -0.62272 0.57323 -0.62663 0.47724 -0.63222 0.42836 -0.66161 0.4268 -0.68338 0.42739 -0.70458 0.63334 -0.59989 0.57075 -0.60135 0.62501 -0.5616 0.56843 -0.55683 0.47617 -0.60354 0.62342 -0.51561 0.56492 -0.51475 0.47432 -0.54889 0.43181 -0.57246 0.42862 -0.59842 0.4288 -0.61121 0.56994 -0.4461 0.62688 -0.43915 0.47506 -0.45768 0.47306 -0.51339 0.4119 -0.51376 0.40935 -0.55404 0.63278 -0.38721 0.57581 -0.3824 0.48728 -0.35595 0.41397 -0.33417 0.40539 -0.46135 0.63808 -0.34056 0.58107 -0.32522 0.4938 -0.30174 0.64761 -0.28844 0.58736 -0.26593 0.53675 -0.24765 0.46889 -0.18512 0.41553 -0.28984 0.65732 -0.23533 0.61224 -0.2015 0.55788 -0.16069 0.50512 -0.17518 0.4132 -0.21407 0.37491 -0.16531 0.3734 -0.16909 0.35996 -0.21101 0.35356 -0.23571 0.34247 -0.27079 0.34202 -0.28672 0.35199 -0.17191 0.34364 -0.20829 0.33688 -0.23142 0.32679 -0.2655 0.34247 -0.27079 0.31587 -0.27608 0.32679 -0.2655 0.31574 -0.28091 0.31587 -0.27608 0.34247 -0.27079 0.31574 -0.28091 0.26127 -0.13213 0.25438 -0.17975 0.24548 -0.20982 0.23421 -0.24866 0.23423 -0.26053 0.24597 -0.12811 0.2352 -0.17572 0.22595 -0.20509 0.21503 -0.24463 0.20944 -0.25839 0.14718 -0.24827 0.20944 -0.25839 0.23423 -0.26053 0.14718 -0.24827 0.1532 -0.22934 0.07276 -0.24157 0.18205 -0.11522 0.17224 -0.16208 0.16356 -0.19273 0.1532 -0.22934 0.11206 -0.10711 0.11323 -0.14878 0.10412 -0.18105 0.0928 -0.21602 0.03635 -0.20924 0.07355 -0.1944 0.0751 -0.17207 0.04093 -0.16486 0.08576 -0.15592 0.0669 -0.12376 0.41774 -0.85701 0.41517 -0.81924 0.36364 -0.82816 0.36403 -0.85114 0.39115 -0.85888 0.43887 -0.79394 0.41273 -0.80188 0.38922 -0.80754 0.34361 -0.79866 0.22892 -0.85653 0.24076 -0.86106 0.43637 -0.77236 0.40949 -0.77883 0.381 -0.78741 0.37464 -0.76986 0.31878 -0.76848 0.22288 -0.82226 0.43498 -0.75549 0.40712 -0.76202 0.40456 -0.74382 0.32147 -0.73692 0.21336 -0.79142 0.30575 -0.74165 0.16155 -0.83521 0.40483 -0.72927 0.32284 -0.72092 0.40496 -0.72174 0.40496 -0.72174 0.36955 -0.70668 0.32267 -0.68868 0.20224 -0.69486 0.20135 -0.73232 0.21315 -0.74887 0.30493 -0.73294 0.40514 -0.7062 0.3684 -0.68642 0.36957 -0.66451 0.32116 -0.65797 0.19942 -0.65976 0.1273 -0.69871 0.40538 -0.68459 0.40612 -0.66235 0.40674 -0.64385 0.32456 -0.64339 0.32116 -0.65797 0.31106 -0.64883 0.32456 -0.64339 0.31106 -0.64883 0.40692 -0.63736 0.33116 -0.61509 0.33116 -0.61509 0.31265 -0.63497 0.33116 -0.61509 0.31106 -0.64883 0.24323 -0.6253 0.31265 -0.63497 0.31106 -0.64883 0.24323 -0.6253 0.31106 -0.64883 0.31265 -0.63497 0.33116 -0.61509 0.31265 -0.63497 0.24323 -0.6253 0.23902 -0.5998 0.22695 -0.62263 0.40729 -0.62402 0.38314 -0.60673 0.40729 -0.62402 0.34847 -0.58557 0.24608 -0.57209 0.17471 -0.56107 0.16705 -0.58894 0.16133 -0.61092 0.40732 -0.6106 0.47724 -0.63222 0.38465 -0.59206 0.38959 -0.57126 0.3612 -0.55786 0.25139 -0.53591 0.40735 -0.59613 0.40846 -0.57268 0.36569 -0.51405 0.36375 -0.46354 0.34865 -0.46571 0.27293 -0.51933 0.25086 -0.52141 0.17933 -0.52646 0.35617 -0.42326 0.34081 -0.42716 0.25633 -0.43296 0.26102 -0.46922 0.24084 -0.47353 0.17886 -0.51444 0.34246 -0.36922 0.32965 -0.37939 0.25143 -0.39678 0.23125 -0.4011 0.2358 -0.43774 0.17338 -0.48241 0.34067 -0.35789 0.41397 -0.33417 0.34246 -0.36922 0.29923 -0.37821 0.34067 -0.35789 0.29923 -0.37821 0.29923 -0.37821 0.34246 -0.36922 0.32965 -0.37939 0.24828 -0.38889 0.23186 -0.39165 0.16559 -0.40324 0.16386 -0.4142 0.34067 -0.35789 0.34233 -0.32384 0.33053 -0.32337 0.32739 -0.35911 0.29969 -0.36566 0.32739 -0.35911 0.29923 -0.37821 0.34067 -0.35789 0.33264 -0.2954 0.22412 -0.31953 0.22077 -0.36185 0.22138 -0.38565 0.29969 -0.36566 0.31574 -0.28091 0.2248 -0.26547 0.22696 -0.28512 0.20474 -0.28495 0.19767 -0.31853 0.19856 -0.36168 0.20348 -0.38468 0.22138 -0.38565 0.12483 -0.38483 0.20348 -0.38468 0.12483 -0.38483 0.2069 -0.26449 0.13575 -0.25309 0.13002 -0.28289 0.12653 -0.31651 0.12243 -0.35722 0.12243 -0.35722 0.05099 -0.37496 0.05622 -0.35484 0.02218 -0.34755 0.07432 -0.24657 0.06233 -0.27997 0.06008 -0.31456 0.03367 -0.29551 0.02973 -0.31318 0.03514 -0.34047 0.0067 -0.31183 0.02309 -0.27657 0.0965 -0.41461 0.10238 -0.42504 0.16896 -0.44943 0.1119 -0.49256 0.11724 -0.50837 0.08029 -0.44632 0.1085 -0.46027 0.08526 -0.48708 0.08369 -0.5091 0.09012 -0.52955 0.11695 -0.51754 0.06865 -0.43768 0.05157 -0.47563 0.08051 -0.46941 0.05248 -0.54043 0.08677 -0.54825 0.11364 -0.55185 0.1042 -0.57988 0.0928 -0.60037 0.08439 -0.56282 0.06618 -0.57745 0.21514 -0.633 0.19718 -0.63407 0.12276 -0.66466 0.05484 -0.70248 0.1262 -0.73569 0.19519 -0.74994 0.11902 -0.63464 0.04992 -0.66891 0.0248 -0.68602 0.02021 -0.70354 0.02698 -0.72354 0.05188 -0.73971 0.12382 -0.75261 0.04915 -0.65018 0.01489 -0.66784 0.01489 -0.66784 0.00268 -0.70447 0.01201 -0.73882 0.04603 -0.75644 0.22283 -0.76227 0.20731 -0.76637 0.15143 -0.80522 0.09484 -0.84944 0.16614 -0.86915 0.22524 -0.86516 0.14242 -0.78225 0.08314 -0.82019 0.06422 -0.83799 0.06115 -0.85979 0.07363 -0.87145 0.09904 -0.88371 0.16452 -0.87798 0.0775 -0.79665 0.0429 -0.82002 0.0415 -0.85986 0.06285 -0.88372 0.09606 -0.89303 0.30493 -0.73294 0.32284 -0.72092 0.32147 -0.73692 0.30575 -0.74165 0.32147 -0.73692 0.31878 -0.76848 0.66324 -0.8275 0.58727 -0.79399 0.61221 -0.84242 0.52251 -0.86844 0.56283 -0.90379 0.4871 -0.92989 0.51485 -0.93585 0.5048 -0.85054 0.45478 -0.88456 0.4603 -0.92493 0.463 -0.94807 0.48753 -0.96516 0.61368 -0.12086 0.64593 -0.16124 0.65732 -0.23533 0.5621 -0.13348 0.50328 -0.13399 0.47135 -0.14934 0.5629 -0.11668 0.5258 -0.08818 0.51264 -0.10771 0.4804 -0.1228 0.45149 -0.13022 0.44831 -0.1597 0.46889 -0.18512 0.37491 -0.16531 0.48321 -0.09333 0.44388 -0.0983 0.42523 -0.10803 0.42297 -0.13842 0.36855 -0.15629 0.48964 -0.07195 0.44158 -0.06822 0.41323 -0.07248 0.40313 -0.07814 0.40955 -0.11648 0.36474 -0.11891 0.35067 -0.14549 0.44098 -0.04814 0.41463 -0.04053 0.38074 -0.05611 0.39219 -0.08333 0.35425 -0.07337 0.39641 -0.87527 0.43108 -0.91732 0.39641 -0.87527 0.43138 -0.94147 0.39193 -0.88138 0.38892 -0.88916 0.40121 -0.93458 0.38892 -0.88916 0.40121 -0.93458 0.37695 -0.96144 0.38828 -0.97565 0.38837 -0.99661 0.36115 -0.9463 0.34825 -0.95704 0.35894 -0.96363 0.3663 -0.97408 0.34538 -0.99504 0.36536 -0.89331 0.32204 -0.94518 0.33146 -0.96836 0.97796 -0.96413 0.92156 -0.96722 0.97139 -0.80949 0.92879 -0.87704 0.92156 -0.96722 0.87728 -0.97626 0.92879 -0.87704 0.8812 -0.9023 0.82442 -0.97674 0.82847 -0.89826 0.73962 -0.96672 0.73969 -0.86976 0.93221 -0.81883 0.89035 -0.81932 0.93221 -0.81883 0.81879 -0.82284 0.73959 -0.82677 0.73946 -0.77146 0.80785 -0.7396 0.73932 -0.69986 0.93655 -0.74484 0.93655 -0.74484 0.89827 -0.73904 0.97469 -0.65939 0.93456 -0.61039 0.89904 -0.66084 0.93456 -0.61039 0.80853 -0.66583 0.89904 -0.66084 0.73932 -0.63683 0.80919 -0.59465 0.79871 -0.52053 0.73941 -0.53146 0.97707 -0.51979 0.93311 -0.51634 0.89976 -0.5885 0.93311 -0.51634 0.89976 -0.5885 0.97037 -0.35146 0.92449 -0.41871 0.88927 -0.52354 0.92449 -0.41871 0.88927 -0.52354 0.88225 -0.4476 0.79168 -0.44143 0.73941 -0.43331 0.79074 -0.37522 0.73942 -0.3653 0.92317 -0.30517 0.88122 -0.37103 0.92317 -0.30517 0.96945 -0.15958 0.92569 -0.16776 0.8825 -0.26097 0.92569 -0.16776 0.88047 -0.31515 0.78987 -0.31393 0.92369 -0.0973 0.88011 -0.13773 0.92369 -0.0973 0.88538 -0.18393 0.7946 -0.18762 0.79181 -0.262 0.97758 -0.03055 0.93355 -0.0296 0.87155 -0.08564 0.93355 -0.0296 0.79017 -0.1445 0.8754 -0.02341 0.78423 -0.08913 0.73944 -0.09614 0.73939 -0.16386 0.73938 -0.20976 0.73941 -0.26316 0.73943 -0.30402 0.78541 -0.02717 0.73955 -0.04033 0.70134 -0.7651 0.71339 -0.79239 0.69985 -0.74245 0.7013 -0.70423 0.70027 -0.67797 0.7013 -0.70423 0.7013 -0.64376 0.69922 -0.61572 0.70123 -0.59521 0.70115 -0.51972 0.70101 -0.42039 0.70112 -0.39294 0.70101 -0.42039 0.70125 -0.35761 0.70126 -0.34046 0.70126 -0.34046 0.70127 -0.32536 0.70129 -0.29824 0.30575 -0.74165 0.30493 -0.73294 0.32147 -0.73692</float_array>
          <technique_common>
            <accessor source="#GeometrySource5-array" count="956" stride="2">
              <param name="S" type="float"/>
              <param name="T" type="float"/>
            </accessor>
          </technique_common>
        </source>
        <vertices id="Geometry1-vertices">
          <input semantic="POSITION" source="#GeometrySource3"/>
          <input semantic="NORMAL" source="#GeometrySource4"/>
          <input semantic="TEXCOORD" source="#GeometrySource5"/>
        </vertices>
        <triangles material="VisualMaterial10" count="1340">
          <input semantic="VERTEX" source="#Geometry1-vertices" offset="0"/>
          <p>0 1 2 3 4 1 4 5 1 5 2 1 2 5 6 7 2 6 8 4 3 9 8 3 8 10 4 4 11 5 11 6 5 10 11 4 9 12 13 9 13 8 8 14 10 8 13 14 10 14 15 16 10 15 11 10 17 10 16 17 13 12 18 14 13 19 13 18 19 18 20 19 20 21 19 19 22 14 19 21 22 20 23 21 23 24 21 21 25 22 24 25 21 25 26 22 26 27 22 28 14 22 27 28 22 29 24 23 30 29 23 29 31 24 32 25 24 31 32 24 25 32 33 32 31 33 26 25 34 34 25 33 30 35 36 30 36 29 29 37 31 29 36 37 31 37 38 31 39 33 39 31 38 35 40 36 36 41 37 40 41 36 37 42 38 41 42 37 41 40 43 44 41 43 41 44 45 41 45 42 42 45 46 47 38 42 42 46 47 43 48 44 48 49 44 50 45 44 49 50 44 50 51 45 45 51 46 46 52 47 53 52 46 54 52 53 55 52 54 56 47 52 55 56 52 47 56 57 58 47 57 47 58 38 54 59 55 56 55 60 60 55 59 61 56 60 56 62 57 56 61 62 63 64 65 66 67 68 69 58 57 59 70 60 60 71 61 70 71 60 61 72 62 71 72 61 72 73 62 74 63 62 73 74 65 70 75 71 71 76 72 75 76 71 72 77 73 76 77 72 73 78 74 77 78 73 78 79 74 80 81 82 74 83 79 79 78 83 78 84 83 83 84 85 76 75 86 77 76 87 87 76 86 88 77 87 77 88 89 78 77 89 87 86 90 88 87 91 91 87 90 92 88 91 88 92 93 88 93 89 84 93 85 85 93 94 93 92 95 93 95 94 95 96 94 92 96 95 96 97 94 91 90 98 96 92 98 97 96 98 92 91 98 99 97 98 90 99 98 100 101 7 100 102 101 101 102 103 104 101 103 7 105 100 7 6 105 105 106 100 107 102 100 106 107 100 102 107 108 109 102 108 110 103 102 109 110 102 6 111 105 112 106 105 111 112 105 112 113 106 113 107 106 113 108 107 114 113 112 108 113 114 115 108 114 116 109 108 116 108 115 11 117 6 117 111 6 118 112 111 117 118 111 118 114 112 117 11 119 118 117 119 114 118 119 115 114 119 120 115 119 121 116 115 121 115 122 116 123 109 123 116 121 124 119 11 124 120 119 125 120 124 124 126 125 11 126 124 125 127 128 129 125 128 129 130 125 130 131 125 131 132 125 132 133 125 11 134 127 127 134 128 134 17 16 17 134 11 128 134 135 128 135 129 135 136 129 129 137 130 136 137 129 137 138 130 130 138 139 131 130 139 134 140 135 135 140 136 140 134 16 140 141 136 15 141 16 141 140 16 14 142 15 142 141 15 142 137 136 141 142 136 137 142 143 144 145 146 137 147 138 148 143 142 148 142 14 149 143 148 146 150 144 151 152 153 154 155 156 157 158 159 160 161 162 161 163 158 164 158 163 165 148 14 165 149 148 166 149 167 166 168 149 149 169 163 149 168 169 163 169 170 164 163 171 171 163 170 172 164 171 173 166 167 28 173 14 173 28 27 173 167 174 175 168 166 175 166 173 168 175 176 177 168 176 34 177 176 168 177 178 170 169 178 169 168 178 173 179 175 179 173 27 180 34 176 180 176 175 179 180 175 180 26 34 27 26 180 179 27 180 177 34 181 34 33 181 33 39 181 178 177 181 39 182 181 183 181 182 184 178 181 184 181 183 185 178 184 185 186 178 178 186 170 183 182 187 39 38 187 39 187 182 188 183 187 183 188 189 183 190 184 190 183 189 190 191 184 191 185 184 185 192 186 191 192 185 38 193 187 194 188 187 188 194 189 193 194 187 194 195 189 195 196 189 189 197 190 197 191 190 196 197 189 197 198 191 191 198 192 199 200 201 202 203 193 203 193 202 200 201 204 205 206 207 194 208 195 207 206 208 195 209 196 195 208 209 196 209 210 197 196 211 211 196 210 58 212 38 212 213 38 213 212 214 215 202 214 216 200 217 216 218 219 220 214 212 58 220 212 214 220 221 215 214 221 222 215 221 215 222 223 224 215 223 225 220 58 225 226 220 227 221 220 226 227 220 221 227 228 229 221 228 222 221 229 223 222 230 230 222 229 231 223 230 232 233 234 235 231 230 235 231 223 236 228 227 226 236 227 236 237 228 228 238 229 237 238 228 238 239 229 240 230 229 239 240 229 241 235 230 242 235 241 243 240 239 243 242 240 244 242 243 237 245 238 238 246 239 245 246 238 247 243 239 246 247 239 247 246 248 246 245 248 249 247 248 247 250 243 243 250 244 250 249 244 247 249 250 249 248 251 249 251 244 252 248 245 248 252 251 211 210 253 254 211 253 255 197 211 197 255 198 255 211 254 255 256 198 192 198 257 198 256 257 258 254 253 258 259 254 254 259 255 259 256 255 260 256 259 261 257 256 260 261 256 261 262 257 263 192 257 263 186 192 262 263 257 264 258 253 258 264 265 258 266 259 266 260 259 261 260 266 265 261 266 266 258 265 262 261 267 268 262 267 262 268 269 263 262 269 186 263 269 170 186 269 171 170 269 172 171 270 270 171 269 271 172 270 268 272 269 272 270 269 272 268 267 272 273 270 273 271 270 273 272 267 147 274 138 138 274 275 276 139 138 276 138 275 277 139 276 139 278 131 277 278 139 278 279 131 131 279 132 280 276 275 281 277 276 281 276 280 277 281 282 283 277 282 277 283 284 277 285 278 285 277 284 278 285 286 278 286 279 282 281 287 287 281 280 288 282 287 283 282 289 284 283 289 282 290 289 291 284 289 285 284 291 285 292 286 292 285 291 293 121 122 294 121 293 121 295 123 294 295 121 123 295 296 297 123 296 297 109 123 298 110 109 298 109 297 294 299 295 295 300 296 299 300 295 300 301 296 301 302 296 302 303 296 304 297 296 303 304 296 305 298 297 305 297 304 300 306 301 299 306 300 306 307 301 307 308 301 308 302 301 302 308 303 303 309 304 308 309 303 310 305 304 309 310 304 311 312 313 314 315 316 317 0 318 2 318 0 317 318 319 318 2 320 319 318 320 319 320 321 321 320 322 323 321 322 324 2 7 2 324 320 324 7 325 7 101 325 320 324 325 326 322 320 325 326 320 327 322 326 322 327 323 327 328 323 329 49 48 330 329 331 49 332 50 329 332 49 51 50 333 50 332 333 46 51 334 334 51 333 335 332 329 332 335 336 332 337 333 337 332 336 334 333 338 337 338 333 339 334 338 340 334 339 340 46 334 341 342 340 337 343 338 336 343 337 339 338 344 338 343 344 345 339 344 346 340 339 346 339 345 347 340 346 347 341 340 336 348 343 343 349 344 348 349 343 345 344 350 344 349 350 351 345 350 352 345 351 352 346 345 346 352 353 346 354 347 354 346 353 350 349 355 355 349 348 356 350 355 351 350 357 350 356 357 358 352 351 358 351 357 353 352 359 352 358 359 357 359 358 360 325 101 101 104 360 361 362 325 326 325 362 363 327 326 363 326 362 360 364 362 364 365 362 366 367 362 368 363 362 369 363 368 369 370 363 370 327 363 371 328 327 370 371 327 367 372 369 366 372 367 372 373 369 373 374 369 375 370 369 374 375 369 375 376 370 376 371 370 377 372 366 378 373 372 377 378 372 373 378 379 374 373 379 375 374 379 376 375 379 380 381 382 383 380 382 384 385 386 387 384 386 388 384 387 389 388 387 390 388 389 391 390 389 392 383 382 393 387 386 394 393 386 393 395 387 395 389 387 389 395 391 395 396 391 396 395 397 398 395 393 395 398 397 397 398 399 382 400 392 394 401 393 401 402 393 402 398 393 382 403 400 404 400 403 405 406 401 406 402 401 407 398 402 407 399 398 408 407 402 409 399 407 410 409 407 407 408 410 409 410 411 412 409 411 404 403 413 414 404 413 405 415 406 415 405 416 408 417 410 414 413 418 419 414 418 420 415 416 420 416 421 410 422 411 410 417 422 411 422 423 423 420 421 412 411 424 424 411 423 412 424 425 425 424 426 427 425 426 419 418 428 423 421 429 421 430 429 424 423 429 426 424 429 428 418 431 432 428 431 433 430 434 430 435 429 433 435 430 436 426 429 435 436 429 426 436 427 431 437 432 438 434 439 434 440 433 438 440 434 440 441 433 440 438 441 433 442 435 441 442 433 442 436 435 431 443 437 437 443 444 439 445 438 446 445 439 438 447 441 445 447 438 446 448 445 445 449 447 448 449 445 449 450 447 450 451 447 441 452 442 452 441 447 451 452 447 452 453 442 436 454 427 454 436 442 453 454 442 450 449 455 455 449 448 456 450 455 0 317 457 1 0 457 317 458 457 3 1 459 459 1 457 9 3 460 460 3 459 461 9 462 9 461 463 12 9 463 18 12 464 12 463 464 465 20 18 464 465 18 466 23 20 465 466 20 466 467 23 467 30 23 467 35 30 468 469 35 470 40 35 469 470 35 40 470 471 43 40 472 473 48 43 472 473 43 473 474 48 474 330 48 475 476 477 478 479 480 481 482 478 480 483 478 483 481 478 483 480 484 480 485 484 481 486 482 486 487 482 488 486 481 489 481 483 484 489 483 489 488 481 490 487 491 491 487 486 492 486 488 491 486 492 492 488 493 488 494 493 488 489 495 494 488 495 490 491 496 491 492 497 496 491 497 498 496 497 499 498 497 500 497 492 499 497 500 501 498 499 502 501 499 503 499 500 503 502 499 504 503 500 505 504 500 492 506 500 506 505 500 502 507 501 507 508 501 509 507 502 503 510 502 510 509 502 510 503 511 509 510 511 503 504 512 503 512 511 513 508 514 514 508 507 515 507 509 514 507 515 515 509 516 517 509 511 509 517 516 518 513 514 519 514 515 519 518 514 520 515 516 520 519 515 518 519 521 519 522 521 522 519 523 523 519 520 523 520 524 516 525 520 524 520 525 526 521 522 527 526 522 523 528 522 528 527 522 529 528 523 529 523 524 530 524 525 530 531 524 530 532 531 530 533 532 525 534 530 534 533 530 534 525 535 525 536 535 536 525 516 537 532 533 533 534 538 533 538 537 534 539 538 539 534 540 540 534 535 541 542 543 544 545 546 536 547 535 548 537 538 549 538 539 549 548 538 550 539 540 550 549 539 551 550 540 542 552 540 552 551 543 553 548 549 554 553 549 554 549 550 555 550 551 555 554 550 556 551 552 556 555 551 557 556 552 558 559 560 556 557 561 561 552 557 562 556 561 562 561 563 553 554 564 554 555 565 554 565 564 555 566 565 555 556 567 566 555 567 564 565 568 565 569 568 565 566 569 566 570 569 571 566 567 571 562 563 570 566 571 571 563 572 573 571 572 570 571 573 574 573 572 574 570 573 575 574 572 570 574 576 569 570 576 568 569 576 574 575 576 577 568 576 575 577 576 578 579 485 580 579 578 580 578 581 578 582 581 583 485 579 484 485 583 584 583 579 580 585 579 585 584 579 585 580 586 580 587 586 581 588 580 588 587 580 589 484 583 584 590 583 590 589 583 585 591 584 586 591 585 591 590 584 591 586 592 591 592 590 586 593 592 587 594 586 586 594 593 595 489 484 589 595 484 592 596 590 590 596 589 596 595 589 489 595 597 595 596 597 596 592 597 592 593 597 593 598 597 594 599 593 593 599 600 601 594 587 594 601 599 598 602 597 597 602 489 598 603 602 604 489 602 604 602 603 605 603 606 603 607 606 608 607 603 609 608 603 610 609 603 611 610 603 612 489 605 612 605 606 612 495 489 495 612 494 613 606 607 612 606 613 614 613 607 615 607 608 615 614 607 616 615 608 608 609 617 616 608 617 618 612 613 618 613 614 612 618 494 619 618 614 619 493 494 618 619 494 619 620 493 620 619 614 615 620 614 620 492 493 620 615 621 622 623 624 625 615 616 621 626 620 620 626 492 621 627 626 628 624 623 629 630 631 632 633 634 635 636 637 638 639 640 641 638 635 635 642 641 626 643 492 627 643 626 627 644 645 646 644 627 647 627 641 646 627 647 647 641 648 641 642 649 641 649 648 642 650 649 644 651 645 651 506 492 506 651 505 645 651 652 646 653 644 644 653 651 653 646 654 646 655 654 655 512 654 655 646 656 647 648 656 646 647 656 657 651 653 651 657 505 512 658 654 654 658 653 658 657 653 504 658 512 504 505 658 505 657 658 512 655 659 511 512 659 517 511 659 655 656 659 660 517 659 659 661 660 656 662 659 659 662 661 656 663 662 664 663 656 664 656 648 660 661 665 516 517 665 665 517 660 661 666 665 666 661 667 668 661 662 661 668 667 669 668 662 663 669 662 670 663 664 670 669 663 671 516 665 666 672 665 672 666 667 672 671 665 673 672 667 674 673 667 675 667 668 669 675 668 675 674 667 676 675 669 676 669 670 677 678 679 680 681 671 671 680 681 679 677 682 683 684 685 686 672 673 683 685 686 687 673 674 686 673 687 687 674 688 674 675 689 674 689 688 690 691 516 691 536 516 691 690 692 681 693 692 677 694 695 696 694 697 692 698 691 698 536 691 698 692 699 692 693 699 693 700 699 700 693 701 693 702 701 698 703 536 704 703 698 699 705 698 705 704 698 705 699 706 699 707 706 699 700 707 700 701 708 700 708 707 701 709 708 710 711 712 709 713 708 709 713 701 706 714 705 714 704 705 715 714 706 716 706 707 716 715 706 717 716 707 708 718 707 718 717 707 713 719 708 713 720 719 718 721 717 720 721 718 720 722 721 723 715 716 724 716 717 724 723 716 721 725 717 725 724 717 724 725 726 723 724 726 725 727 726 728 725 721 728 721 722 727 728 722 727 725 728 726 727 729 729 727 722 726 730 723 730 726 729 688 689 731 689 732 731 675 733 689 733 675 676 689 733 732 734 733 676 676 670 735 734 676 735 732 736 731 737 736 732 737 732 733 734 737 733 734 738 737 735 739 734 739 738 734 740 739 735 670 741 735 664 741 670 741 740 735 736 742 731 742 736 743 744 736 737 738 744 737 738 739 744 739 743 744 736 744 743 739 740 745 740 746 745 740 741 747 741 664 747 664 648 747 648 649 747 746 740 747 649 650 748 649 748 747 650 749 748 746 750 745 750 746 747 748 750 747 749 751 748 750 751 745 751 750 748 752 625 616 752 616 753 617 754 616 616 754 753 617 755 754 756 617 609 756 755 617 757 609 610 757 756 609 754 758 753 755 759 754 754 759 758 759 755 760 755 761 760 761 755 762 763 755 756 755 763 762 764 756 757 763 756 764 759 760 765 759 765 758 760 766 765 767 760 768 760 761 768 761 762 768 762 763 769 762 769 768 770 763 764 763 770 769 599 771 600 599 772 771 773 599 601 773 772 599 773 601 774 587 775 601 601 775 774 588 776 587 587 776 775 777 772 773 778 773 774 778 777 773 779 778 774 780 779 774 781 780 774 775 782 774 782 781 774 776 783 775 775 783 782 784 778 779 784 777 778 785 784 779 786 785 779 780 786 779 786 780 781 787 781 782 787 786 781 783 788 782 788 787 782 789 790 791 792 793 794 479 795 796 796 480 479 796 795 797 480 796 798 796 797 798 798 797 799 798 799 800 799 801 800 480 802 485 802 480 798 485 802 803 578 485 803 802 798 803 800 804 798 804 803 798 800 805 804 805 800 801 806 805 801 527 807 526 807 808 809 810 807 527 810 527 528 528 529 811 810 528 811 529 812 811 529 524 812 810 813 807 813 810 814 815 810 811 810 815 814 816 815 811 811 812 816 812 817 816 812 818 817 524 818 812 819 820 818 821 815 816 821 814 815 816 817 822 821 816 822 817 823 822 818 824 817 817 824 823 820 825 818 818 825 824 826 814 821 827 821 822 827 826 821 822 823 828 827 822 828 823 829 828 823 830 829 824 830 823 830 824 831 824 832 831 832 824 825 827 828 833 827 833 826 828 834 833 834 828 835 828 829 835 830 836 829 829 836 835 837 835 836 830 831 837 836 830 837 803 838 578 582 578 838 803 804 839 839 840 803 805 841 804 804 841 839 842 838 839 843 842 839 844 845 839 841 846 839 841 847 846 848 847 841 805 848 841 806 849 805 849 848 805 850 844 847 850 845 844 851 850 847 852 851 847 848 853 847 853 852 847 849 854 848 854 853 848 850 855 845 851 856 850 856 855 850 856 851 857 851 852 857 852 853 857 853 854 857 858 859 860 859 861 860 862 863 864 863 865 864 863 866 865 866 867 865 866 868 867 868 869 867 861 870 860 865 871 864 871 872 864 867 873 865 873 867 869 873 871 865 874 873 869 873 874 875 873 876 871 876 873 875 876 875 877 878 860 870 879 872 871 876 880 871 880 879 871 881 860 878 878 882 881 880 883 879 883 884 879 876 885 880 877 885 876 885 886 880 877 887 885 887 888 885 886 885 888 888 887 889 887 890 889 881 882 891 882 892 891 893 884 883 884 893 894 895 886 888 891 892 896 892 897 896 893 898 894 894 898 899 895 888 900 900 888 889 898 901 899 900 889 901 889 890 902 889 902 901 902 890 903 902 903 904 903 905 904 896 897 906 899 901 907 908 899 907 902 904 907 901 902 907 896 906 909 906 910 909 908 911 912 913 911 908 913 908 907 904 914 907 914 913 907 914 904 905 915 909 910 912 916 917 918 912 911 918 916 912 916 918 919 919 918 911 920 911 913 914 920 913 920 919 911 921 909 915 921 915 922 923 917 916 923 924 917 925 916 919 925 923 916 926 924 923 927 926 923 927 923 925 928 927 925 929 928 925 930 919 920 919 930 925 930 929 925 931 930 920 914 932 920 932 931 920 932 914 905 927 928 933 927 933 926 928 934 933 795 479 935 479 478 935 936 795 935 478 937 935 478 482 937 482 487 938 482 938 937 487 939 940 487 490 941 939 487 941 490 496 942 941 490 942 943 942 496 498 943 496 501 944 498 944 943 498 508 945 501 513 945 508 945 944 501 946 947 513 948 946 513 518 948 513 948 518 949 518 521 950 526 951 521 951 950 521 808 952 526 952 951 526 953 954 955</p>
        </triangles>
      </mesh>
    </geometry>
  </library_geometries>
  <library_controllers>
    <controller id="Controller">
      <skin source="#Geometry">
        <bind_shape_matrix>1 0 0 0 0 1 0 0 0 0 1 0 0 0 0 1</bind_shape_matrix>
        <source id="Controller-joints">
          <Name_array id="Controller-joints-array" count="1">Mesh_001</Name_array>
          <technique_common>
            <accessor source="#Controller-joints-array" count="1" stride="1">
              <param name="JOINT" type="Name"/>
            </accessor>
          </technique_common>
        </source>
        <source id="Controller-bind_poses">
          <float_array id="Controller-bind_poses-array" count="16">1 0 0 0 0 1 0 0 0 0 1 0 0 0 0 1</float_array>
          <technique_common>
            <accessor source="#Controller-bind_poses-array" count="1" stride="16">
              <param name="TRANSFORM" type="float4x4"/>
            </accessor>
          </technique_common>
        </source>
        <source id="Controller-weights">
          <float_array id="Controller-weights-array" count="1">1</float_array>
          <technique_common>
            <accessor source="#Controller-weights-array" count="1" stride="1">
              <param name="WEIGHT" type="float"/>
            </accessor>
          </technique_common>
        </source>
        <joints>
          <input semantic="JOINT" source="#Controller-joints"/>
          <input semantic="INV_BIND_MATRIX" source="#Controller-bind_poses"/>
        </joints>
        <vertex_weights count="2313">
          <input semantic="JOINT" source="#Controller-joints" offset="0"/>
          <input semantic="WEIGHT" source="#Controller-weights" offset="1"/>
          <vcount>1 1 1 1 1 1 1 1 1 1 1 1 1 1 1 1 1 1 1 1 1 1 1 1 1 1 1 1 1 1 1 1 1 1 1 1 1 1 1 1 1 1 1 1 1 1 1 1 1 1 1 1 1 1 1 1 1 1 1 1 1 1 1 1 1 1 1 1 1 1 1 1 1 1 1 1 1 1 1 1 1 1 1 1 1 1 1 1 1 1 1 1 1 1 1 1 1 1 1 1 1 1 1 1 1 1 1 1 1 1 1 1 1 1 1 1 1 1 1 1 1 1 1 1 1 1 1 1 1 1 1 1 1 1 1 1 1 1 1 1 1 1 1 1 1 1 1 1 1 1 1 1 1 1 1 1 1 1 1 1 1 1 1 1 1 1 1 1 1 1 1 1 1 1 1 1 1 1 1 1 1 1 1 1 1 1 1 1 1 1 1 1 1 1 1 1 1 1 1 1 1 1 1 1 1 1 1 1 1 1 1 1 1 1 1 1 1 1 1 1 1 1 1 1 1 1 1 1 1 1 1 1 1 1 1 1 1 1 1 1 1 1 1 1 1 1 1 1 1 1 1 1 1 1 1 1 1 1 1 1 1 1 1 1 1 1 1 1 1 1 1 1 1 1 1 1 1 1 1 1 1 1 1 1 1 1 1 1 1 1 1 1 1 1 1 1 1 1 1 1 1 1 1 1 1 1 1 1 1 1 1 1 1 1 1 1 1 1 1 1 1 1 1 1 1 1 1 1 1 1 1 1 1 1 1 1 1 1 1 1 1 1 1 1 1 1 1 1 1 1 1 1 1 1 1 1 1 1 1 1 1 1 1 1 1 1 1 1 1 1 1 1 1 1 1 1 1 1 1 1 1 1 1 1 1 1 1 1 1 1 1 1 1 1 1 1 1 1 1 1 1 1 1 1 1 1 1 1 1 1 1 1 1 1 1 1 1 1 1 1 1 1 1 1 1 1 1 1 1 1 1 1 1 1 1 1 1 1 1 1 1 1 1 1 1 1 1 1 1 1 1 1 1 1 1 1 1 1 1 1 1 1 1 1 1 1 1 1 1 1 1 1 1 1 1 1 1 1 1 1 1 1 1 1 1 1 1 1 1 1 1 1 1 1 1 1 1 1 1 1 1 1 1 1 1 1 1 1 1 1 1 1 1 1 1 1 1 1 1 1 1 1 1 1 1 1 1 1 1 1 1 1 1 1 1 1 1 1 1 1 1 1 1 1 1 1 1 1 1 1 1 1 1 1 1 1 1 1 1 1 1 1 1 1 1 1 1 1 1 1 1 1 1 1 1 1 1 1 1 1 1 1 1 1 1 1 1 1 1 1 1 1 1 1 1 1 1 1 1 1 1 1 1 1 1 1 1 1 1 1 1 1 1 1 1 1 1 1 1 1 1 1 1 1 1 1 1 1 1 1 1 1 1 1 1 1 1 1 1 1 1 1 1 1 1 1 1 1 1 1 1 1 1 1 1 1 1 1 1 1 1 1 1 1 1 1 1 1 1 1 1 1 1 1 1 1 1 1 1 1 1 1 1 1 1 1 1 1 1 1 1 1 1 1 1 1 1 1 1 1 1 1 1 1 1 1 1 1 1 1 1 1 1 1 1 1 1 1 1 1 1 1 1 1 1 1 1 1 1 1 1 1 1 1 1 1 1 1 1 1 1 1 1 1 1 1 1 1 1 1 1 1 1 1 1 1 1 1 1 1 1 1 1 1 1 1 1 1 1 1 1 1 1 1 1 1 1 1 1 1 1 1 1 1 1 1 1 1 1 1 1 1 1 1 1 1 1 1 1 1 1 1 1 1 1 1 1 1 1 1 1 1 1 1 1 1 1 1 1 1 1 1 1 1 1 1 1 1 1 1 1 1 1 1 1 1 1 1 1 1 1 1 1 1 1 1 1 1 1 1 1 1 1 1 1 1 1 1 1 1 1 1 1 1 1 1 1 1 1 1 1 1 1 1 1 1 1 1 1 1 1 1 1 1 1 1 1 1 1 1 1 1 1 1 1 1 1 1 1 1 1 1 1 1 1 1 1 1 1 1 1 1 1 1 1 1 1 1 1 1 1 1 1 1 1 1 1 1 1 1 1 1 1 1 1 1 1 1 1 1 1 1 1 1 1 1 1 1 1 1 1 1 1 1 1 1 1 1 1 1 1 1 1 1 1 1 1 1 1 1 1 1 1 1 1 1 1 1 1 1 1 1 1 1 1 1 1 1 1 1 1 1 1 1 1 1 1 1 1 1 1 1 1 1 1 1 1 1 1 1 1 1 1 1 1 1 1 1 1 1 1 1 1 1 1 1 1 1 1 1 1 1 1 1 1 1 1 1 1 1 1 1 1 1 1 1 1 1 1 1 1 1 1 1 1 1 1 1 1 1 1 1 1 1 1 1 1 1 1 1 1 1 1 1 1 1 1 1 1 1 1 1 1 1 1 1 1 1 1 1 1 1 1 1 1 1 1 1 1 1 1 1 1 1 1 1 1 1 1 1 1 1 1 1 1 1 1 1 1 1 1 1 1 1 1 1 1 1 1 1 1 1 1 1 1 1 1 1 1 1 1 1 1 1 1 1 1 1 1 1 1 1 1 1 1 1 1 1 1 1 1 1 1 1 1 1 1 1 1 1 1 1 1 1 1 1 1 1 1 1 1 1 1 1 1 1 1 1 1 1 1 1 1 1 1 1 1 1 1 1 1 1 1 1 1 1 1 1 1 1 1 1 1 1 1 1 1 1 1 1 1 1 1 1 1 1 1 1 1 1 1 1 1 1 1 1 1 1 1 1 1 1 1 1 1 1 1 1 1 1 1 1 1 1 1 1 1 1 1 1 1 1 1 1 1 1 1 1 1 1 1 1 1 1 1 1 1 1 1 1 1 1 1 1 1 1 1 1 1 1 1 1 1 1 1 1 1 1 1 1 1 1 1 1 1 1 1 1 1 1 1 1 1 1 1 1 1 1 1 1 1 1 1 1 1 1 1 1 1 1 1 1 1 1 1 1 1 1 1 1 1 1 1 1 1 1 1 1 1 1 1 1 1 1 1 1 1 1 1 1 1 1 1 1 1 1 1 1 1 1 1 1 1 1 1 1 1 1 1 1 1 1 1 1 1 1 1 1 1 1 1 1 1 1 1 1 1 1 1 1 1 1 1 1 1 1 1 1 1 1 1 1 1 1 1 1 1 1 1 1 1 1 1 1 1 1 1 1 1 1 1 1 1 1 1 1 1 1 1 1 1 1 1 1 1 1 1 1 1 1 1 1 1 1 1 1 1 1 1 1 1 1 1 1 1 1 1 1 1 1 1 1 1 1 1 1 1 1 1 1 1 1 1 1 1 1 1 1 1 1 1 1 1 1 1 1 1 1 1 1 1 1 1 1 1 1 1 1 1 1 1 1 1 1 1 1 1 1 1 1 1 1 1 1 1 1 1 1 1 1 1 1 1 1 1 1 1 1 1 1 1 1 1 1 1 1 1 1 1 1 1 1 1 1 1 1 1 1 1 1 1 1 1 1 1 1 1 1 1 1 1 1 1 1 1 1 1 1 1 1 1 1 1 1 1 1 1 1 1 1 1 1 1 1 1 1 1 1 1 1 1 1 1 1 1 1 1 1 1 1 1 1 1 1 1 1 1 1 1 1 1 1 1 1 1 1 1 1 1 1 1 1 1 1 1 1 1 1 1 1 1 1 1 1 1 1 1 1 1 1 1 1 1 1 1 1 1 1 1 1 1 1 1 1 1 1 1 1 1 1 1 1 1 1 1 1 1 1 1 1 1 1 1 1 1 1 1 1 1 1 1 1 1 1 1 1 1 1 1 1 1 1 1 1 1 1 1 1 1 1 1 1 1 1 1 1 1 1 1 1 1 1 1 1 1 1 1 1 1 1 1 1 1 1 1 1 1 1 1 1 1 1 1 1 1 1 1 1 1 1 1 1 1 1 1 1 1 1 1 1 1 1 1 1 1 1 1 1 1 1 1 1 1 1 1 1 1 1 1 1 1 1 1 1 1 1 1 1 1 1 1 1 1 1 1 1 1 1 1 1 1 1 1 1 1 1 1 1 1 1 1 1 1 1 1 1 1 1 1 1 1 1 1 1 1 1 1 1 1 1 1 1 1 1 1 1 1 1 1 1 1 1 1 1 1 1 1 1 1 1 1 1 1 1 1 1 1 1 1 1 1 1 1 1 1 1 1 1 1 1 1 1 1 1 1 1 1 1 1 1 1 1 1 1 1 1 1 1 1 1 1 1 1 1 1 1 1 1 1 1 1 1 1 1 1 1 1 1 1 1 1 1 1 1 1 1 1 1 1 1 1 1 1 1 1 1 1 1 1 1 1 1 1 1 1 1 1 1 1 1 1 1 1 1 1 1 1 1 1 1 1 1 1 1 1 1 1 1 1 1 1 1 1 1 1 1 1 1 1 1 1 1 1 1 1 1 1 1 1 1 1 1 1 1 1 1 1 1 1 1 1 1 1 1 1 1 1 1 1 1 1 1 1 1 1 1 1 1 1 1 1 1 1 1 1 1 1 1 1 1 1 1 1 1 1 1 1 1 1 1 1 1 1 1 1 1 1 1 1 1 1 1 1 1 1 1 1 1 1 1 1 1 1 1 1 1 1 1 1 1 1 1 1 1 1 1 1 1 1 1 1 1 1 1 1 1 1 1 1 1 1 1 1 1 1 1 1 1 1 1 1 1 1 1 1 1 1 1 1 1 1 1 1 1 1 1 1 1 1 1 1 1 1 1 1 1 1 1 1 1 1 1 1 1 1 1 1 1 1 1 1 1 1 1 1 1 1 1 1 1 1 1 1 1 1 1 1 1 1 1 1 1 1 1 1 1 1 1 1 1 1 1 1 1 1 1 1 1 1 1 1 1 1 1 1 1 1 1 1 1 1 1 1 1 1 1 1 1 1 1 1 1 1 1 1 1 1 1 1 1 1 1 1 1 1 1 1 1 1 1 1 1 1 1 1 1 1 1 1 1 1 1 1 1 1 1 1 1 1 1 1 1 1 1 1 1 1 1 1 1 1 1 1 1 1 1 1 1 1 1 1 1 1 1 1 1 1 1 1 1 1 1 1 1 1 1 1 1 1 1 1 1 1 1 1 1 1 1 1 1 1 1 1 1 1 1 1 1 1 1 1 1 1 1 1 1 1 1 1 1 1 1 1 1 1 1 1 1 1 1 1 1 1 </vcount>
          <v>0 0 0 0 0 0 0 0 0 0 0 0 0 0 0 0 0 0 0 0 0 0 0 0 0 0 0 0 0 0 0 0 0 0 0 0 0 0 0 0 0 0 0 0 0 0 0 0 0 0 0 0 0 0 0 0 0 0 0 0 0 0 0 0 0 0 0 0 0 0 0 0 0 0 0 0 0 0 0 0 0 0 0 0 0 0 0 0 0 0 0 0 0 0 0 0 0 0 0 0 0 0 0 0 0 0 0 0 0 0 0 0 0 0 0 0 0 0 0 0 0 0 0 0 0 0 0 0 0 0 0 0 0 0 0 0 0 0 0 0 0 0 0 0 0 0 0 0 0 0 0 0 0 0 0 0 0 0 0 0 0 0 0 0 0 0 0 0 0 0 0 0 0 0 0 0 0 0 0 0 0 0 0 0 0 0 0 0 0 0 0 0 0 0 0 0 0 0 0 0 0 0 0 0 0 0 0 0 0 0 0 0 0 0 0 0 0 0 0 0 0 0 0 0 0 0 0 0 0 0 0 0 0 0 0 0 0 0 0 0 0 0 0 0 0 0 0 0 0 0 0 0 0 0 0 0 0 0 0 0 0 0 0 0 0 0 0 0 0 0 0 0 0 0 0 0 0 0 0 0 0 0 0 0 0 0 0 0 0 0 0 0 0 0 0 0 0 0 0 0 0 0 0 0 0 0 0 0 0 0 0 0 0 0 0 0 0 0 0 0 0 0 0 0 0 0 0 0 0 0 0 0 0 0 0 0 0 0 0 0 0 0 0 0 0 0 0 0 0 0 0 0 0 0 0 0 0 0 0 0 0 0 0 0 0 0 0 0 0 0 0 0 0 0 0 0 0 0 0 0 0 0 0 0 0 0 0 0 0 0 0 0 0 0 0 0 0 0 0 0 0 0 0 0 0 0 0 0 0 0 0 0 0 0 0 0 0 0 0 0 0 0 0 0 0 0 0 0 0 0 0 0 0 0 0 0 0 0 0 0 0 0 0 0 0 0 0 0 0 0 0 0 0 0 0 0 0 0 0 0 0 0 0 0 0 0 0 0 0 0 0 0 0 0 0 0 0 0 0 0 0 0 0 0 0 0 0 0 0 0 0 0 0 0 0 0 0 0 0 0 0 0 0 0 0 0 0 0 0 0 0 0 0 0 0 0 0 0 0 0 0 0 0 0 0 0 0 0 0 0 0 0 0 0 0 0 0 0 0 0 0 0 0 0 0 0 0 0 0 0 0 0 0 0 0 0 0 0 0 0 0 0 0 0 0 0 0 0 0 0 0 0 0 0 0 0 0 0 0 0 0 0 0 0 0 0 0 0 0 0 0 0 0 0 0 0 0 0 0 0 0 0 0 0 0 0 0 0 0 0 0 0 0 0 0 0 0 0 0 0 0 0 0 0 0 0 0 0 0 0 0 0 0 0 0 0 0 0 0 0 0 0 0 0 0 0 0 0 0 0 0 0 0 0 0 0 0 0 0 0 0 0 0 0 0 0 0 0 0 0 0 0 0 0 0 0 0 0 0 0 0 0 0 0 0 0 0 0 0 0 0 0 0 0 0 0 0 0 0 0 0 0 0 0 0 0 0 0 0 0 0 0 0 0 0 0 0 0 0 0 0 0 0 0 0 0 0 0 0 0 0 0 0 0 0 0 0 0 0 0 0 0 0 0 0 0 0 0 0 0 0 0 0 0 0 0 0 0 0 0 0 0 0 0 0 0 0 0 0 0 0 0 0 0 0 0 0 0 0 0 0 0 0 0 0 0 0 0 0 0 0 0 0 0 0 0 0 0 0 0 0 0 0 0 0 0 0 0 0 0 0 0 0 0 0 0 0 0 0 0 0 0 0 0 0 0 0 0 0 0 0 0 0 0 0 0 0 0 0 0 0 0 0 0 0 0 0 0 0 0 0 0 0 0 0 0 0 0 0 0 0 0 0 0 0 0 0 0 0 0 0 0 0 0 0 0 0 0 0 0 0 0 0 0 0 0 0 0 0 0 0 0 0 0 0 0 0 0 0 0 0 0 0 0 0 0 0 0 0 0 0 0 0 0 0 0 0 0 0 0 0 0 0 0 0 0 0 0 0 0 0 0 0 0 0 0 0 0 0 0 0 0 0 0 0 0 0 0 0 0 0 0 0 0 0 0 0 0 0 0 0 0 0 0 0 0 0 0 0 0 0 0 0 0 0 0 0 0 0 0 0 0 0 0 0 0 0 0 0 0 0 0 0 0 0 0 0 0 0 0 0 0 0 0 0 0 0 0 0 0 0 0 0 0 0 0 0 0 0 0 0 0 0 0 0 0 0 0 0 0 0 0 0 0 0 0 0 0 0 0 0 0 0 0 0 0 0 0 0 0 0 0 0 0 0 0 0 0 0 0 0 0 0 0 0 0 0 0 0 0 0 0 0 0 0 0 0 0 0 0 0 0 0 0 0 0 0 0 0 0 0 0 0 0 0 0 0 0 0 0 0 0 0 0 0 0 0 0 0 0 0 0 0 0 0 0 0 0 0 0 0 0 0 0 0 0 0 0 0 0 0 0 0 0 0 0 0 0 0 0 0 0 0 0 0 0 0 0 0 0 0 0 0 0 0 0 0 0 0 0 0 0 0 0 0 0 0 0 0 0 0 0 0 0 0 0 0 0 0 0 0 0 0 0 0 0 0 0 0 0 0 0 0 0 0 0 0 0 0 0 0 0 0 0 0 0 0 0 0 0 0 0 0 0 0 0 0 0 0 0 0 0 0 0 0 0 0 0 0 0 0 0 0 0 0 0 0 0 0 0 0 0 0 0 0 0 0 0 0 0 0 0 0 0 0 0 0 0 0 0 0 0 0 0 0 0 0 0 0 0 0 0 0 0 0 0 0 0 0 0 0 0 0 0 0 0 0 0 0 0 0 0 0 0 0 0 0 0 0 0 0 0 0 0 0 0 0 0 0 0 0 0 0 0 0 0 0 0 0 0 0 0 0 0 0 0 0 0 0 0 0 0 0 0 0 0 0 0 0 0 0 0 0 0 0 0 0 0 0 0 0 0 0 0 0 0 0 0 0 0 0 0 0 0 0 0 0 0 0 0 0 0 0 0 0 0 0 0 0 0 0 0 0 0 0 0 0 0 0 0 0 0 0 0 0 0 0 0 0 0 0 0 0 0 0 0 0 0 0 0 0 0 0 0 0 0 0 0 0 0 0 0 0 0 0 0 0 0 0 0 0 0 0 0 0 0 0 0 0 0 0 0 0 0 0 0 0 0 0 0 0 0 0 0 0 0 0 0 0 0 0 0 0 0 0 0 0 0 0 0 0 0 0 0 0 0 0 0 0 0 0 0 0 0 0 0 0 0 0 0 0 0 0 0 0 0 0 0 0 0 0 0 0 0 0 0 0 0 0 0 0 0 0 0 0 0 0 0 0 0 0 0 0 0 0 0 0 0 0 0 0 0 0 0 0 0 0 0 0 0 0 0 0 0 0 0 0 0 0 0 0 0 0 0 0 0 0 0 0 0 0 0 0 0 0 0 0 0 0 0 0 0 0 0 0 0 0 0 0 0 0 0 0 0 0 0 0 0 0 0 0 0 0 0 0 0 0 0 0 0 0 0 0 0 0 0 0 0 0 0 0 0 0 0 0 0 0 0 0 0 0 0 0 0 0 0 0 0 0 0 0 0 0 0 0 0 0 0 0 0 0 0 0 0 0 0 0 0 0 0 0 0 0 0 0 0 0 0 0 0 0 0 0 0 0 0 0 0 0 0 0 0 0 0 0 0 0 0 0 0 0 0 0 0 0 0 0 0 0 0 0 0 0 0 0 0 0 0 0 0 0 0 0 0 0 0 0 0 0 0 0 0 0 0 0 0 0 0 0 0 0 0 0 0 0 0 0 0 0 0 0 0 0 0 0 0 0 0 0 0 0 0 0 0 0 0 0 0 0 0 0 0 0 0 0 0 0 0 0 0 0 0 0 0 0 0 0 0 0 0 0 0 0 0 0 0 0 0 0 0 0 0 0 0 0 0 0 0 0 0 0 0 0 0 0 0 0 0 0 0 0 0 0 0 0 0 0 0 0 0 0 0 0 0 0 0 0 0 0 0 0 0 0 0 0 0 0 0 0 0 0 0 0 0 0 0 0 0 0 0 0 0 0 0 0 0 0 0 0 0 0 0 0 0 0 0 0 0 0 0 0 0 0 0 0 0 0 0 0 0 0 0 0 0 0 0 0 0 0 0 0 0 0 0 0 0 0 0 0 0 0 0 0 0 0 0 0 0 0 0 0 0 0 0 0 0 0 0 0 0 0 0 0 0 0 0 0 0 0 0 0 0 0 0 0 0 0 0 0 0 0 0 0 0 0 0 0 0 0 0 0 0 0 0 0 0 0 0 0 0 0 0 0 0 0 0 0 0 0 0 0 0 0 0 0 0 0 0 0 0 0 0 0 0 0 0 0 0 0 0 0 0 0 0 0 0 0 0 0 0 0 0 0 0 0 0 0 0 0 0 0 0 0 0 0 0 0 0 0 0 0 0 0 0 0 0 0 0 0 0 0 0 0 0 0 0 0 0 0 0 0 0 0 0 0 0 0 0 0 0 0 0 0 0 0 0 0 0 0 0 0 0 0 0 0 0 0 0 0 0 0 0 0 0 0 0 0 0 0 0 0 0 0 0 0 0 0 0 0 0 0 0 0 0 0 0 0 0 0 0 0 0 0 0 0 0 0 0 0 0 0 0 0 0 0 0 0 0 0 0 0 0 0 0 0 0 0 0 0 0 0 0 0 0 0 0 0 0 0 0 0 0 0 0 0 0 0 0 0 0 0 0 0 0 0 0 0 0 0 0 0 0 0 0 0 0 0 0 0 0 0 0 0 0 0 0 0 0 0 0 0 0 0 0 0 0 0 0 0 0 0 0 0 0 0 0 0 0 0 0 0 0 0 0 0 0 0 0 0 0 0 0 0 0 0 0 0 0 0 0 0 0 0 0 0 0 0 0 0 0 0 0 0 0 0 0 0 0 0 0 0 0 0 0 0 0 0 0 0 0 0 0 0 0 0 0 0 0 0 0 0 0 0 0 0 0 0 0 0 0 0 0 0 0 0 0 0 0 0 0 0 0 0 0 0 0 0 0 0 0 0 0 0 0 0 0 0 0 0 0 0 0 0 0 0 0 0 0 0 0 0 0 0 0 0 0 0 0 0 0 0 0 0 0 0 0 0 0 0 0 0 0 0 0 0 0 0 0 0 0 0 0 0 0 0 0 0 0 0 0 0 0 0 0 0 0 0 0 0 0 0 0 0 0 0 0 0 0 0 0 0 0 0 0 0 0 0 0 0 0 0 0 0 0 0 0 0 0 0 0 0 0 0 0 0 0 0 0 0 0 0 0 0 0 0 0 0 0 0 0 0 0 0 0 0 0 0 0 0 0 0 0 0 0 0 0 0 0 0 0 0 0 0 0 0 0 0 0 0 0 0 0 0 0 0 0 0 0 0 0 0 0 0 0 0 0 0 0 0 0 0 0 0 0 0 0 0 0 0 0 0 0 0 0 0 0 0 0 0 0 0 0 0 0 0 0 0 0 0 0 0 0 0 0 0 0 0 0 0 0 0 0 0 0 0 0 0 0 0 0 0 0 0 0 0 0 0 0 0 0 0 0 0 0 0 0 0 0 0 0 0 0 0 0 0 0 0 0 0 0 0 0 0 0 0 0 0 0 0 0 0 0 0 0 0 0 0 0 0 0 0 0 0 0 0 0 0 0 0 0 0 0 0 0 0 0 0 0 0 0 0 0 0 0 0 0 0 0 0 0 0 0 0 0 0 0 0 0 0 0 0 0 0 0 0 0 0 0 0 0 0 0 0 0 0 0 0 0 0 0 0 0 0 0 0 0 0 0 0 0 0 0 0 0 0 0 0 0 0 0 0 0 0 0 0 0 0 0 0 0 0 0 0 0 0 0 0 0 0 0 0 0 0 0 0 0 0 0 0 0 0 0 0 0 0 0 0 0 0 0 0 0 0 0 0 0 0 0 0 0 0 0 0 0 0 0 0 0 0 0 0 0 0 0 0 0 0 0 0 0 0 0 0 0 0 0 0 0 0 0 0 0 0 0 0 0 0 0 0 0 0 0 0 0 0 0 0 0 0 0 0 0 0 0 0 0 0 0 0 0 0 0 0 0 0 0 0 0 0 0 0 0 0 0 0 0 0 0 0 0 0 0 0 0 0 0 0 0 0 0 0 0 0 0 0 0 0 0 0 0 0 0 0 0 0 0 0 0 0 0 0 0 0 0 0 0 0 0 0 0 0 0 0 0 0 0 0 0 0 0 0 0 0 0 0 0 0 0 0 0 0 0 0 0 0 0 0 0 0 0 0 0 0 0 0 0 0 0 0 0 0 0 0 0 0 0 0 0 0 0 0 0 0 0 0 0 0 0 0 0 0 0 0 0 0 0 0 0 0 0 0 0 0 0 0 0 0 0 0 0 0 0 0 0 0 0 0 0 0 0 0 0 0 0 0 0 0 0 0 0 0 0 0 0 0 0 0 0 0 0 0 0 0 0 0 0 0 0 0 0 0 0 0 0 0 0 0 0 0 0 0 0 0 0 0 0 0 0 0 0 0 0 0 0 0 0 0 0 0 0 0 0 0 0 0 0 0 0 0 0 0 0 0 0 0 0 0 0 0 0 0 0 0 0 0 0 0 0 0 0 0 0 0 0 0 0 0 0 0 0 0 0 0 0 0 0 0 0 0 0 0 0 0 0 0 0 0 0 0 0 0 0 0 0 0 0 0 0 0 0 0 0 0 0 0 0 0 0 0 0 0 0 0 0 0 0 0 0 0 0 0 0 0 0 0 0 0 0 0 0 0 0 0 0 0 0 0 0 0 0 0 0 0 0 0 0 0 0 0 0 0 0 0 0 0 0 0 0 0 0 0 0 0 0 0 0 0 0 0 0 0 0 0 0 0 0 0 0 0 0 0 0 0 0 0 0 0 0 0 0 0 0 0 0 0 0 0 0 0 0 0 0 0 0 0 0 0 0 0 0 0 0 0 0 0 0 0 0 0 0 0 0 0 0 0 0 0 0 0 0 0 0 0 0 0 0 0 0 0 0 0 0 0 0 0 0 0 0 0 0 0 0 0 0 0 0 0 0 0 0 0 0 0 0 0 0 0 0 0 0 0 0 0 0 0 0 0 0 0 0 0 0 0 0 0 0 0 0 0 0 0 0 0 0 0 0 0 0 0 0 0 0 0 0 0 0 0 0 0 0 0 0 0 0 0 0 0 0 0 0 0 0 0 0 0 0 0 0 0 0 0 0 0 0 0 0 0 0 0 0 0 0 0 0 0 0 0 0 0 0 0 0 0 0 0 0 0 0 0 0 0 0 0 0 0 0 0 0 0 0 0 0 0 0 0 0 0 0 0 0 0 0 0 0 0 0 0 0 0 0 0 0 0 0 0 0 0 0 0 0 0 0 0 0 0 0 0 0 0 0 0 0 0 0 0 0 0 0 0 0 0 0 0 0 0 0 0 0 0 0 0 0 0 0 0 0 0 0 0 0 0 0 0 0 0 0 0 0 0 0 0 0 0 0 0 0 0 0 0 0 0 0 0 0 0 0 0 0 0 0 0 0 0 0 0 0 0 0 0 0 0 0 0 0 0 0 0 0 0 0 0 0 0 0 0 0 0 0 0 0 0 0 0 0 0 0 0 0 0 0 0 0 0 0 0 0 0 0 0 0 0 0 0 0 0 0 0 0 0 0 0 0 0 0 0 0 0 0 0 0 0 0 0 0 0 0 0 0 0 0 0 0 0 0 0 0 0 0 0 0 0 0 0 0 0 0 0 0 0 0 0 0 0 0 0 0 0 0 0 0 0 0 0 0 0 0 0 0 0 0 0 0 0 0 0 0 0 0 0 0 0 0 0 0 0 0 0 0 0 0 0 0 0 0 0 0 0 0 0 0 0 0 0 0 0 0 0 0 0 0 0 0 0 0 0 0 0 0 0 0 0 0 0 0 0 0 0 0 0 0 0 0 0 0 0 0 0 0 0 0 0 0 0 0 0 0 0 0 0 0 0 0 0 0 0 0 0 0 0 0 0 0 0 0 0 0 0 0 0 0 0 0 0 0 0 0 0 0 0 0 0 0 0 0 0 0 0 0 0 0 0 0 0 0 0 0 0 0 0 0 0 0 0 0 0 0 0 0 0 0 0 0 0 0 0 0 0 0 0 0 0 0 0 0 0 0 0 0 0 0 0 0 0 0 0 0 0 0 0 0 0 0 0 0 0 0 0 0 0 0 0 0 0 0 0 0 0 0 0 0 0 0 0 0 0 0 0 0 0 0 0 0 0 0 0 0 0 0 0 0 0 0 0 0 0 0 0 0 0 0 0 0 0 0 0 0 0 0 0 0 0 0 0 0 0 0 0 0 0 0 0 0 0 0 0 0 0 0 0 0 0 0 0 0 0 0 0 0 0 0 0 0 0 0 0 0 0 0 0 0 0 0 0 0 0 0 0 0 0 0 0 0 0 0 0 0 0 0 0 0 0 0 0 0 0 0 0 0 0 0 0 0 0 0 0 0 0 0 0 0 0 0 0 0 0 0 0 0 0 0 0 0 0 0 0 0 0 0 0 0 0 0 0 0 0 0 0 0 0 0 0 0 0 0 0 0 0 0 0 0 0 0 0 0 0 0 0 0 0 0 0 0 0 0 0 0 0 0 0 0 0 0 0 0 0 0 0 0 0 0 0 0 0 0 0 0 0 0 0 0 0 0 0 0 0 0 0 0 0 0 0 0 0 0 0 0 0 0 0 0 0 0 0 0 0 0 0 0 0 0 0 0 0 0 0 0 0 0 0 0 0 0 0 0 0 0 0 0 0 0 0 0 0 0 0 0 0 0 0 0 0 0 0 0 0 0 0 0 0 0 0 0 0 0 0 0 0 0 0 0 0 0 0 0 0 0 0 0 0 0 0 0 0 0 0 0 0 0 0 0 0 0 0 0 0 0 0 0 0 0 0 0 0 0 0 0 0 0 0 0 0 0 0 0 0 0 0 0 0 0 0 0 0 0 0 0 0 0 0 0 0 0 0 0 0 0 0 0 0 0 0 0 0 0 0 0 0 0 0 0 0 0 0 0 0 0 0 0 0 0 0 0 0 0 0 0 0 0 0 0 0 0 0 0 0 0 0 0 0 0 0 0 0 0 0 0 0 0 0 0 0 0 0 0 0 0 0 0 0 0 0 0 0 0 0 0 0 0 0 0 0 0 0 0 0 0 0 0 0 0 0 0 0 0 0 0 0 0 0 0 0 0 0 0 0 0 0 0 0 0 0 0 0 0 0 0 0 0 0 0 0 0 0 0 0 0 0 0 0 0 0 0 0 0 0 0 0 0 0 0 0 0 0 0 0 0 0 0 0 0 0 0 0 0 0 0 0 0 0 0 0 0 0 0 0 0 0 0 0 0 0 0 0 0 0 0 0 0 0 0 0 0 0 0 0 0 0 0 0 0 0 0 0 0 0 0 0 0 0 0 0 0 0 0 0 0 0 0 0 0 0 0 0 0 0 0 0 0 0 0 0 0 0 0 0 0 0 0 0 0 0 0 0 0 0 0 0 0 0 0 0 0 0 0 0 0 0 0 0 0 0 0 0 0 0 0 0 0 0 0 0 0 0 0 0 0 0 0 0 0 0 0 0 0 0 0 0 0 0 0 0 0 0 0 0 0 0 0 0 0 0 0 0 0 0 0 0 0 0 0 0 0 0 0 0 0 0 0 0 0 0 0 0 0 0 0 0 0 0 0 0 0 0 0 0 0 0 0 0 0 0 0 0 0 0 0 0 0 0 0 0 0 0 0 0 0 0 0 0 0 0 0 0 0 0 0 0 0 0 0 0 0 0 0 0 0 0 0 0 0 0 0 0 0 0 0 0 0 0 0 0 0 0 0 0 0 0 0 0 0 0 0 0 0 0 0 0 0 0 0 0 0 0 0 0 0 0 0 0 0 0 0 0 0 0 0 0 0 0 0 0 0 0 0 0 0 0 0 0 0 0 0 0 0 0 0 0 0 0 0 0 0 0 0 0 0 0 0 0 0 0 0 0 0 0 0 0 0 0 0 0 0 0 0 0 0 0 0 0 0 0 0 0 0 0 0 0 0 0 0 0 0 0 0 0 0 0 0 0 0 0 0 0 0 0 0 0 0 0 0 0 0 0 0 0 0 0 0 0 0 0 0 0 0 0 0 0 0 0 0 0 0 0 0 0 0 0 0 0 0 0 0 0 0 0 0 0 0 0 0 0 0 0 0 0 0 0 0 0 0 0 0 0 0 0 0 0 0 0 0 0 0 0 0 0 0 0 0 0 0 0 0 0 0 0 0 0 0 0 0 0 0 0 0 0 0</v>
        </vertex_weights>
      </skin>
      <extra>
        <technique profile="FCOLLADA">
          <user_properties>SkinController</user_properties>
        </technique>
      </extra>
    </controller>
    <controller id="Controller1">
      <skin source="#Geometry1">
        <bind_shape_matrix>1 0 0 0 0 1 0 0 0 0 1 0 0 0 0 1</bind_shape_matrix>
        <source id="Controller1-joints">
          <Name_array id="Controller1-joints-array" count="1">Mesh_001</Name_array>
          <technique_common>
            <accessor source="#Controller1-joints-array" count="1" stride="1">
              <param name="JOINT" type="Name"/>
            </accessor>
          </technique_common>
        </source>
        <source id="Controller1-bind_poses">
          <float_array id="Controller1-bind_poses-array" count="16">1 0 0 0 0 1 0 0 0 0 1 0 0 0 0 1</float_array>
          <technique_common>
            <accessor source="#Controller1-bind_poses-array" count="1" stride="16">
              <param name="TRANSFORM" type="float4x4"/>
            </accessor>
          </technique_common>
        </source>
        <source id="Controller1-weights">
          <float_array id="Controller1-weights-array" count="1">1</float_array>
          <technique_common>
            <accessor source="#Controller1-weights-array" count="1" stride="1">
              <param name="WEIGHT" type="float"/>
            </accessor>
          </technique_common>
        </source>
        <joints>
          <input semantic="JOINT" source="#Controller1-joints"/>
          <input semantic="INV_BIND_MATRIX" source="#Controller1-bind_poses"/>
        </joints>
        <vertex_weights count="956">
          <input semantic="JOINT" source="#Controller1-joints" offset="0"/>
          <input semantic="WEIGHT" source="#Controller1-weights" offset="1"/>
          <vcount>1 1 1 1 1 1 1 1 1 1 1 1 1 1 1 1 1 1 1 1 1 1 1 1 1 1 1 1 1 1 1 1 1 1 1 1 1 1 1 1 1 1 1 1 1 1 1 1 1 1 1 1 1 1 1 1 1 1 1 1 1 1 1 1 1 1 1 1 1 1 1 1 1 1 1 1 1 1 1 1 1 1 1 1 1 1 1 1 1 1 1 1 1 1 1 1 1 1 1 1 1 1 1 1 1 1 1 1 1 1 1 1 1 1 1 1 1 1 1 1 1 1 1 1 1 1 1 1 1 1 1 1 1 1 1 1 1 1 1 1 1 1 1 1 1 1 1 1 1 1 1 1 1 1 1 1 1 1 1 1 1 1 1 1 1 1 1 1 1 1 1 1 1 1 1 1 1 1 1 1 1 1 1 1 1 1 1 1 1 1 1 1 1 1 1 1 1 1 1 1 1 1 1 1 1 1 1 1 1 1 1 1 1 1 1 1 1 1 1 1 1 1 1 1 1 1 1 1 1 1 1 1 1 1 1 1 1 1 1 1 1 1 1 1 1 1 1 1 1 1 1 1 1 1 1 1 1 1 1 1 1 1 1 1 1 1 1 1 1 1 1 1 1 1 1 1 1 1 1 1 1 1 1 1 1 1 1 1 1 1 1 1 1 1 1 1 1 1 1 1 1 1 1 1 1 1 1 1 1 1 1 1 1 1 1 1 1 1 1 1 1 1 1 1 1 1 1 1 1 1 1 1 1 1 1 1 1 1 1 1 1 1 1 1 1 1 1 1 1 1 1 1 1 1 1 1 1 1 1 1 1 1 1 1 1 1 1 1 1 1 1 1 1 1 1 1 1 1 1 1 1 1 1 1 1 1 1 1 1 1 1 1 1 1 1 1 1 1 1 1 1 1 1 1 1 1 1 1 1 1 1 1 1 1 1 1 1 1 1 1 1 1 1 1 1 1 1 1 1 1 1 1 1 1 1 1 1 1 1 1 1 1 1 1 1 1 1 1 1 1 1 1 1 1 1 1 1 1 1 1 1 1 1 1 1 1 1 1 1 1 1 1 1 1 1 1 1 1 1 1 1 1 1 1 1 1 1 1 1 1 1 1 1 1 1 1 1 1 1 1 1 1 1 1 1 1 1 1 1 1 1 1 1 1 1 1 1 1 1 1 1 1 1 1 1 1 1 1 1 1 1 1 1 1 1 1 1 1 1 1 1 1 1 1 1 1 1 1 1 1 1 1 1 1 1 1 1 1 1 1 1 1 1 1 1 1 1 1 1 1 1 1 1 1 1 1 1 1 1 1 1 1 1 1 1 1 1 1 1 1 1 1 1 1 1 1 1 1 1 1 1 1 1 1 1 1 1 1 1 1 1 1 1 1 1 1 1 1 1 1 1 1 1 1 1 1 1 1 1 1 1 1 1 1 1 1 1 1 1 1 1 1 1 1 1 1 1 1 1 1 1 1 1 1 1 1 1 1 1 1 1 1 1 1 1 1 1 1 1 1 1 1 1 1 1 1 1 1 1 1 1 1 1 1 1 1 1 1 1 1 1 1 1 1 1 1 1 1 1 1 1 1 1 1 1 1 1 1 1 1 1 1 1 1 1 1 1 1 1 1 1 1 1 1 1 1 1 1 1 1 1 1 1 1 1 1 1 1 1 1 1 1 1 1 1 1 1 1 1 1 1 1 1 1 1 1 1 1 1 1 1 1 1 1 1 1 1 1 1 1 1 1 1 1 1 1 1 1 1 1 1 1 1 1 1 1 1 1 1 1 1 1 1 1 1 1 1 1 1 1 1 1 1 1 1 1 1 1 1 1 1 1 1 1 1 1 1 1 1 1 1 1 1 1 1 1 1 1 1 1 1 1 1 1 1 1 1 1 1 1 1 1 1 1 1 1 1 1 1 1 1 1 1 1 1 1 1 1 1 1 1 1 1 1 1 1 1 1 1 1 1 1 1 1 1 1 1 1 1 1 1 1 1 1 1 1 1 1 1 1 1 1 1 1 1 1 1 1 1 1 1 1 1 1 1 1 1 1 1 1 1 1 1 1 1 1 1 1 1 1 1 1 1 1 1 1 1 1 1 1 1 1 1 1 1 1 1 1 1 1 1 1 1 1 1 1 1 1 1 1 1 1 1 1 1 1 </vcount>
          <v>0 0 0 0 0 0 0 0 0 0 0 0 0 0 0 0 0 0 0 0 0 0 0 0 0 0 0 0 0 0 0 0 0 0 0 0 0 0 0 0 0 0 0 0 0 0 0 0 0 0 0 0 0 0 0 0 0 0 0 0 0 0 0 0 0 0 0 0 0 0 0 0 0 0 0 0 0 0 0 0 0 0 0 0 0 0 0 0 0 0 0 0 0 0 0 0 0 0 0 0 0 0 0 0 0 0 0 0 0 0 0 0 0 0 0 0 0 0 0 0 0 0 0 0 0 0 0 0 0 0 0 0 0 0 0 0 0 0 0 0 0 0 0 0 0 0 0 0 0 0 0 0 0 0 0 0 0 0 0 0 0 0 0 0 0 0 0 0 0 0 0 0 0 0 0 0 0 0 0 0 0 0 0 0 0 0 0 0 0 0 0 0 0 0 0 0 0 0 0 0 0 0 0 0 0 0 0 0 0 0 0 0 0 0 0 0 0 0 0 0 0 0 0 0 0 0 0 0 0 0 0 0 0 0 0 0 0 0 0 0 0 0 0 0 0 0 0 0 0 0 0 0 0 0 0 0 0 0 0 0 0 0 0 0 0 0 0 0 0 0 0 0 0 0 0 0 0 0 0 0 0 0 0 0 0 0 0 0 0 0 0 0 0 0 0 0 0 0 0 0 0 0 0 0 0 0 0 0 0 0 0 0 0 0 0 0 0 0 0 0 0 0 0 0 0 0 0 0 0 0 0 0 0 0 0 0 0 0 0 0 0 0 0 0 0 0 0 0 0 0 0 0 0 0 0 0 0 0 0 0 0 0 0 0 0 0 0 0 0 0 0 0 0 0 0 0 0 0 0 0 0 0 0 0 0 0 0 0 0 0 0 0 0 0 0 0 0 0 0 0 0 0 0 0 0 0 0 0 0 0 0 0 0 0 0 0 0 0 0 0 0 0 0 0 0 0 0 0 0 0 0 0 0 0 0 0 0 0 0 0 0 0 0 0 0 0 0 0 0 0 0 0 0 0 0 0 0 0 0 0 0 0 0 0 0 0 0 0 0 0 0 0 0 0 0 0 0 0 0 0 0 0 0 0 0 0 0 0 0 0 0 0 0 0 0 0 0 0 0 0 0 0 0 0 0 0 0 0 0 0 0 0 0 0 0 0 0 0 0 0 0 0 0 0 0 0 0 0 0 0 0 0 0 0 0 0 0 0 0 0 0 0 0 0 0 0 0 0 0 0 0 0 0 0 0 0 0 0 0 0 0 0 0 0 0 0 0 0 0 0 0 0 0 0 0 0 0 0 0 0 0 0 0 0 0 0 0 0 0 0 0 0 0 0 0 0 0 0 0 0 0 0 0 0 0 0 0 0 0 0 0 0 0 0 0 0 0 0 0 0 0 0 0 0 0 0 0 0 0 0 0 0 0 0 0 0 0 0 0 0 0 0 0 0 0 0 0 0 0 0 0 0 0 0 0 0 0 0 0 0 0 0 0 0 0 0 0 0 0 0 0 0 0 0 0 0 0 0 0 0 0 0 0 0 0 0 0 0 0 0 0 0 0 0 0 0 0 0 0 0 0 0 0 0 0 0 0 0 0 0 0 0 0 0 0 0 0 0 0 0 0 0 0 0 0 0 0 0 0 0 0 0 0 0 0 0 0 0 0 0 0 0 0 0 0 0 0 0 0 0 0 0 0 0 0 0 0 0 0 0 0 0 0 0 0 0 0 0 0 0 0 0 0 0 0 0 0 0 0 0 0 0 0 0 0 0 0 0 0 0 0 0 0 0 0 0 0 0 0 0 0 0 0 0 0 0 0 0 0 0 0 0 0 0 0 0 0 0 0 0 0 0 0 0 0 0 0 0 0 0 0 0 0 0 0 0 0 0 0 0 0 0 0 0 0 0 0 0 0 0 0 0 0 0 0 0 0 0 0 0 0 0 0 0 0 0 0 0 0 0 0 0 0 0 0 0 0 0 0 0 0 0 0 0 0 0 0 0 0 0 0 0 0 0 0 0 0 0 0 0 0 0 0 0 0 0 0 0 0 0 0 0 0 0 0 0 0 0 0 0 0 0 0 0 0 0 0 0 0 0 0 0 0 0 0 0 0 0 0 0 0 0 0 0 0 0 0 0 0 0 0 0 0 0 0 0 0 0 0 0 0 0 0 0 0 0 0 0 0 0 0 0 0 0 0 0 0 0 0 0 0 0 0 0 0 0 0 0 0 0 0 0 0 0 0 0 0 0 0 0 0 0 0 0 0 0 0 0 0 0 0 0 0 0 0 0 0 0 0 0 0 0 0 0 0 0 0 0 0 0 0 0 0 0 0 0 0 0 0 0 0 0 0 0 0 0 0 0 0 0 0 0 0 0 0 0 0 0 0 0 0 0 0 0 0 0 0 0 0 0 0 0 0 0 0 0 0 0 0 0 0 0 0 0 0 0 0 0 0 0 0 0 0 0 0 0 0 0 0 0 0 0 0 0 0 0 0 0 0 0 0 0 0 0 0 0 0 0 0 0 0 0 0 0 0 0 0 0 0 0 0 0 0 0 0 0 0 0 0 0 0 0 0 0 0 0 0 0 0 0 0 0 0 0 0 0 0 0 0 0 0 0 0 0 0 0 0 0 0 0 0 0 0 0 0 0 0 0 0 0 0 0 0 0 0 0 0 0 0 0 0 0 0 0 0 0 0 0 0 0 0 0 0 0 0 0 0 0 0 0 0 0 0 0 0 0 0 0 0 0 0 0 0 0 0 0 0 0 0 0 0 0 0 0 0 0 0 0 0 0 0 0 0 0 0 0 0 0 0 0 0 0 0 0 0 0 0 0 0 0 0 0 0 0 0 0 0 0 0 0 0 0 0 0 0 0 0 0 0 0 0 0 0 0 0 0 0 0 0 0 0 0 0 0 0 0 0 0 0 0 0 0 0 0 0 0 0 0 0 0 0 0 0 0 0 0 0 0 0 0 0 0 0 0 0 0 0 0 0 0 0 0 0 0 0 0 0 0 0 0 0 0 0 0 0 0 0 0 0 0 0 0 0 0 0 0 0 0 0 0 0 0 0 0 0 0 0 0 0 0 0 0 0 0 0 0 0 0 0 0 0 0 0 0 0 0 0 0 0 0 0 0 0 0 0 0 0 0 0 0 0 0 0 0 0 0 0 0 0 0 0 0 0 0 0 0 0 0 0 0 0 0 0 0 0 0 0 0 0 0 0 0 0 0 0 0 0 0 0 0 0 0 0 0 0 0 0 0 0 0 0 0 0 0 0 0 0 0 0 0 0 0 0 0 0 0 0 0 0 0 0 0 0 0 0 0 0 0 0 0 0 0 0 0 0 0 0 0 0 0 0 0 0 0 0 0 0 0 0 0 0 0 0 0 0 0 0 0 0 0 0 0 0 0 0 0 0 0 0 0 0 0 0 0 0 0 0 0 0 0 0 0 0 0 0 0 0 0 0 0 0 0 0 0 0 0 0 0 0 0 0 0 0 0 0 0 0 0 0 0 0 0 0 0 0 0 0 0 0 0 0 0 0 0 0 0 0 0 0 0 0 0 0 0 0 0 0 0 0 0 0 0 0 0 0 0 0 0 0 0 0 0 0 0 0 0 0 0 0 0 0 0 0 0 0 0 0 0 0 0 0 0 0 0 0 0 0 0 0 0 0 0 0 0 0 0 0 0 0 0 0 0 0 0 0 0 0 0 0 0 0 0 0 0 0 0 0 0 0 0 0 0 0 0 0 0 0 0 0 0 0 0 0 0 0 0 0 0 0 0 0 0 0 0 0 0 0 0 0 0 0 0 0 0 0 0 0 0 0 0 0 0 0 0 0 0 0 0 0 0 0 0 0 0 0 0 0 0 0 0 0 0 0 0 0 0 0 0 0 0 0 0 0 0 0 0 0 0 0 0 0 0 0 0 0 0 0 0 0 0 0 0 0 0 0 0 0 0 0 0 0 0 0 0 0 0 0 0 0 0 0 0 0 0 0 0 0 0 0 0 0 0 0 0 0 0 0 0 0 0 0 0 0 0 0 0 0 0 0 0 0 0 0 0 0 0 0 0 0 0 0 0 0 0 0 0 0 0 0 0 0 0 0 0 0 0 0 0 0 0 0 0 0 0 0 0 0 0 0 0 0 0 0 0 0 0 0 0 0 0 0 0 0 0 0 0 0 0 0 0 0 0 0 0 0 0 0 0 0 0 0 0 0 0 0 0 0 0 0 0 0 0 0 0 0 0 0 0 0 0 0 0 0 0 0 0 0 0 0 0 0 0 0 0 0 0 0 0 0 0 0 0</v>
        </vertex_weights>
      </skin>
      <extra>
        <technique profile="FCOLLADA">
          <user_properties>SkinController</user_properties>
        </technique>
      </extra>
    </controller>
  </library_controllers>
  <library_visual_scenes>
    <visual_scene id="VisualSceneNode" name="rdmscene">
      <node id="VisualSceneNode1" name="Mesh_001" sid="Mesh_001" type="JOINT">
        <matrix>1 0 0 0 0 1 0 0 0 0 1 0 0 0 0 1</matrix>
      </node>
      <node id="VisualSceneNode2" name="_000_Mesh_001" type="NODE">
        <matrix>1 0 0 0 0 1 0 0 0 0 1 0 0 0 0 1</matrix>
        <instance_controller url="#Controller">
          <skeleton>#VisualSceneNode1</skeleton>
          <bind_material>
            <technique_common>
              <instance_material symbol="VisualMaterial0" target="#VisualMaterial"/>
            </technique_common>
          </bind_material>
        </instance_controller>
      </node>
      <node id="VisualSceneNode3" name="_001_Mesh_001" type="NODE">
        <matrix>1 0 0 0 0 1 0 0 0 0 1 0 0 0 0 1</matrix>
        <instance_controller url="#Controller1">
          <skeleton>#VisualSceneNode1</skeleton>
          <bind_material>
            <technique_common>
              <instance_material symbol="VisualMaterial10" target="#VisualMaterial1"/>
            </technique_common>
          </bind_material>
        </instance_controller>
      </node>
    </visual_scene>
  </library_visual_scenes>
  <scene>
    <instance_visual_scene url="#VisualSceneNode"/>
  </scene>
</COLLADA>
