# Created by Metasequoia

mtllib Model.mtl

v 0.415598 2.190700 0.231036
v 0.450343 2.190700 0.044475
v 0.319269 2.190700 0.386704
v -0.319271 2.190700 0.386704
v -0.415599 2.190700 0.231035
v -0.450344 2.190700 0.044475
v -0.415599 2.190700 -0.142086
v -0.316652 2.190700 -0.300244
v 0.316651 2.190700 -0.300244
v 0.415598 2.190700 -0.142086
v 0.381176 1.585140 -0.043853
v 0.383204 1.618310 -0.070225
v 0.399463 1.600260 -0.043397
v 0.385705 1.593270 -0.004511
v 0.401422 1.606060 -0.007228
v 0.390235 1.622080 0.020947
v 0.403381 1.628460 0.018072
v 0.403618 1.677030 0.028200
v 0.397740 1.676240 0.035395
v 0.460309 1.605670 -0.050081
v 0.460462 1.610610 -0.012241
v 0.460614 1.632160 0.014730
v 0.437500 1.677900 0.030617
v 0.401025 1.709730 -0.002344
v 0.394963 1.715270 0.000858
v 0.388605 1.726060 -0.039660
v 0.459907 1.621710 -0.085403
v 0.464507 1.677570 0.028694
v 0.463875 1.669250 -0.104733
v 0.465163 1.713060 -0.088135
v 0.465509 1.722610 -0.043765
v 0.436530 1.669150 -0.106688
v 0.437809 1.715030 -0.088683
v 0.438253 1.724370 -0.042432
v 0.465810 1.712100 -0.005070
v 0.378179 1.672990 -0.091503
v 0.390500 1.710770 -0.074259
v 0.395444 1.720340 -0.040476
v 0.438625 1.713710 -0.003642
v -0.383205 1.618310 -0.070225
v -0.369292 1.611690 -0.072429
v -0.381177 1.585140 -0.043914
v -0.399463 1.600260 -0.043397
v -0.460310 1.605670 -0.050081
v -0.459908 1.621710 -0.085403
v -0.385706 1.593270 -0.004511
v -0.401423 1.606060 -0.007228
v -0.460462 1.610610 -0.012241
v -0.390235 1.622080 0.020947
v -0.403381 1.628460 0.018072
v -0.460615 1.632160 0.014730
v -0.403619 1.677030 0.028200
v -0.437500 1.677900 0.030616
v -0.464508 1.677570 0.028693
v -0.397740 1.676240 0.035395
v -0.401026 1.709730 -0.002344
v -0.438626 1.713710 -0.003643
v -0.465810 1.712100 -0.005070
v -0.394963 1.715270 0.000858
v -0.388606 1.726060 -0.039660
v -0.395445 1.720340 -0.040476
v -0.438254 1.724370 -0.042432
v -0.465509 1.722610 -0.043765
v -0.390501 1.710770 -0.074259
v -0.437810 1.715030 -0.088683
v -0.465164 1.713060 -0.088135
v -0.382573 1.716700 -0.078106
v -0.378180 1.672990 -0.091503
v -0.437019 1.669150 -0.106688
v -0.463875 1.669250 -0.104733
v -0.370286 1.673390 -0.098658
v 0.386534 1.606180 0.020029
v 0.395225 1.674430 0.042057
v 0.397001 1.675360 0.073276
v 0.384264 1.570570 0.036422
v 0.381560 1.580350 -0.004846
v 0.395602 1.729690 0.009868
v 0.400656 1.765040 0.032846
v 0.395225 1.829310 0.117960
v 0.387868 1.669660 0.119300
v 0.373625 1.534650 0.109949
v 0.389345 1.744530 -0.038023
v 0.392442 1.788790 -0.038171
v 0.409750 1.842790 0.035519
v 0.428192 2.000670 0.040949
v 0.399408 2.000660 0.220675
v 0.381970 1.828810 0.218770
v 0.380891 1.730310 -0.086901
v 0.378785 1.765040 -0.113559
v 0.395794 1.840030 -0.039003
v 0.397223 2.000680 -0.124707
v 0.381207 1.837150 -0.116970
v 0.340574 1.813290 -0.188865
v 0.376586 1.574030 -0.045863
v 0.370155 1.542490 -0.048946
v 0.359388 1.469950 -0.051730
v 0.339934 1.418420 -0.095694
v 0.377209 1.546420 -0.003236
v 0.366621 1.470000 -0.003996
v 0.368609 1.417930 0.038806
v 0.373854 1.475790 0.037683
v 0.345794 1.462640 0.208858
v 0.332145 1.313900 0.199470
v 0.359121 1.313600 0.043545
v 0.331329 1.313310 -0.088944
v 0.311407 2.137930 0.382926
v 0.296900 2.000640 0.380390
v 0.283030 1.842310 0.378866
v 0.328798 1.703830 0.294311
v 0.366559 1.661220 0.218996
v -0.311409 2.137930 0.382926
v -0.399409 2.000660 0.220675
v -0.296901 2.000640 0.380390
v -0.428193 2.000670 0.040949
v -0.395226 1.829310 0.117960
v -0.381971 1.828810 0.218770
v -0.283031 1.842310 0.378866
v -0.397224 2.000680 -0.124707
v -0.395795 1.840030 -0.039003
v -0.409751 1.842790 0.035519
v -0.400657 1.765040 0.032845
v -0.397002 1.675360 0.073276
v -0.387869 1.669660 0.119300
v -0.304494 2.000700 -0.279691
v -0.340575 1.813290 -0.188865
v -0.381208 1.837150 -0.116970
v -0.378786 1.765040 -0.113559
v -0.392443 1.788790 -0.038172
v -0.295490 1.812440 -0.264929
v -0.284436 1.659980 -0.252974
v -0.325877 1.658310 -0.179053
v -0.360036 1.665900 -0.121046
v -0.380892 1.730310 -0.086901
v -0.264234 1.418900 -0.227501
v -0.312545 1.521620 -0.170223
v -0.356708 1.565500 -0.101186
v 0.304493 2.000700 -0.279691
v -0.255736 1.313010 -0.216930
v -0.339934 1.418420 -0.095694
v 0.318284 1.178080 -0.080261
v 0.344800 1.178080 0.049699
v 0.319681 1.178080 0.186536
v 0.238546 1.172090 0.301305
v 0.245580 1.314090 0.309880
v 0.283298 1.443570 0.281930
v 0.350667 1.531030 0.213047
v 0.316492 1.550150 0.268788
v 0.330387 1.654900 0.290252
v -0.328799 1.703830 0.294311
v -0.366559 1.661220 0.218996
v -0.330388 1.654900 0.290252
v -0.350667 1.531030 0.213047
v -0.316492 1.550150 0.268788
v -0.373790 1.534650 0.109971
v -0.345794 1.462640 0.208858
v -0.283298 1.443570 0.281930
v -0.384265 1.570570 0.036422
v -0.373855 1.475790 0.037683
v -0.368610 1.417930 0.038806
v -0.332145 1.313900 0.199470
v -0.386534 1.606180 0.020029
v -0.381560 1.580350 -0.004846
v -0.377210 1.546420 -0.003236
v -0.366622 1.470000 -0.003996
v -0.395226 1.674430 0.042057
v -0.376587 1.574030 -0.045863
v -0.370156 1.542490 -0.048946
v -0.395603 1.729690 0.009867
v -0.389346 1.744530 -0.038023
v -0.366815 1.672410 -0.106289
v -0.365710 1.599540 -0.079151
v -0.359388 1.469950 -0.051731
v -0.331330 1.313310 -0.088944
v -0.359121 1.313600 0.043545
v -0.344710 1.475220 -0.104619
v -0.244909 1.178080 -0.203462
v -0.318284 1.178080 -0.080261
v -0.344800 1.178080 0.049699
v -0.319681 1.178080 0.186536
v -0.238547 1.172090 0.301305
v -0.245580 1.314090 0.309880
v 0.225391 0.930681 -0.176464
v 0.121949 0.930681 -0.247765
v 0.000000 0.930681 -0.272802
v 0.294126 0.930681 -0.067716
v 0.219391 0.849364 -0.167468
v 0.118734 0.849364 -0.236513
v 0.000000 0.849364 -0.260759
v 0.318442 0.930681 0.056331
v 0.286583 0.849367 -0.063999
v 0.203005 0.826517 -0.150311
v 0.109866 0.826517 -0.214132
v 0.294506 0.930681 0.180693
v 0.310206 0.849366 0.057626
v 0.265239 0.826517 -0.054797
v 0.224203 0.930681 0.288037
v 0.286637 0.849364 0.179642
v 0.287093 0.826517 0.057870
v -0.122083 0.930681 -0.247765
v -0.225458 0.930681 -0.175367
v -0.294126 0.930681 -0.067716
v -0.318442 0.930681 0.056331
v -0.294506 0.930681 0.180693
v -0.118734 0.849364 -0.236514
v -0.219391 0.849364 -0.167468
v -0.286583 0.849367 -0.063999
v -0.310206 0.849366 0.057626
v -0.286637 0.849364 0.179641
v -0.224203 0.930681 0.288037
v 0.000000 0.826517 -0.236542
v -0.109866 0.826517 -0.214132
v -0.203005 0.826517 -0.150311
v -0.265239 0.826517 -0.054797
v -0.287093 0.826517 0.057870
v -0.265239 0.826517 0.170536
v -0.219166 0.849367 0.283042
v -0.118033 0.849366 0.352213
v -0.117194 0.930681 0.359872
v -0.203006 0.826517 0.266050
v -0.109866 0.826517 0.329871
v 0.000000 0.849356 0.376462
v 0.000000 0.930681 0.384850
v 0.000000 0.826517 0.352282
v 0.109866 0.826517 0.329871
v 0.118033 0.849367 0.352213
v 0.117194 0.930681 0.359872
v 0.203006 0.826517 0.266050
v 0.219166 0.849368 0.283042
v 0.265239 0.826517 0.170536
v 0.000000 0.826517 0.057870
v 0.492754 2.343250 0.043662
v 0.485125 2.352690 0.043610
v 0.448197 2.352690 0.243180
v 0.455245 2.343250 0.246295
v 0.452881 2.217650 0.244931
v 0.490195 2.217650 0.044347
v 0.485856 2.209880 0.044387
v 0.448904 2.209910 -0.154373
v 0.452881 2.217650 -0.156236
v 0.343035 2.352690 0.412367
v 0.348430 2.343250 0.418080
v 0.346620 2.217650 0.414978
v 0.448898 2.209900 0.243145
v 0.185649 2.352690 0.525414
v 0.188568 2.343250 0.532862
v 0.187589 2.217650 0.528599
v 0.343624 2.209950 0.411700
v 0.000000 2.352690 0.565111
v 0.000000 2.343250 0.573168
v 0.000000 2.217650 0.568498
v 0.185997 2.210000 0.524380
v 0.174677 2.190700 0.494872
v -0.188570 2.343250 0.532862
v -0.187590 2.217650 0.528599
v -0.185998 2.210000 0.524380
v 0.000000 2.210020 0.563963
v 0.000000 2.190700 0.518718
v -0.185650 2.352690 0.525414
v -0.348431 2.343250 0.418079
v -0.346621 2.217650 0.414978
v -0.343625 2.209950 0.411700
v -0.174678 2.190700 0.494872
v -0.343036 2.352690 0.412367
v -0.455247 2.343250 0.246295
v -0.452883 2.217650 0.244931
v -0.448900 2.209900 0.243145
v -0.448198 2.352690 0.243180
v -0.492756 2.343250 0.043662
v -0.490196 2.217650 0.044347
v -0.485857 2.209880 0.044387
v -0.485126 2.352690 0.043610
v -0.448905 2.209910 -0.154373
v -0.452882 2.217650 -0.156236
v -0.343633 2.209960 -0.322935
v -0.346621 2.217640 -0.326283
v -0.186004 2.210010 -0.435622
v -0.455247 2.343250 -0.158972
v -0.348431 2.343250 -0.330756
v -0.187590 2.217640 -0.439904
v 0.000000 2.210030 -0.475207
v -0.174678 2.190700 -0.397176
v -0.448198 2.352690 -0.155960
v -0.343036 2.352690 -0.325147
v -0.188570 2.343250 -0.445539
v 0.000000 2.217640 -0.479803
v -0.185650 2.352690 -0.438194
v 0.000000 2.343250 -0.485845
v 0.188569 2.343250 -0.445539
v 0.187589 2.217640 -0.439904
v 0.000000 2.352690 -0.477890
v 0.185649 2.352690 -0.438194
v 0.343034 2.352690 -0.325146
v 0.348429 2.343250 -0.330756
v 0.346620 2.217650 -0.326283
v 0.186003 2.210010 -0.435622
v 0.174677 2.190700 -0.397176
v 0.000000 2.190700 -0.434285
v 0.448197 2.352690 -0.155960
v 0.455245 2.343250 -0.158972
v 0.343632 2.209960 -0.322934
v 0.043604 2.342860 0.090037
v 0.043604 2.294950 0.090037
v 0.025202 2.294950 0.103254
v 0.058575 2.342860 0.065948
v 0.058575 2.294950 0.065948
v 0.062893 2.342860 0.042615
v 0.062893 2.294950 0.042615
v 0.057636 2.342860 0.014200
v 0.057636 2.294950 0.014200
v 0.025202 2.342860 0.103254
v 0.027891 2.349860 0.109871
v 0.048377 2.349860 0.095380
v 0.065141 2.349860 0.068719
v 0.070012 2.349860 0.042771
v 0.000000 2.294950 0.109168
v 0.000000 2.342860 0.109168
v 0.000000 2.349860 0.116359
v 0.116243 2.349860 0.327310
v 0.201117 2.349860 0.266347
v 0.270171 2.349860 0.155244
v 0.290085 2.349860 0.047621
v -0.025203 2.342860 0.103254
v -0.027892 2.349860 0.109871
v -0.116244 2.349860 0.327310
v 0.000000 2.349860 0.354590
v -0.025203 2.294950 0.103254
v -0.043605 2.342860 0.090036
v -0.048379 2.349860 0.095380
v -0.201118 2.349860 0.266347
v -0.043605 2.294950 0.090036
v -0.058577 2.342860 0.065948
v -0.065143 2.349860 0.068719
v -0.270173 2.349860 0.155244
v -0.058577 2.294950 0.065948
v -0.062894 2.342860 0.042615
v -0.070013 2.349860 0.042771
v -0.290087 2.349860 0.047621
v -0.265838 2.349860 -0.083434
v -0.062894 2.294950 0.042615
v -0.057637 2.342860 0.014200
v -0.064102 2.349860 0.011169
v -0.057637 2.294950 0.014200
v -0.045341 2.342860 -0.005581
v -0.050320 2.349860 -0.010720
v -0.209127 2.349860 -0.174672
v -0.100116 2.349860 -0.250120
v -0.045341 2.294950 -0.005581
v -0.021707 2.342860 -0.021939
v -0.024034 2.349860 -0.028710
v -0.021707 2.294950 -0.021939
v 0.000000 2.342860 -0.026580
v 0.000000 2.349860 -0.033738
v 0.000000 2.349860 -0.271527
v 0.100115 2.349860 -0.250120
v 0.000000 2.294950 -0.026580
v 0.021705 2.294950 -0.021969
v 0.021705 2.342860 -0.021969
v 0.024032 2.349860 -0.028710
v 0.050318 2.349860 -0.010720
v 0.209126 2.349860 -0.174672
v 0.265837 2.349860 -0.083434
v 0.045340 2.294950 -0.005581
v 0.045340 2.342860 -0.005581
v 0.064101 2.349860 0.011169
v 0.072248 0.119582 -0.070137
v 0.161645 0.119339 -0.096722
v 0.232169 0.119508 -0.041460
v 0.234987 0.124580 0.038821
v 0.161680 0.184909 -0.099698
v 0.232343 0.185402 -0.044477
v 0.236520 0.191318 0.032686
v 0.258348 0.192589 0.079700
v 0.250818 0.102559 0.081237
v 0.072043 0.185082 -0.072990
v 0.077242 0.251173 -0.070054
v 0.159063 0.254140 -0.094448
v 0.224351 0.252559 -0.043376
v 0.227723 0.255998 0.025540
v 0.235579 0.251932 0.065706
v 0.040716 0.186029 0.014713
v 0.051017 0.257413 0.011722
v 0.089869 0.308341 -0.057409
v 0.154148 0.308181 -0.078118
v 0.206904 0.308433 -0.035987
v 0.209828 0.307718 0.019595
v 0.041037 0.120031 0.018084
v 0.085054 0.124152 0.086141
v 0.069663 0.183310 0.069450
v 0.077766 0.241277 0.065340
v 0.101834 0.307797 0.055940
v 0.070419 0.308807 0.009972
v 0.102360 0.101611 0.126533
v 0.083908 0.184386 0.119037
v 0.096986 0.239700 0.103812
v 0.126720 0.284740 0.099913
v 0.158627 0.315821 0.072020
v 0.170386 0.303381 0.090097
v 0.102315 0.096337 0.165899
v 0.087315 0.179406 0.157834
v 0.104204 0.233035 0.142487
v 0.131743 0.266230 0.133197
v 0.180768 0.289016 0.120758
v 0.208127 0.293309 0.075512
v 0.269956 0.097341 0.117424
v 0.278699 0.187931 0.117947
v 0.322841 0.167520 0.191369
v 0.316935 0.098554 0.191687
v 0.327823 0.172463 0.254227
v 0.324095 0.098768 0.260957
v 0.251061 0.242873 0.108019
v 0.284504 0.224417 0.170022
v 0.287956 0.236793 0.234353
v 0.293394 0.216252 0.286086
v 0.311348 0.182395 0.299005
v 0.308626 0.099095 0.308318
v 0.107189 0.098294 0.277187
v 0.218923 0.276288 0.109911
v 0.252161 0.252100 0.166720
v 0.259778 0.261148 0.237790
v 0.265236 0.243695 0.286476
v 0.295855 0.189414 0.314763
v 0.298042 0.099032 0.321433
v 0.191191 0.273620 0.172677
v 0.213181 0.276676 0.262568
v 0.222358 0.256309 0.306018
v 0.267115 0.195516 0.335406
v 0.128308 0.251125 0.175028
v 0.144458 0.260373 0.254485
v 0.157617 0.244826 0.301525
v 0.182453 0.195673 0.355024
v 0.231416 0.195208 0.353898
v 0.101471 0.221906 0.184807
v 0.117569 0.233451 0.257405
v 0.131505 0.216255 0.304722
v 0.146876 0.188724 0.339644
v 0.194933 0.099567 0.367799
v 0.231963 0.100474 0.369747
v 0.082701 0.166958 0.216799
v 0.100901 0.170260 0.272845
v 0.123397 0.177669 0.313335
v 0.153600 0.099606 0.350680
v 0.262008 0.099215 0.351558
v 0.086263 0.099067 0.213857
v 0.130120 0.098437 0.319825
v 0.160483 0.097437 -0.092258
v 0.075027 0.097516 -0.066820
v 0.227817 0.097268 -0.039372
v 0.228718 0.097916 0.047357
v 0.045116 0.097565 0.017607
v 0.094110 0.098057 0.089611
v 0.131343 0.367780 0.026062
v 0.124868 0.373640 0.038201
v 0.154731 0.373573 0.038101
v 0.150515 0.367149 0.024961
v 0.137246 0.343655 0.014716
v 0.146867 0.343376 0.013669
v 0.139326 0.331153 0.010615
v 0.145503 0.330904 0.009489
v 0.153124 0.331442 0.005568
v 0.169633 0.367998 0.012875
v 0.157522 0.343965 0.007537
v 0.155516 0.343826 -0.006791
v 0.151497 0.331647 -0.004565
v 0.144087 0.332184 -0.011712
v 0.182069 0.373671 0.018599
v 0.165925 0.366975 -0.012653
v 0.144895 0.344402 -0.016666
v 0.133258 0.344128 -0.012728
v 0.136537 0.331921 -0.009174
v 0.129827 0.343425 0.002486
v 0.134104 0.331268 0.001881
v 0.179098 0.374118 -0.019541
v 0.146964 0.367671 -0.029624
v 0.124629 0.367477 -0.022120
v 0.118439 0.366771 0.004022
v 0.149627 0.374172 -0.044305
v 0.113939 0.374151 -0.032565
v 0.103730 0.374089 0.006408
v 0.084169 0.317829 -0.062841
v 0.062679 0.317929 0.012434
v 0.059335 0.336558 0.012815
v 0.081769 0.336418 -0.065642
v 0.085519 0.356783 -0.061858
v 0.064391 0.356579 0.012107
v 0.100930 0.372498 -0.045627
v 0.105444 0.315411 0.074260
v 0.103228 0.336721 0.078043
v 0.105822 0.356264 0.073502
v 0.116625 0.372582 0.053329
v 0.085450 0.372384 0.009140
v 0.166455 0.317856 0.077415
v 0.167353 0.336583 0.080555
v 0.166078 0.356155 0.075767
v 0.159778 0.372623 0.054491
v 0.218201 0.315275 0.035987
v 0.222702 0.336426 0.037389
v 0.218286 0.356065 0.035210
v 0.197660 0.372557 0.025691
v 0.214516 0.317671 -0.038978
v 0.217671 0.336156 -0.040995
v 0.213540 0.356377 -0.038712
v 0.195148 0.372391 -0.028338
v 0.152533 0.372513 -0.062436
v 0.155882 0.317634 -0.085962
v 0.156373 0.336233 -0.089835
v 0.155695 0.356721 -0.084680
v -0.190815 2.050830 0.494052
v -0.209057 2.017230 0.473463
v -0.187097 2.040460 0.494218
v -0.157651 2.069000 0.506393
v -0.157475 2.048380 0.506994
v -0.113444 2.063380 0.519296
v -0.116257 2.045680 0.518809
v -0.083156 2.047270 0.526463
v -0.089745 2.035450 0.525433
v -0.043430 2.015060 0.529658
v 0.190814 2.050820 0.494052
v 0.187096 2.040460 0.494218
v 0.209055 2.017230 0.473463
v 0.157649 2.069000 0.506393
v 0.157474 2.048380 0.506994
v 0.113442 2.063380 0.519296
v 0.116256 2.045680 0.518809
v 0.083155 2.047270 0.526463
v 0.089743 2.035450 0.525433
v 0.043429 2.015060 0.529658
v -0.231999 0.100480 0.369743
v -0.194970 0.099559 0.367792
v -0.072313 0.119551 -0.070153
v -0.161713 0.119344 -0.096731
v -0.161761 0.184914 -0.099703
v -0.072129 0.185051 -0.073067
v -0.041095 0.119983 0.018065
v -0.232232 0.119538 -0.041463
v -0.232387 0.185432 -0.044464
v -0.224670 0.252573 -0.042835
v -0.159879 0.254141 -0.094472
v -0.077828 0.251157 -0.070833
v -0.040748 0.185981 0.014698
v -0.235041 0.124606 0.038818
v -0.236548 0.191345 0.032688
v -0.227616 0.256018 0.025772
v -0.208900 0.307705 0.021241
v -0.207889 0.308416 -0.034404
v -0.156639 0.308177 -0.078332
v -0.091682 0.308360 -0.059882
v -0.258372 0.192622 0.079703
v -0.235581 0.251956 0.065711
v -0.207980 0.293321 0.075594
v -0.169570 0.303381 0.090175
v -0.155935 0.315828 0.071882
v -0.126533 0.284722 0.099856
v -0.099707 0.307821 0.053852
v -0.250878 0.102589 0.081235
v -0.278722 0.187970 0.117952
v -0.251063 0.242901 0.108024
v -0.218913 0.276304 0.109916
v -0.180752 0.289016 0.120761
v -0.131734 0.266210 0.133194
v -0.270015 0.097376 0.117423
v -0.322866 0.167816 0.191376
v -0.284508 0.224455 0.170030
v -0.252155 0.252125 0.166726
v -0.191176 0.273621 0.172680
v -0.102416 0.101580 0.126519
v -0.102369 0.096304 0.165884
v -0.083933 0.184349 0.119025
v -0.087338 0.179367 0.157822
v -0.086313 0.099025 0.213841
v -0.082725 0.166914 0.216786
v -0.107234 0.098256 0.277172
v -0.069692 0.183270 0.069438
v -0.096990 0.239668 0.103804
v -0.104207 0.233004 0.142480
v -0.101475 0.221872 0.184799
v -0.100918 0.170220 0.272834
v -0.085104 0.124117 0.086126
v -0.077773 0.241240 0.065331
v -0.128302 0.251101 0.175024
v -0.144442 0.260351 0.254483
v -0.117563 0.233419 0.257399
v -0.123407 0.177636 0.313326
v -0.130162 0.098406 0.319812
v -0.213157 0.276680 0.262572
v -0.157602 0.244807 0.301523
v -0.131501 0.216225 0.304716
v -0.146880 0.188699 0.339638
v -0.153638 0.099582 0.350669
v -0.259763 0.261173 0.237797
v -0.222339 0.256315 0.306022
v -0.182453 0.195661 0.355021
v -0.262047 0.099234 0.351556
v -0.298083 0.099066 0.321922
v -0.287951 0.236829 0.234361
v -0.293392 0.216287 0.286094
v -0.265224 0.243719 0.286483
v -0.267117 0.195537 0.335410
v -0.231417 0.195215 0.353899
v -0.327841 0.172513 0.254235
v -0.311358 0.182436 0.299012
v -0.295861 0.189448 0.314769
v -0.316987 0.098603 0.191690
v -0.324141 0.098816 0.260960
v -0.308668 0.099134 0.308321
v -0.069887 0.308838 0.006780
v -0.050812 0.257394 0.010506
v -0.075101 0.097486 -0.066838
v -0.160559 0.097442 -0.092268
v -0.045183 0.097518 0.017587
v -0.227888 0.097296 -0.039377
v -0.228782 0.097939 0.047353
v -0.094170 0.098025 0.089596
v -0.123194 0.373659 0.036756
v -0.130129 0.367795 0.024875
v -0.179608 0.374110 -0.018857
v -0.147881 0.367675 -0.030170
v -0.151111 0.374173 -0.044739
v -0.125274 0.367490 -0.023530
v -0.114996 0.374167 -0.034380
v -0.118081 0.366789 0.002355
v -0.103295 0.374113 0.004172
v -0.086219 0.317850 -0.065562
v -0.062059 0.317964 0.008902
v -0.102587 0.315437 0.072211
v -0.163458 0.317861 0.077544
v -0.058687 0.336598 0.009002
v -0.100124 0.336750 0.075819
v -0.164113 0.336589 0.080716
v -0.216647 0.315259 0.037988
v -0.215636 0.317650 -0.037074
v -0.084024 0.336442 -0.068568
v -0.087687 0.356807 -0.064708
v -0.063763 0.356618 0.008403
v -0.102834 0.356293 0.071330
v -0.162961 0.356161 0.075883
v -0.221032 0.336407 0.039639
v -0.218922 0.336132 -0.038883
v -0.102499 0.372518 -0.047934
v -0.084921 0.372416 0.006199
v -0.114373 0.372606 0.051556
v -0.157452 0.372630 0.054378
v -0.196415 0.372546 0.027057
v -0.216675 0.356047 0.037337
v -0.154712 0.372511 -0.062745
v -0.158681 0.356716 -0.084849
v -0.159480 0.336227 -0.089971
v -0.214740 0.356353 -0.036714
v -0.195984 0.372375 -0.027030
v -0.158710 0.317629 -0.086114
v -0.181108 0.373665 0.019370
v -0.153039 0.373580 0.037806
v -0.149329 0.367157 0.024513
v -0.168899 0.367997 0.013172
v -0.166176 0.366973 -0.012481
v -0.136456 0.343667 0.013768
v -0.146111 0.343383 0.013093
v -0.156996 0.343968 0.007375
v -0.155539 0.343828 -0.007021
v -0.145306 0.344407 -0.017298
v -0.133526 0.344139 -0.013811
v -0.129511 0.343438 0.001260
v -0.138691 0.331164 0.009759
v -0.144913 0.330911 0.008874
v -0.152679 0.331447 0.005247
v -0.151434 0.331651 -0.004939
v -0.144301 0.332190 -0.012372
v -0.136661 0.331930 -0.010131
v -0.133804 0.331279 0.000823
v -0.499838 1.622850 -0.080660
v -0.500190 1.607020 -0.056564
v -0.600089 1.609850 -0.058132
v -0.599700 1.625650 -0.082756
v -0.500365 1.611970 -0.019044
v -0.600255 1.614860 -0.022781
v -0.701784 1.613200 -0.024987
v -0.702967 1.606940 -0.059403
v -0.706530 1.624250 -0.091492
v -0.500540 1.633520 0.007607
v -0.600422 1.636470 0.001702
v -0.700600 1.636060 -0.001440
v -0.501940 1.675970 0.017845
v -0.602012 1.675350 0.010370
v -0.699685 1.678250 0.009496
v -0.503022 1.705310 -0.011484
v -0.603125 1.702060 -0.017420
v -0.703484 1.699740 -0.020514
v -0.502677 1.715900 -0.045493
v -0.602779 1.712670 -0.050092
v -0.502295 1.706420 -0.083276
v -0.602407 1.703200 -0.085228
v -0.706074 1.711210 -0.051860
v -0.501203 1.669310 -0.095751
v -0.601216 1.683060 -0.100712
v -0.600657 1.650800 -0.100685
v -0.697407 1.650700 -0.112102
v -0.698431 1.682330 -0.111851
v -0.709558 1.700920 -0.094024
v -0.712750 1.634960 -0.117379
v -0.702813 1.655020 -0.128018
v -0.703715 1.678150 -0.128013
v -0.715092 1.693680 -0.118989
v -0.742289 1.633690 -0.114913
v -0.739977 1.644050 -0.142680
v -0.718064 1.644050 -0.142862
v -0.706481 1.658780 -0.143584
v -0.707321 1.674560 -0.143843
v -0.719848 1.687980 -0.143605
v -0.745269 1.621720 -0.086852
v -0.761604 1.651180 -0.109322
v -0.757270 1.655540 -0.126324
v -0.754658 1.659390 -0.142928
v -0.743916 1.658830 -0.150797
v -0.736189 1.652340 -0.150505
v -0.723977 1.652370 -0.150619
v -0.780571 1.621030 -0.083694
v -0.782474 1.650790 -0.107464
v -0.761961 1.682870 -0.109323
v -0.757439 1.678390 -0.126443
v -0.754638 1.674470 -0.143183
v -0.743910 1.675010 -0.151144
v -0.846036 1.649710 -0.100041
v -0.846874 1.680760 -0.100019
v -0.783172 1.682260 -0.107446
v -0.784706 1.707530 -0.086363
v -0.749078 1.707580 -0.089420
v -0.745054 1.697020 -0.116602
v -0.844298 1.624603 -0.077658
v -0.848525 1.704980 -0.080159
v -0.848601 1.713500 -0.044118
v -0.784701 1.716470 -0.046846
v -0.745725 1.717050 -0.049358
v -0.848543 1.703750 -0.009864
v -0.784653 1.706260 -0.008388
v -0.742295 1.706390 -0.008371
v -0.847093 1.674840 0.017033
v -0.783155 1.675850 0.020387
v -0.738097 1.676210 0.021028
v -0.844438 1.632380 0.007515
v -0.780456 1.631110 0.009772
v -0.738638 1.632420 0.010719
v -0.844394 1.611990 -0.016554
v -0.780466 1.610210 -0.016756
v -0.740194 1.610840 -0.017069
v -0.741750 1.605860 -0.055725
v -0.844382 1.608200 -0.051493
v -0.780479 1.605880 -0.054195
v -0.741831 1.688000 -0.143422
v -0.737358 1.680510 -0.151132
v -0.735194 1.675610 -0.153925
v -0.725174 1.680490 -0.151244
v -0.727269 1.675600 -0.153997
v -0.726631 1.657580 -0.153757
v -0.734276 1.657730 -0.153788
v -0.718967 1.675160 -0.151370
v -0.717938 1.658370 -0.151010
v 0.132544 1.178080 -0.280102
v 0.000000 1.178080 -0.307014
v -0.132544 1.178080 -0.280102
v 0.244909 1.178080 -0.203461
v 0.235195 1.060260 -0.190797
v 0.127086 1.060600 -0.265740
v -0.000174 1.060720 -0.292060
v -0.127434 1.060600 -0.265740
v 0.306097 1.059730 -0.073615
v 0.331452 1.059140 0.054286
v 0.306877 1.058530 0.182347
v 0.232091 1.058010 0.295858
v 0.114507 1.145560 0.379785
v 0.115970 1.049350 0.371048
v -0.235125 1.060260 -0.187953
v -0.306098 1.059730 -0.073615
v -0.331452 1.059140 0.054286
v -0.306877 1.058530 0.182347
v -0.232091 1.058010 0.295858
v -0.114507 1.145560 0.379785
v -0.115971 1.049350 0.371048
v 0.000000 1.042070 0.396339
v 0.000000 1.109510 0.406087
v 0.369291 1.611690 -0.072429
v 0.370773 1.673390 -0.098658
v 0.382572 1.716700 -0.078106
v 0.366814 1.672410 -0.106289
v 0.360036 1.665900 -0.121046
v 0.325876 1.658310 -0.179053
v 0.365709 1.599540 -0.079150
v 0.356708 1.565500 -0.101186
v 0.312544 1.521620 -0.170223
v 0.284435 1.659980 -0.252974
v 0.340409 1.475930 -0.115441
v 0.264233 1.418900 -0.227501
v -0.165193 2.000700 -0.376258
v 0.000000 2.000710 -0.411061
v -0.158869 1.809300 -0.356719
v -0.154090 1.660040 -0.342321
v 0.165192 2.000700 -0.376257
v 0.158869 1.809300 -0.356719
v 0.000000 1.805300 -0.386355
v -0.000152 1.658210 -0.370210
v -0.143016 1.419200 -0.311139
v 0.295489 1.812440 -0.264929
v 0.153786 1.660040 -0.342321
v 0.143015 1.419200 -0.311139
v 0.000000 1.419310 -0.340521
v 0.138394 1.312790 -0.297441
v 0.000000 1.312660 -0.325707
v -0.138394 1.312790 -0.297441
v 0.255736 1.313010 -0.216930
v 0.127360 1.309740 0.356768
v 0.095164 1.257640 0.362012
v 0.089943 1.326850 0.427509
v 0.127383 1.365640 0.409639
v 0.194146 1.518170 0.363311
v 0.161697 1.452430 0.396699
v 0.155099 1.513770 0.357063
v 0.118523 1.492100 0.399773
v 0.018713 1.488560 0.084087
v 0.027002 1.480680 0.107608
v 0.178101 1.475750 0.349005
v 0.175700 1.457520 0.378281
v 0.157894 1.413270 0.391608
v 0.148703 1.429660 0.410988
v 0.124339 1.404230 0.420156
v 0.072859 1.448280 0.379649
v 0.007800 1.480540 0.091231
v 0.000000 1.462530 0.085003
v 0.017985 1.393880 0.167191
v 0.091402 1.377330 0.431136
v 0.054185 1.364930 0.438796
v 0.000000 1.413750 0.381281
v 0.000000 1.475700 0.091848
v 0.000000 1.353010 0.454316
v -0.054186 1.364930 0.438796
v -0.072860 1.448280 0.379649
v -0.007801 1.480540 0.091231
v -0.091402 1.377330 0.431136
v -0.124339 1.404230 0.420156
v -0.118523 1.492100 0.399773
v -0.018714 1.488560 0.084087
v -0.148704 1.429660 0.410988
v -0.161697 1.452430 0.396699
v -0.155100 1.513770 0.357063
v -0.027003 1.480680 0.107608
v -0.017986 1.393880 0.167191
v -0.053323 1.221620 0.369017
v 0.000000 1.200510 0.367648
v 0.053322 1.221620 0.369017
v -0.194146 1.518170 0.363311
v 0.053515 1.303950 0.441811
v 0.000000 1.294120 0.449398
v -0.053515 1.303950 0.441811
v -0.089944 1.326850 0.427509
v -0.095165 1.257640 0.362012
v -0.127360 1.309740 0.356768
v -0.178102 1.475750 0.349005
v -0.127383 1.365640 0.409639
v -0.157894 1.413270 0.391608
v -0.175700 1.457520 0.378281
v 0.156926 2.139430 0.489906
v 0.233732 2.064480 0.436844
v 0.239589 2.007800 0.423269
v 0.227325 1.901150 0.423216
v 0.024922 2.133570 0.510912
v 0.088655 2.094400 0.503691
v 0.131269 2.100680 0.496817
v 0.167986 2.098250 0.484633
v 0.205697 2.042760 0.468239
v -0.024923 2.133570 0.510912
v -0.048487 2.079560 0.507446
v 0.048486 2.079560 0.507446
v 0.063758 2.048650 0.521119
v 0.100792 2.059950 0.516964
v 0.128464 2.064100 0.511182
v -0.156927 2.139430 0.489906
v -0.088656 2.094400 0.503691
v -0.063759 2.048650 0.521119
v -0.026610 2.027840 0.520055
v 0.026609 2.027840 0.520055
v -0.233734 2.064470 0.436844
v -0.167987 2.098250 0.484633
v -0.131270 2.100680 0.496817
v -0.128465 2.064100 0.511182
v -0.100794 2.059950 0.516964
v -0.239590 2.007800 0.423269
v -0.205942 2.042760 0.468239
v -0.173852 2.063880 0.496966
v -0.227326 1.901150 0.423216
v 0.208495 1.376760 0.357521
v 0.179067 1.319473 0.368269
v 0.109042 1.207170 0.388113
v 0.243077 1.479540 0.334318
v 0.232053 1.446830 0.342442
v 0.192488 1.396140 0.380035
v 0.152887 1.318830 0.393370
v 0.280252 1.580040 0.364972
v 0.254426 1.529170 0.336854
v 0.198468 1.519220 0.370113
v 0.202852 1.452840 0.372595
v 0.179450 1.411620 0.399706
v 0.292788 1.653180 0.374663
v 0.234927 1.592790 0.436723
v 0.207329 1.542160 0.423942
v 0.242051 1.545000 0.381877
v 0.215426 1.529250 0.374690
v 0.295967 1.701360 0.367888
v 0.241353 1.696770 0.445887
v 0.242173 1.654770 0.445345
v 0.170814 1.593780 0.468239
v 0.161547 1.543360 0.441149
v 0.182662 1.529320 0.397414
v 0.270693 1.747640 0.389713
v 0.228452 1.732130 0.449215
v 0.175199 1.690650 0.479930
v 0.176373 1.645780 0.479002
v 0.118613 1.581660 0.467572
v 0.202437 1.774290 0.425277
v 0.209359 1.768500 0.429323
v 0.168676 1.765190 0.461221
v 0.173937 1.727400 0.476480
v 0.111162 1.728690 0.484053
v 0.111783 1.689250 0.489170
v 0.220338 1.850650 0.423637
v 0.194924 1.852760 0.438592
v 0.163093 1.785200 0.450527
v 0.165208 1.774790 0.454633
v 0.202585 1.925710 0.438605
v 0.183682 1.936590 0.448553
v 0.171294 1.852080 0.447545
v 0.159993 1.865130 0.448850
v 0.152251 1.784560 0.451667
v 0.143913 1.770900 0.462284
v 0.206799 1.956960 0.438688
v 0.186449 1.979050 0.454377
v 0.170701 1.939980 0.455541
v 0.165675 1.938000 0.454833
v 0.219456 2.010680 0.450625
v 0.188840 2.018050 0.476438
v 0.159791 2.031840 0.495243
v 0.164777 1.984190 0.464252
v 0.159469 1.982720 0.463467
v 0.197808 2.032730 0.474766
v 0.172510 2.051860 0.498436
v 0.135779 2.038500 0.509499
v 0.132161 2.033050 0.503172
v 0.151887 2.025260 0.486726
v 0.173851 2.063880 0.496966
v 0.131264 2.052200 0.513094
v 0.100145 2.047240 0.520578
v 0.101500 2.035120 0.519223
v 0.102985 2.030770 0.512750
v 0.064991 2.035540 0.524858
v 0.069821 2.021230 0.519332
v 0.075662 2.017340 0.509420
v 0.104470 2.026420 0.506277
v 0.128544 2.027590 0.496845
v 0.025580 2.014110 0.520516
v 0.024276 1.996900 0.508085
v 0.051474 1.969850 0.495359
v 0.081503 2.013460 0.499508
v 0.104856 2.024330 0.502544
v 0.127075 2.025330 0.493445
v -0.025581 2.014110 0.520516
v -0.024278 1.996900 0.508085
v -0.025632 1.912290 0.496305
v 0.025631 1.912290 0.496305
v 0.059602 1.967140 0.492887
v -0.064992 2.035540 0.524858
v -0.069822 2.021230 0.519332
v -0.075663 2.017340 0.509420
v -0.051476 1.969850 0.495358
v -0.100146 2.047240 0.520578
v -0.101501 2.035120 0.519223
v -0.102986 2.030770 0.512750
v -0.104471 2.026420 0.506277
v -0.081505 2.013460 0.499508
v -0.059603 1.967140 0.492887
v -0.131265 2.052200 0.513094
v -0.135780 2.038500 0.509499
v -0.132162 2.033050 0.503172
v -0.128545 2.027590 0.496845
v -0.104857 2.024330 0.502544
v -0.083235 2.012290 0.496022
v -0.172511 2.051860 0.498436
v -0.159792 2.031840 0.495243
v -0.151888 2.025260 0.486726
v -0.143983 2.018680 0.478209
v -0.127076 2.025330 0.493445
v -0.197809 2.032730 0.474766
v -0.188842 2.018050 0.476438
v -0.186450 1.979050 0.454377
v -0.164778 1.984190 0.464252
v -0.159470 1.982720 0.463467
v -0.219457 2.010680 0.450625
v -0.206800 1.956960 0.438688
v -0.202586 1.925710 0.438605
v -0.183683 1.936590 0.448553
v -0.170702 1.939980 0.455541
v -0.220339 1.850650 0.423637
v -0.194925 1.852760 0.438592
v -0.171295 1.852080 0.447545
v -0.165676 1.938000 0.454833
v -0.154162 1.981260 0.462682
v -0.202438 1.774290 0.425277
v -0.163094 1.785200 0.450527
v -0.159994 1.865130 0.448850
v -0.160650 1.936020 0.454124
v -0.150417 1.980220 0.461670
v -0.141511 2.016780 0.475084
v -0.270694 1.747640 0.389713
v -0.209360 1.768500 0.429323
v -0.168677 1.765190 0.461221
v -0.165209 1.774790 0.454633
v -0.152252 1.784560 0.451667
v -0.295968 1.701360 0.367888
v -0.228453 1.732130 0.449215
v -0.173938 1.727400 0.476480
v -0.138139 1.761880 0.470415
v -0.143914 1.770900 0.462284
v -0.292789 1.653170 0.374663
v -0.241354 1.696770 0.445887
v -0.175199 1.690650 0.479930
v -0.111163 1.728690 0.484053
v -0.280253 1.580040 0.364972
v -0.234928 1.592790 0.436723
v -0.242173 1.654770 0.445345
v -0.243052 1.479460 0.334336
v -0.254426 1.529170 0.336858
v -0.242051 1.545000 0.381877
v -0.040924 1.179040 0.415386
v -0.109042 1.207170 0.388113
v 0.040923 1.179040 0.415386
v 0.000000 1.175700 0.421194
v 0.043546 1.216170 0.424997
v 0.000000 1.208360 0.431432
v -0.043546 1.216170 0.424997
v 0.112890 1.261640 0.402632
v 0.054983 1.230590 0.466375
v 0.000000 1.221200 0.473298
v -0.054983 1.230590 0.466375
v -0.112890 1.261640 0.402632
v 0.157128 1.336530 0.424088
v 0.115423 1.276210 0.445419
v 0.054031 1.266470 0.471266
v 0.000000 1.257800 0.478117
v -0.054032 1.266470 0.471266
v -0.115424 1.276210 0.445419
v 0.152649 1.347200 0.428306
v 0.112929 1.305000 0.450731
v 0.102680 1.323180 0.442879
v 0.053637 1.292750 0.459984
v 0.000000 1.282950 0.467477
v 0.169402 1.414290 0.403979
v 0.136139 1.362000 0.421055
v 0.189500 1.456460 0.384062
v 0.168450 1.457770 0.402688
v 0.149706 1.429990 0.428212
v 0.125831 1.402300 0.447605
v 0.179870 1.481860 0.407485
v 0.159028 1.452620 0.435773
v 0.131144 1.423270 0.462175
v 0.098364 1.380110 0.469341
v 0.055667 1.359090 0.492812
v 0.180621 1.502000 0.405324
v 0.156530 1.480740 0.434612
v 0.129851 1.456980 0.467069
v 0.094597 1.432510 0.493788
v 0.099391 1.397200 0.490963
v 0.154501 1.534380 0.423438
v 0.120553 1.496420 0.454730
v 0.086206 1.465910 0.473076
v 0.047948 1.441650 0.489931
v 0.054035 1.410760 0.515572
v 0.055514 1.377900 0.513841
v 0.113818 1.544940 0.452771
v 0.080696 1.500830 0.468067
v 0.044057 1.471010 0.480228
v 0.000000 1.437393 0.497215
v 0.000000 1.400030 0.525354
v 0.000000 1.368120 0.525675
v 0.112739 1.580670 0.470811
v 0.096047 1.540020 0.466770
v 0.079870 1.518180 0.471398
v 0.042310 1.500570 0.481420
v 0.000000 1.488150 0.489567
v 0.000000 1.461650 0.486348
v 0.110831 1.620970 0.480700
v 0.106086 1.576330 0.474481
v 0.077831 1.527510 0.474249
v 0.041530 1.513750 0.481952
v 0.000000 1.502380 0.490765
v 0.116531 1.631010 0.480851
v 0.079599 1.658250 0.489483
v 0.120806 1.654500 0.587848
v 0.125256 1.628150 0.583925
v 0.121472 1.600160 0.579647
v 0.114477 1.568170 0.552507
v 0.095414 1.673480 0.489329
v 0.045198 1.686860 0.497457
v 0.103620 1.686160 0.597371
v 0.090011 1.678440 0.647116
v 0.114017 1.630070 0.610100
v 0.046684 1.700840 0.492143
v 0.000000 1.707630 0.495277
v 0.000000 1.699300 0.504631
v 0.050297 1.716800 0.606427
v 0.048221 1.723410 0.486649
v 0.024417 1.722510 0.489184
v 0.000000 1.723490 0.488332
v -0.024418 1.722510 0.489184
v -0.046685 1.700840 0.492143
v -0.045199 1.686860 0.497457
v 0.062256 1.747220 0.479263
v 0.030165 1.741690 0.482656
v 0.000000 1.738200 0.485775
v -0.030167 1.741690 0.482656
v -0.048222 1.723410 0.486649
v 0.097322 1.750890 0.475527
v 0.096278 1.758150 0.472802
v 0.072902 1.759030 0.472916
v 0.055026 1.831600 0.481237
v 0.026564 1.854070 0.488201
v 0.109667 1.754350 0.474187
v 0.109361 1.760680 0.470078
v 0.096514 1.761650 0.468284
v 0.078956 1.769640 0.469091
v 0.066973 1.822890 0.472669
v 0.055059 1.868760 0.482641
v 0.138139 1.761880 0.470415
v 0.128806 1.764180 0.464757
v 0.109330 1.762980 0.466345
v 0.109325 1.764880 0.462698
v 0.096620 1.763580 0.464806
v 0.140401 1.783860 0.452913
v 0.128047 1.766350 0.460687
v 0.127303 1.768380 0.457265
v 0.109415 1.771980 0.446640
v 0.096833 1.770250 0.447634
v 0.148938 1.835080 0.447369
v 0.143544 1.824540 0.437232
v 0.133272 1.785040 0.436019
v 0.149459 1.879660 0.448876
v 0.138997 1.878920 0.441338
v 0.105421 1.878270 0.432809
v 0.105480 1.823930 0.431006
v 0.124356 1.776100 0.445483
v 0.149388 1.931950 0.452578
v 0.131767 1.926370 0.439379
v 0.105368 1.927350 0.435018
v 0.078827 1.927440 0.453929
v 0.075431 1.877580 0.452545
v 0.156829 1.934590 0.453594
v 0.144116 1.978480 0.459156
v 0.125166 1.972150 0.442542
v 0.106097 1.973180 0.437494
v 0.085026 1.972830 0.459810
v 0.160649 1.936020 0.454124
v 0.154161 1.981260 0.462682
v 0.150416 1.980220 0.461670
v 0.135963 2.012940 0.466902
v 0.116063 2.003400 0.441051
v 0.143982 2.018680 0.478210
v 0.141510 2.016780 0.475085
v 0.122051 2.017380 0.477905
v 0.112021 2.005550 0.448129
v 0.104676 2.016150 0.484598
v 0.101379 2.004700 0.458531
v 0.093576 2.000190 0.461235
v 0.088960 2.008400 0.482103
v 0.078150 1.973410 0.475609
v 0.083234 2.012290 0.496022
v 0.069258 1.969660 0.484215
v 0.068376 1.910390 0.473836
v 0.067012 1.877770 0.475322
v 0.075445 1.823250 0.448917
v -0.026565 1.854070 0.488201
v -0.055027 1.831600 0.481237
v -0.062257 1.747220 0.479263
v -0.055060 1.868760 0.482641
v -0.066973 1.822890 0.472669
v -0.078957 1.769640 0.469091
v -0.072903 1.759030 0.472916
v -0.069259 1.969660 0.484215
v -0.068377 1.910390 0.473836
v -0.067013 1.877770 0.475322
v -0.075433 1.877580 0.452545
v -0.075446 1.823250 0.448917
v -0.085206 1.775530 0.449395
v -0.088961 2.008400 0.482103
v -0.078151 1.973410 0.475609
v -0.078828 1.927440 0.453929
v -0.105422 1.878270 0.432809
v -0.105481 1.823930 0.431006
v -0.096834 1.770250 0.447634
v -0.104678 2.016150 0.484598
v -0.093577 2.000190 0.461235
v -0.085027 1.972830 0.459810
v -0.105369 1.927350 0.435018
v -0.122052 2.017380 0.477905
v -0.112023 2.005550 0.448129
v -0.101381 2.004700 0.458531
v -0.106098 1.973180 0.437494
v -0.131768 1.926370 0.439379
v -0.135965 2.012940 0.466901
v -0.116064 2.003400 0.441051
v -0.144117 1.978480 0.459156
v -0.125167 1.972150 0.442542
v -0.149389 1.931950 0.452578
v -0.149460 1.879660 0.448876
v -0.138998 1.878920 0.441338
v -0.143545 1.824540 0.437232
v -0.156830 1.934590 0.453594
v -0.148939 1.835080 0.447369
v -0.140402 1.783860 0.452913
v -0.133273 1.785040 0.436019
v -0.124356 1.776100 0.445482
v -0.109416 1.771980 0.446640
v -0.128807 1.764180 0.464757
v -0.128047 1.766360 0.460687
v -0.127304 1.768380 0.457265
v -0.109326 1.764880 0.462698
v -0.096621 1.763580 0.464805
v -0.109668 1.754350 0.474187
v -0.109362 1.760680 0.470078
v -0.109331 1.762980 0.466345
v -0.096515 1.761650 0.468284
v -0.096279 1.758150 0.472802
v -0.097323 1.750890 0.475527
v -0.111784 1.689250 0.489170
v -0.095415 1.673480 0.489329
v -0.176374 1.645780 0.479002
v -0.116532 1.631010 0.480851
v -0.079599 1.658250 0.489483
v -0.103621 1.686160 0.597371
v -0.050298 1.716800 0.606427
v -0.170814 1.593780 0.468239
v -0.118614 1.581660 0.467572
v -0.110832 1.620970 0.480700
v -0.120807 1.654500 0.587848
v -0.090012 1.678440 0.647116
v -0.161548 1.543360 0.441149
v -0.113818 1.544940 0.452771
v -0.112740 1.580670 0.470811
v -0.207330 1.542160 0.423942
v -0.182663 1.529320 0.397414
v -0.154502 1.534380 0.423438
v -0.215427 1.529250 0.374690
v -0.198469 1.519220 0.370113
v -0.180622 1.502000 0.405324
v -0.156530 1.480740 0.434612
v -0.120554 1.496420 0.454730
v -0.232053 1.446830 0.342442
v -0.202852 1.452840 0.372595
v -0.189501 1.456460 0.384062
v -0.168450 1.457770 0.402688
v -0.179870 1.481860 0.407485
v -0.208495 1.376760 0.357521
v -0.192489 1.396140 0.380035
v -0.179451 1.411620 0.399706
v -0.179068 1.319473 0.368269
v -0.152888 1.318830 0.393371
v -0.157128 1.336530 0.424088
v -0.152649 1.347200 0.428306
v -0.169403 1.414290 0.403980
v -0.112929 1.305000 0.450731
v -0.136139 1.362000 0.421055
v -0.102681 1.323180 0.442879
v -0.053637 1.292750 0.459984
v 0.085205 1.775530 0.449395
v -0.159029 1.452620 0.435773
v -0.149707 1.429990 0.428212
v -0.125832 1.402300 0.447605
v -0.131145 1.423270 0.462175
v -0.129851 1.456980 0.467069
v -0.098365 1.380110 0.469341
v -0.099391 1.397200 0.490964
v -0.094598 1.432500 0.493788
v -0.086207 1.465910 0.473076
v -0.055668 1.359090 0.492813
v -0.055515 1.377900 0.513841
v -0.054036 1.410760 0.515572
v -0.047949 1.441650 0.489931
v -0.044058 1.471010 0.480228
v -0.080697 1.500830 0.468067
v 0.000000 1.348920 0.505651
v -0.042310 1.500570 0.481420
v -0.079871 1.518180 0.471398
v -0.096048 1.540020 0.466770
v -0.106087 1.576330 0.474481
v -0.041531 1.513750 0.481952
v -0.077831 1.527510 0.474249
v -0.087491 1.550680 0.483097
v -0.101307 1.556700 0.509626
v -0.114478 1.568170 0.552507
v -0.046986 1.515190 0.499536
v -0.056229 1.526810 0.504365
v -0.083064 1.555450 0.491993
v -0.089540 1.555460 0.509051
v -0.089978 1.540250 0.553223
v 0.000000 1.501210 0.523429
v -0.046326 1.510750 0.528173
v -0.053747 1.522250 0.527270
v -0.073566 1.596560 0.515978
v -0.087530 1.545330 0.542835
v 0.046985 1.515190 0.499536
v 0.046325 1.510750 0.528173
v 0.000000 1.502040 0.551517
v -0.055309 1.514460 0.559737
v -0.069449 1.526210 0.558071
v 0.087490 1.550680 0.483097
v 0.056229 1.526810 0.504365
v 0.053746 1.522250 0.527270
v 0.055309 1.514460 0.559737
v 0.101306 1.556700 0.509626
v 0.089539 1.555460 0.509051
v 0.083063 1.555450 0.491993
v 0.073565 1.596560 0.515978
v 0.069448 1.526210 0.558071
v 0.089977 1.540250 0.553223
v 0.087529 1.545330 0.542835
v 0.087452 1.544510 0.580546
v 0.057648 1.523610 0.589722
v 0.069098 1.519950 0.569882
v 0.082083 1.569770 0.611073
v 0.047402 1.549080 0.618787
v 0.000000 1.538720 0.622996
v 0.000000 1.512880 0.594927
v 0.075525 1.647560 0.656865
v 0.047283 1.610670 0.657705
v 0.000000 1.602200 0.666215
v -0.047403 1.549080 0.618787
v -0.057649 1.523610 0.589722
v 0.043865 1.668170 0.676900
v 0.000000 1.675780 0.685329
v -0.043865 1.668170 0.676900
v -0.047284 1.610670 0.657705
v -0.082084 1.569770 0.611073
v 0.043726 1.713300 0.662803
v 0.000000 1.718063 0.676752
v -0.043727 1.713300 0.662803
v -0.075526 1.647560 0.656865
v 0.000000 1.723050 0.663011
v 0.000000 1.723820 0.612970
v -0.114018 1.630070 0.610100
v -0.121473 1.600160 0.579647
v -0.087453 1.544510 0.580546
v -0.125257 1.628150 0.583925
v -0.069098 1.519950 0.569882
v 0.499837 1.622850 -0.080660
v 0.500189 1.607020 -0.056564
v 0.500364 1.611970 -0.019044
v 0.500539 1.633520 0.007607
v 0.501939 1.675970 0.017845
v 0.600088 1.609850 -0.058132
v 0.600254 1.614860 -0.022780
v 0.600421 1.636470 0.001702
v 0.602011 1.675350 0.010370
v 0.599699 1.625650 -0.082756
v 0.702966 1.606940 -0.059403
v 0.701783 1.613200 -0.024987
v 0.700599 1.636060 -0.001440
v 0.699684 1.678260 0.009496
v 0.703483 1.699740 -0.020514
v 0.603124 1.702060 -0.017420
v 0.706529 1.624250 -0.091492
v 0.745268 1.621720 -0.086730
v 0.741749 1.605860 -0.055725
v 0.740193 1.610840 -0.017068
v 0.738637 1.632420 0.010719
v 0.738097 1.676210 0.021028
v 0.742294 1.706390 -0.008370
v 0.780478 1.605890 -0.054195
v 0.780465 1.610210 -0.016756
v 0.780455 1.631110 0.009772
v 0.783154 1.675850 0.020387
v 0.780570 1.621030 -0.083694
v 0.844381 1.608210 -0.051492
v 0.844394 1.611990 -0.016584
v 0.844438 1.632380 0.007516
v 0.847092 1.674840 0.017033
v 0.848542 1.703760 -0.009864
v 0.784653 1.706270 -0.008388
v 0.844297 1.624603 -0.077658
v 0.848600 1.713500 -0.044118
v 0.784700 1.716470 -0.046846
v 0.745724 1.717050 -0.049358
v 0.848524 1.704980 -0.080159
v 0.784705 1.707540 -0.086363
v 0.749077 1.707580 -0.089420
v 0.706073 1.711210 -0.051860
v 0.602778 1.712670 -0.050092
v 0.846874 1.680760 -0.100019
v 0.783171 1.682260 -0.107445
v 0.761961 1.682870 -0.109323
v 0.745053 1.697020 -0.116602
v 0.709557 1.700920 -0.094024
v 0.602406 1.703200 -0.085228
v 0.846035 1.649720 -0.100041
v 0.782473 1.650790 -0.107464
v 0.761604 1.651180 -0.109322
v 0.757438 1.678390 -0.126443
v 0.741830 1.688000 -0.143421
v 0.715091 1.693680 -0.118989
v 0.742288 1.633690 -0.114913
v 0.757269 1.655540 -0.126324
v 0.712750 1.634960 -0.117378
v 0.739976 1.644050 -0.142679
v 0.754657 1.659390 -0.142927
v 0.754637 1.674470 -0.143183
v 0.697406 1.650700 -0.112102
v 0.702812 1.655020 -0.128018
v 0.718063 1.644050 -0.142862
v 0.723976 1.652370 -0.150619
v 0.736188 1.652340 -0.150505
v 0.743915 1.658830 -0.150797
v 0.600657 1.650800 -0.100685
v 0.601215 1.683060 -0.100712
v 0.698430 1.682330 -0.111851
v 0.703714 1.678150 -0.128013
v 0.706480 1.658780 -0.143584
v 0.501202 1.669310 -0.095750
v 0.502294 1.706420 -0.083276
v 0.502677 1.715900 -0.045493
v 0.503021 1.705310 -0.011484
v 0.719847 1.687990 -0.143605
v 0.737357 1.680520 -0.151132
v 0.725174 1.680490 -0.151244
v 0.718966 1.675160 -0.151370
v 0.707320 1.674560 -0.143843
v 0.717937 1.658370 -0.151010
v 0.743910 1.675010 -0.151144
v 0.735193 1.675610 -0.153925
v 0.727268 1.675600 -0.153997
v 0.726630 1.657580 -0.153757
v 0.734275 1.657730 -0.153788
v -0.948964 1.648190 -0.085150
v -0.949915 1.678850 -0.085105
v -0.947376 1.629920 -0.066992
v -0.951587 1.696820 -0.068957
v -0.951896 1.705420 -0.041963
v -0.952209 1.695890 -0.014621
v -0.950535 1.672370 0.007640
v -0.947978 1.639720 0.002558
v -0.948830 1.619390 -0.016703
v -0.947729 1.615660 -0.046833
v 0.947376 1.629920 -0.066991
v 0.947729 1.615660 -0.046833
v 0.948830 1.619390 -0.016703
v 0.947977 1.639720 0.002558
v 0.950535 1.672370 0.007640
v 0.952208 1.695890 -0.014621
v 0.951895 1.705420 -0.041963
v 0.951586 1.696820 -0.068957
v 0.949915 1.678850 -0.085105
v 0.948963 1.648190 -0.085150
v 0.178665 0.352285 0.000759
v 0.170485 0.352281 0.022883
v 0.148501 0.352274 0.032694
v 0.125305 0.352268 0.024739
v 0.115442 0.352267 0.003576
v 0.122687 0.352270 -0.021914
v 0.187279 0.471147 0.046729
v 0.158293 0.465765 0.058183
v 0.127217 0.460303 0.047999
v 0.114705 0.458067 0.022367
v 0.120359 0.471227 -0.014603
v 0.146373 0.352278 -0.032974
v 0.198487 0.480225 0.020092
v 0.196918 0.524085 0.062049
v 0.160900 0.513328 0.075082
v 0.121969 0.502411 0.062599
v 0.106871 0.497941 0.032471
v 0.111010 0.524256 -0.015987
v 0.155033 0.476402 -0.031938
v 0.211218 0.542236 0.030926
v 0.198022 0.569890 0.074822
v 0.163369 0.569732 0.090406
v 0.131594 0.555962 0.071657
v 0.116066 0.555960 0.036890
v 0.129853 0.583259 0.001078
v 0.156703 0.534598 -0.039498
v 0.208956 0.599903 0.033715
v 0.207466 0.599842 0.057197
v 0.214202 0.599732 0.094047
v 0.204632 0.581634 0.100679
v 0.199055 0.630243 0.075804
v 0.205100 0.618312 0.101354
v 0.192234 0.601074 0.114966
v 0.178700 0.581461 0.112336
v 0.209974 0.650896 0.033689
v 0.198376 0.759225 0.067138
v 0.163612 0.630344 0.091345
v 0.179459 0.618421 0.112822
v 0.166448 0.599751 0.114690
v 0.144573 0.599833 0.083755
v 0.127787 0.599872 0.072701
v 0.208502 0.759231 0.033423
v 0.188550 0.860464 0.060627
v 0.170341 0.759215 0.080536
v 0.131957 0.650867 0.070574
v 0.199411 0.860464 0.034408
v 0.162332 0.860464 0.071487
v 0.138084 0.759205 0.066258
v 0.125405 0.759203 0.035900
v 0.116481 0.650865 0.036151
v 0.111241 0.599869 0.037875
v 0.136114 0.860464 0.060627
v 0.125254 0.860464 0.034408
v 0.139023 0.759210 0.004758
v 0.127488 0.650871 0.000938
v 0.129148 0.603436 0.001037
v 0.136114 0.860464 0.008190
v 0.167044 0.759221 -0.008809
v 0.159214 0.650883 -0.014132
v 0.158657 0.602404 -0.014344
v 0.158474 0.586517 -0.014414
v 0.162332 0.860464 -0.002670
v 0.195823 0.759230 0.003064
v 0.194498 0.650894 -0.000734
v 0.196411 0.599901 -0.001010
v 0.197244 0.540002 -0.019903
v 0.186786 0.479108 -0.017421
v 0.188550 0.860464 0.008190
v 0.169310 0.352284 -0.023465
v -0.208374 0.650878 0.035694
v -0.194384 0.650878 0.000640
v -0.159705 0.650883 -0.014254
v -0.127364 0.650888 -0.000554
v -0.114861 0.650891 0.034156
v -0.195598 0.759214 0.004482
v -0.167353 0.759218 -0.008611
v -0.138778 0.759222 0.003745
v -0.123841 0.759226 0.034276
v -0.128851 0.650890 0.069209
v -0.206967 0.759213 0.035354
v -0.188550 0.860464 0.008190
v -0.162332 0.860464 -0.002670
v -0.136114 0.860464 0.008190
v -0.125254 0.860464 0.034408
v -0.136114 0.860464 0.060627
v -0.135210 0.759225 0.065149
v -0.199410 0.860464 0.034408
v -0.162332 0.860464 0.071487
v -0.166827 0.759221 0.080792
v -0.159579 0.630354 0.091317
v -0.188550 0.860464 0.060627
v -0.195409 0.759216 0.068605
v -0.195654 0.630234 0.077305
v 0.046623 2.826720 -0.149229
v 0.000000 2.815150 -0.173399
v 0.000000 2.825140 -0.102757
v -0.046625 2.826720 -0.149229
v -0.055050 2.845420 -0.110018
v -0.031209 2.861280 -0.076668
v 0.000000 2.865970 -0.066790
v 0.031207 2.861280 -0.076668
v 0.055049 2.845420 -0.110018
v 0.044549 2.720910 -0.064245
v 0.052597 2.738880 -0.026811
v 0.043218 2.663160 -0.025639
v 0.000000 2.658150 -0.051104
v 0.000000 2.709810 -0.087322
v -0.044550 2.720910 -0.064245
v 0.029817 2.754120 0.005025
v 0.051001 2.671260 0.015608
v 0.000000 2.758620 0.014453
v 0.028900 2.678140 0.050625
v -0.029819 2.754120 0.005025
v -0.028901 2.678140 0.050625
v 0.000000 2.680170 0.060986
v -0.052599 2.738880 -0.026811
v -0.051003 2.671260 0.015608
v -0.043220 2.663160 -0.025639
v 0.063285 2.648000 0.025037
v 0.053634 2.641750 -0.027088
v 0.035857 2.653300 0.069272
v 0.028827 2.626040 0.063758
v 0.050885 2.623590 0.027959
v 0.000000 2.654860 0.082356
v 0.000000 2.626760 0.074344
v 0.030389 1.809360 0.140909
v -0.035858 2.653300 0.069272
v -0.063286 2.648000 0.025037
v -0.028829 2.626040 0.063758
v -0.053635 2.641750 -0.027088
v -0.050886 2.623590 0.027959
v -0.030390 1.809360 0.140909
v 0.000000 1.809360 0.151974
v -0.053648 1.809360 0.103477
v -0.043133 2.620700 -0.014247
v -0.045481 1.809360 0.059324
v 0.000000 2.618920 -0.040326
v 0.000000 1.809360 0.032031
v 0.045480 1.809360 0.059324
v 0.043131 2.620700 -0.014247
v 0.053647 1.809360 0.103477
v 0.000000 2.637890 -0.059281
v 0.165023 0.316642 0.014741
v 0.172574 0.316645 -0.004915
v 0.175924 0.336251 -0.001796
v 0.168034 0.336247 0.019219
v 0.147286 0.336241 0.028474
v 0.145791 0.316636 0.023307
v 0.125682 0.336235 0.020709
v 0.126139 0.316631 0.015776
v 0.116397 0.336234 0.000414
v 0.117564 0.316629 -0.003453
v 0.123772 0.336237 -0.022456
v 0.125099 0.316633 -0.023119
v 0.166923 0.336250 -0.023777
v 0.145456 0.336244 -0.032400
v 0.144343 0.316639 -0.031703
v 0.164009 0.316644 -0.024160
v -0.178384 0.352279 0.001413
v -0.169359 0.352280 0.023207
v -0.185054 0.471141 0.047768
v -0.197395 0.480210 0.021635
v -0.194055 0.524076 0.063482
v -0.209682 0.542216 0.032997
v -0.147013 0.352283 0.032165
v -0.155602 0.465774 0.057974
v -0.157508 0.513337 0.074964
v -0.194635 0.569882 0.076286
v -0.207331 0.599885 0.035681
v -0.124139 0.352285 0.023322
v -0.124987 0.460326 0.046471
v -0.119141 0.502438 0.060830
v -0.128395 0.555986 0.070285
v -0.159347 0.569743 0.090374
v -0.115098 0.352286 0.001795
v -0.113582 0.458093 0.020328
v -0.105342 0.497972 0.030084
v -0.114368 0.555987 0.034886
v -0.124569 0.599898 0.071161
v -0.123319 0.352284 -0.023399
v -0.120818 0.471246 -0.016368
v -0.111561 0.524279 -0.018125
v -0.129688 0.583275 -0.000306
v -0.109527 0.599899 0.035659
v -0.147414 0.352281 -0.033539
v -0.156203 0.476402 -0.032206
v -0.158224 0.534596 -0.039692
v -0.158946 0.586517 -0.014560
v -0.128994 0.603452 -0.000380
v -0.169969 0.352279 -0.023154
v -0.187308 0.479094 -0.016344
v -0.197892 0.539983 -0.018382
v -0.196282 0.599885 0.000452
v -0.159133 0.602405 -0.014485
v -0.140867 0.599852 0.082923
v -0.174487 0.618426 0.113453
v -0.161400 0.599763 0.114765
v -0.173731 0.581466 0.112939
v -0.200139 0.581625 0.102401
v -0.204838 0.599827 0.059078
v -0.209992 0.599718 0.096182
v -0.200595 0.618303 0.103091
v -0.187151 0.601074 0.116142
v -0.175739 0.336245 -0.001249
v -0.172505 0.316641 -0.004507
v -0.164226 0.316642 0.014860
v -0.167047 0.336247 0.019452
v -0.145960 0.336249 0.027904
v -0.144676 0.316645 0.022697
v -0.124665 0.336252 0.019311
v -0.125308 0.316647 0.014409
v -0.116167 0.336252 -0.001326
v -0.117475 0.316647 -0.005143
v -0.124418 0.336251 -0.023896
v -0.125760 0.316646 -0.024504
v -0.146467 0.336248 -0.032998
v -0.145305 0.316643 -0.032334
v -0.164667 0.316641 -0.024052
v -0.167585 0.336246 -0.023558
v 0.110861 1.374240 0.259906
v 0.110144 1.400600 0.146582
v 0.112171 1.452090 0.165282
v 0.106481 1.427860 0.287491
v 0.083175 1.354520 0.343894
v 0.083224 1.325980 0.290298
v 0.030055 1.278230 0.363635
v 0.029937 1.258270 0.313980
v 0.000000 1.256470 0.312560
v 0.092504 1.432800 0.287950
v 0.069899 1.363450 0.349798
v 0.030152 1.303880 0.368308
v 0.000000 1.299710 0.366762
v 0.000000 1.276600 0.379578
v -0.030055 1.278230 0.363635
v -0.029938 1.258270 0.313980
v 0.096324 1.462320 0.168545
v 0.030597 1.450710 0.164540
v 0.030753 1.424260 0.271301
v 0.000000 1.394560 0.263795
v -0.030753 1.424260 0.271301
v -0.030152 1.303880 0.368308
v 0.000000 1.430760 0.158653
v -0.030598 1.450710 0.164540
v -0.092505 1.432800 0.287950
v -0.069900 1.363450 0.349798
v -0.083175 1.354520 0.343894
v -0.083225 1.325980 0.290298
v -0.096325 1.462320 0.168545
v -0.112172 1.452090 0.165282
v -0.106482 1.427860 0.287491
v -0.110861 1.374240 0.259906
v -0.110144 1.400600 0.146582
v 0.104844 1.883510 0.429177
v 0.069139 1.857080 0.432677
v 0.075099 1.857760 0.457531
v 0.079699 1.811240 0.454966
v 0.110317 1.883390 0.453625
v 0.068591 1.901860 0.435703
v 0.074602 1.900780 0.460352
v 0.073159 1.951510 0.437051
v 0.078744 1.947560 0.461589
v 0.080549 1.980670 0.437358
v 0.074212 1.809570 0.429948
v 0.086778 1.785110 0.452618
v 0.082021 1.782260 0.427430
v 0.095765 1.766820 0.450351
v 0.091933 1.763250 0.424999
v 0.105931 1.757920 0.448350
v 0.103145 1.754080 0.422852
v 0.116452 1.759230 0.446775
v 0.114749 1.755500 0.421164
v 0.126476 1.770650 0.445756
v 0.125805 1.767380 0.420071
v 0.135190 1.791200 0.445375
v 0.135418 1.788770 0.419662
v 0.141890 1.819220 0.445661
v 0.142807 1.817940 0.419969
v 0.146032 1.852440 0.446593
v 0.147376 1.852510 0.420968
v 0.147281 1.888170 0.448094
v 0.148753 1.889700 0.422579
v 0.145535 1.923510 0.450044
v 0.146827 1.926480 0.424670
v 0.140936 1.955600 0.452284
v 0.141755 1.959880 0.427072
v 0.133856 1.981840 0.454632
v 0.133946 1.987190 0.429590
v 0.124869 2.000110 0.456899
v 0.114704 2.008910 0.458900
v 0.104183 2.007550 0.460474
v 0.094159 1.996140 0.461494
v 0.085444 1.975580 0.461875
v 0.124034 2.006190 0.432021
v 0.112821 2.015360 0.434168
v 0.101217 2.013950 0.435856
v 0.090161 2.002060 0.436949
v -0.075100 1.857760 0.457531
v -0.069140 1.857080 0.432677
v -0.104845 1.883510 0.429177
v -0.079700 1.811240 0.454966
v -0.074213 1.809570 0.429948
v -0.086779 1.785110 0.452618
v -0.082022 1.782260 0.427430
v -0.095766 1.766820 0.450351
v -0.091934 1.763250 0.424999
v -0.110318 1.883390 0.453625
v -0.105931 1.757920 0.448349
v -0.103146 1.754080 0.422852
v -0.116452 1.759230 0.446775
v -0.114750 1.755500 0.421164
v -0.126476 1.770650 0.445756
v -0.125806 1.767380 0.420071
v -0.068592 1.901860 0.435703
v -0.074603 1.900780 0.460352
v -0.078745 1.947560 0.461589
v -0.085445 1.975580 0.461875
v -0.094160 1.996140 0.461493
v -0.104184 2.007550 0.460474
v -0.114705 2.008910 0.458900
v -0.124870 2.000110 0.456899
v -0.133857 1.981840 0.454632
v -0.140937 1.955600 0.452284
v -0.145536 1.923510 0.450044
v -0.147282 1.888170 0.448094
v -0.146033 1.852440 0.446593
v -0.141891 1.819220 0.445661
v -0.135191 1.791200 0.445374
v -0.073160 1.951510 0.437051
v -0.080550 1.980670 0.437358
v -0.090162 2.002060 0.436949
v -0.101218 2.013950 0.435856
v -0.112823 2.015360 0.434168
v -0.124035 2.006190 0.432021
v -0.133947 1.987190 0.429590
v -0.141756 1.959880 0.427072
v -0.146828 1.926480 0.424670
v -0.148754 1.889700 0.422579
v -0.147377 1.852510 0.420968
v -0.142808 1.817940 0.419969
v -0.135419 1.788770 0.419662
v -1.014070 1.593220 -0.140244
v -1.016020 1.572620 -0.085409
v -1.072580 1.566480 -0.080463
v -1.070970 1.582960 -0.149284
v -1.156330 1.594810 -0.021847
v -1.132450 1.552680 0.030404
v -1.191160 1.579430 0.081976
v -1.265610 1.612160 -0.163842
v -1.225820 1.599450 -0.159806
v -1.275570 1.608110 -0.118064
v -1.227150 1.595690 -0.051735
v -1.293880 1.614340 -0.048285
v -1.294440 1.623660 -0.086107
v -1.299960 1.620680 -0.008082
v -1.228340 1.607540 -0.010716
v -1.287050 1.603920 0.029691
v -1.014820 1.737850 -0.125779
v -1.074570 1.741720 -0.126520
v -1.076000 1.747590 -0.097487
v -1.012270 1.748660 -0.098673
v -1.013800 1.749940 -0.020697
v -1.013200 1.753440 -0.051360
v -1.074270 1.756280 -0.051132
v -1.074550 1.750760 -0.016256
v -1.229770 1.696060 0.106372
v -1.235810 1.725130 0.088757
v -1.292690 1.720330 0.091926
v -1.283930 1.609440 0.072409
v -1.241570 1.594320 0.064257
v -1.246920 1.649210 0.107706
v -1.281470 1.662290 0.108065
v -1.558350 1.605740 0.078284
v -1.573220 1.647300 0.090753
v -1.566360 1.654960 0.047805
v -1.556090 1.615780 0.050963
v -1.258350 1.659480 -0.193214
v -1.218450 1.655560 -0.196211
v -1.073490 1.651160 -0.187928
v -1.016970 1.650750 -0.179242
v -1.542890 1.678410 0.119513
v -1.555610 1.689870 0.094876
v -1.554170 1.637010 0.129787
v -1.221400 1.710900 -0.187460
v -1.264470 1.716520 -0.185513
v -1.073680 1.710140 -0.174112
v -1.019520 1.708940 -0.166403
v -1.297050 1.626050 -0.087538
v -1.302200 1.623890 -0.012432
v -1.228430 1.742470 -0.098431
v -1.229280 1.739180 -0.101016
v -1.302740 1.733490 -0.114989
v -1.314630 1.736420 -0.099327
v -1.233790 1.746510 -0.005758
v -1.233890 1.745720 -0.006883
v -1.311880 1.742220 -0.011911
v -1.320890 1.738400 -0.005107
v -1.333600 1.672760 -0.015630
v -1.331470 1.676790 0.010626
v -1.322200 1.671280 -0.108494
v -1.324500 1.670160 -0.086695
v -1.301950 1.604470 0.031972
v -1.311020 1.624560 -0.010140
v -1.398880 1.680590 -0.006720
v -1.412230 1.725420 0.028682
v -1.318520 1.736650 0.017408
v -1.305360 1.743090 0.058031
v -1.403500 1.733140 0.073843
v -1.393360 1.708260 0.115487
v -1.376590 1.652880 0.123192
v -1.295340 1.609740 0.073519
v -1.402390 1.602930 0.050026
v -1.458590 1.595380 0.058417
v -1.468400 1.616240 0.014539
v -1.413120 1.625670 0.001838
v -1.472000 1.674160 0.009661
v -1.413710 1.680840 -0.003571
v -1.533970 1.695910 0.048984
v -1.467930 1.709720 0.039955
v -1.535020 1.656600 0.018447
v -1.450720 1.693420 0.121785
v -1.459910 1.716920 0.082023
v -1.522350 1.705440 0.092100
v -1.514230 1.680470 0.133592
v -1.446000 1.648860 0.132578
v -1.511730 1.630190 0.144655
v -1.394360 1.606770 0.091554
v -1.391200 1.653120 0.126255
v -1.450700 1.599110 0.099856
v -1.518410 1.586740 0.066865
v -1.530010 1.607810 0.023885
v -1.551960 1.686240 0.068043
v -1.544010 1.603630 0.100803
v -1.510070 1.590160 0.109835
v -1.395370 1.625060 -0.000467
v -1.385960 1.602980 0.046938
v -1.377240 1.606730 0.088933
v -1.154040 1.568000 0.092264
v -1.010830 1.731020 0.060662
v -0.996070 1.576410 0.058017
v -1.040930 1.566490 0.085696
v -1.068320 1.552650 0.004045
v -1.006070 1.561960 -0.011295
v -1.073720 1.582450 -0.033502
v -1.017910 1.574050 -0.044485
v -1.590100 1.610810 -0.055116
v -1.613780 1.651730 -0.053180
v -1.593620 1.657280 -0.100148
v -1.584090 1.618410 -0.086314
v -1.583850 1.694510 -0.025011
v -1.591790 1.701110 -0.052059
v -1.599750 1.654200 -0.008110
v -1.301050 1.614710 -0.047860
v -1.299350 1.628230 -0.094868
v -1.396430 1.680250 -0.120489
v -1.418800 1.730200 -0.097039
v -1.311240 1.741620 -0.090052
v -1.310750 1.756310 -0.050455
v -1.419830 1.746070 -0.051051
v -1.419090 1.729070 -0.003262
v -1.403080 1.676830 0.019361
v -1.305830 1.624990 -0.012758
v -1.548510 1.607970 -0.103722
v -1.483710 1.618060 -0.101703
v -1.482240 1.605380 -0.051920
v -1.547030 1.594810 -0.053410
v -1.551750 1.655420 -0.119774
v -1.486090 1.671970 -0.117565
v -1.414500 1.680250 -0.120526
v -1.488310 1.716350 -0.094673
v -1.488580 1.731470 -0.051605
v -1.487190 1.715660 -0.006194
v -1.420660 1.676850 0.019352
v -1.484340 1.669840 0.015589
v -1.482700 1.616240 -0.009877
v -1.558720 1.651110 0.016545
v -1.548810 1.605570 -0.010394
v -1.585110 1.694590 -0.078082
v -1.557260 1.699660 -0.096397
v -1.556430 1.716270 -0.052089
v -1.557610 1.698830 -0.004887
v -1.582450 1.616120 -0.029044
v -1.396010 1.626490 -0.102199
v -1.397620 1.613370 -0.049890
v -1.419810 1.614930 -0.050391
v -1.416120 1.626600 -0.103285
v -1.417010 1.624280 -0.007226
v -1.397080 1.624700 -0.005731
v -1.538200 1.615360 -0.194944
v -1.550960 1.655630 -0.205294
v -1.522430 1.646840 -0.241343
v -1.519120 1.613050 -0.220132
v -1.526970 1.694400 -0.172726
v -1.532430 1.696260 -0.200440
v -1.548780 1.660300 -0.157646
v -1.288860 1.610610 -0.124232
v -1.275250 1.615180 -0.166160
v -1.341850 1.656870 -0.217061
v -1.362460 1.707630 -0.210743
v -1.282460 1.739750 -0.153091
v -1.373770 1.733020 -0.167642
v -1.382900 1.724550 -0.127000
v -1.376550 1.682700 -0.093492
v -1.305200 1.630430 -0.086814
v -1.484910 1.600400 -0.225446
v -1.425440 1.604410 -0.207513
v -1.435910 1.600680 -0.164552
v -1.494250 1.595780 -0.180334
v -1.479930 1.640400 -0.249016
v -1.421300 1.655040 -0.234530
v -1.357190 1.657690 -0.220641
v -1.427920 1.696180 -0.220933
v -1.438730 1.719080 -0.181530
v -1.447030 1.711460 -0.142754
v -1.392530 1.682910 -0.097094
v -1.450840 1.678190 -0.113331
v -1.446210 1.623560 -0.125261
v -1.516790 1.661860 -0.126117
v -1.505560 1.615140 -0.139450
v -1.515620 1.685320 -0.223287
v -1.486490 1.685080 -0.234780
v -1.495120 1.709780 -0.193949
v -1.506430 1.700770 -0.153342
v -1.530990 1.621550 -0.164964
v -1.348830 1.613020 -0.189916
v -1.360620 1.609830 -0.144637
v -1.377080 1.610080 -0.149691
v -1.366180 1.613630 -0.195236
v -1.388120 1.630430 -0.109112
v -1.370730 1.630010 -0.104418
v -1.011700 1.745740 0.018598
v -1.072950 1.734700 0.066008
v -1.072950 1.750180 0.023622
v -1.279620 1.749720 0.021900
v -1.249340 1.753110 0.013077
v -1.236120 1.743890 -0.000365
v -1.276370 1.752780 -0.080826
v -1.241750 1.754860 -0.082230
v -1.229380 1.742320 -0.096784
v -1.252380 1.732910 -0.169717
v -1.233640 1.733640 -0.168712
v -1.233520 1.646060 0.121256
v -1.159050 1.598560 -0.163757
v -1.157530 1.586830 -0.065441
v -1.159230 1.649260 -0.200048
v -1.160110 1.712850 -0.186862
v -1.160620 1.748480 -0.128316
v -1.214590 1.753670 -0.136481
v -1.220050 1.750300 -0.110888
v -1.163350 1.747920 -0.096662
v -1.162400 1.762530 -0.050723
v -1.220730 1.768660 -0.051064
v -1.223810 1.758460 -0.019899
v -1.164890 1.754070 -0.009597
v -1.219140 1.755790 0.013505
v -1.218290 1.761620 0.036783
v -1.169240 1.759100 0.031750
v -1.217400 1.749830 0.064780
v -1.178200 1.738710 0.080308
v -1.247440 1.742550 0.072790
v -1.248120 1.763760 0.043114
v -1.281450 1.755620 0.049209
v -1.271670 1.738410 0.075845
v -1.245190 1.755610 -0.017997
v -1.220450 1.756240 -0.078479
v -1.243090 1.771750 -0.050384
v -1.281280 1.765930 -0.050498
v -1.278180 1.754040 -0.021565
v -1.241280 1.746380 -0.109475
v -1.211950 1.734250 -0.163751
v -1.237360 1.756820 -0.139058
v -1.263220 1.750870 -0.144437
v -1.264170 1.744400 -0.115970
v -1.098430 1.553310 0.116124
v -1.277960 1.517870 0.165322
v -1.257180 1.499980 0.176919
v -1.270810 1.511900 0.202561
v -1.289480 1.530790 0.183753
v -1.286010 1.543340 0.205776
v -1.269930 1.536660 0.226328
v -1.195000 1.691380 0.148520
v -1.103100 1.683930 0.161328
v -1.141670 1.711560 0.119165
v -0.999244 1.663720 0.095934
v -1.046690 1.711360 0.101957
v -1.027910 1.643680 0.122189
v -1.240780 1.625630 0.122318
v -1.210400 1.579040 0.097578
v -1.226100 1.574570 0.114291
v -1.246760 1.613640 0.126587
v -1.217700 1.663030 0.171968
v -1.232860 1.645350 0.194408
v -1.201270 1.635500 0.212214
v -1.180420 1.654750 0.191970
v -1.130170 1.590220 0.191699
v -1.150820 1.637460 0.196675
v -1.170290 1.617990 0.213964
v -1.157530 1.573690 0.204649
v -1.138210 1.563000 0.168622
v -1.158490 1.554210 0.176331
v -1.168110 1.544430 0.135629
v -1.151590 1.547410 0.132867
v -1.183410 1.561420 0.107066
v -1.197830 1.556290 0.119631
v -1.253130 1.530370 0.128638
v -1.274600 1.565750 0.141485
v -1.284620 1.582900 0.193667
v -1.249800 1.572240 0.225261
v -1.218440 1.552690 0.235767
v -1.204950 1.514440 0.222794
v -1.199710 1.503810 0.194914
v -1.227520 1.514140 0.137508
v -1.242250 1.528860 0.230145
v -1.240880 1.504150 0.218400
v -1.235620 1.497930 0.187212
v -1.086600 1.608310 0.174637
v -1.090070 1.575560 0.151464
v -1.197350 1.504860 0.156815
v -0.992546 1.598040 -0.122214
v -0.993139 1.579350 -0.088363
v -0.989952 1.578920 -0.049838
v -0.981701 1.579720 -0.004611
v -0.987656 1.743190 -0.089057
v -0.986156 1.725840 -0.121949
v -0.989791 1.744070 -0.024830
v -0.988699 1.747790 -0.051966
v -0.985810 1.724690 0.041402
v -0.987833 1.737450 0.014317
v -0.986527 1.653130 -0.155105
v -0.981345 1.661850 0.073606
v -0.986756 1.704650 -0.144650
v -0.976905 1.598020 0.041988
v -0.959752 1.577670 -0.142338
v -0.955013 1.552720 -0.084565
v -0.951611 1.551030 -0.030445
v -0.951556 1.557930 0.017243
v -0.958316 1.763130 -0.103142
v -0.961140 1.746310 -0.132031
v -0.961986 1.773140 -0.019440
v -0.960225 1.772840 -0.054818
v -0.960743 1.737080 0.066742
v -0.960731 1.761280 0.021369
v -0.963595 1.649350 -0.184593
v -0.956860 1.659690 0.105291
v -0.965436 1.713160 -0.171617
v -0.951721 1.581810 0.066638
v -0.900021 1.575140 -0.146207
v -0.895064 1.549210 -0.083056
v -0.889556 1.548080 -0.030781
v -0.888956 1.555440 0.019517
v -0.897770 1.765980 -0.105802
v -0.899932 1.747280 -0.137246
v -0.899588 1.776400 -0.018484
v -0.897910 1.775570 -0.055099
v -0.899366 1.739900 0.070366
v -0.899357 1.765430 0.018273
v -0.902106 1.649040 -0.190346
v -0.894202 1.660050 0.110470
v -0.904360 1.714810 -0.177064
v -0.889194 1.579440 0.070482
v -0.862457 1.607390 -0.115195
v -0.862308 1.584120 -0.081479
v -0.858295 1.595510 -0.035102
v -0.857684 1.608510 0.034083
v -0.863314 1.735170 -0.086337
v -0.864956 1.732560 -0.026534
v -0.864734 1.719880 0.034169
v -0.863827 1.654880 -0.146305
v -0.861313 1.662670 0.062091
v -0.865186 1.698950 -0.136796
v -0.898386 1.638810 -0.062911
v -0.899272 1.637590 -0.016763
v -0.901940 1.688330 -0.064887
v -0.903111 1.686730 -0.016386
v -0.897730 1.665870 -0.082129
v -0.900949 1.669550 -0.000303
v 1.014070 1.593220 -0.140244
v 1.016020 1.572620 -0.085409
v 1.072580 1.566480 -0.080463
v 1.070970 1.582960 -0.149284
v 1.156330 1.594810 -0.021847
v 1.132450 1.552680 0.030404
v 1.191160 1.579430 0.081976
v 1.265610 1.612160 -0.163842
v 1.225820 1.599450 -0.159806
v 1.275570 1.608110 -0.118064
v 1.227150 1.595690 -0.051735
v 1.293880 1.614340 -0.048285
v 1.294440 1.623660 -0.086107
v 1.299960 1.620680 -0.008082
v 1.228340 1.607540 -0.010716
v 1.287050 1.603920 0.029691
v 1.014820 1.737850 -0.125779
v 1.074570 1.741720 -0.126520
v 1.076000 1.747590 -0.097487
v 1.012270 1.748660 -0.098673
v 1.013800 1.749940 -0.020697
v 1.013200 1.753440 -0.051360
v 1.074270 1.756280 -0.051132
v 1.074550 1.750760 -0.016256
v 1.229770 1.696060 0.106372
v 1.235810 1.725130 0.088757
v 1.292690 1.720330 0.091926
v 1.283930 1.609440 0.072409
v 1.241570 1.594320 0.064257
v 1.246920 1.649210 0.107706
v 1.281470 1.662290 0.108065
v 1.558350 1.605740 0.078284
v 1.573220 1.647300 0.090753
v 1.566360 1.654960 0.047805
v 1.556090 1.615780 0.050963
v 1.258350 1.659480 -0.193214
v 1.218450 1.655560 -0.196211
v 1.073490 1.651160 -0.187928
v 1.016970 1.650750 -0.179242
v 1.542890 1.678410 0.119513
v 1.555610 1.689870 0.094876
v 1.554170 1.637010 0.129787
v 1.221400 1.710900 -0.187460
v 1.264470 1.716520 -0.185513
v 1.073680 1.710140 -0.174112
v 1.019520 1.708940 -0.166403
v 1.297050 1.626050 -0.087538
v 1.302200 1.623890 -0.012432
v 1.228430 1.742470 -0.098431
v 1.229280 1.739180 -0.101016
v 1.302740 1.733490 -0.114989
v 1.314630 1.736420 -0.099327
v 1.233790 1.746510 -0.005758
v 1.233890 1.745720 -0.006883
v 1.311880 1.742220 -0.011911
v 1.320890 1.738400 -0.005107
v 1.333600 1.672760 -0.015630
v 1.331470 1.676790 0.010626
v 1.322200 1.671280 -0.108494
v 1.324500 1.670160 -0.086695
v 1.301950 1.604470 0.031972
v 1.311020 1.624560 -0.010140
v 1.398880 1.680590 -0.006720
v 1.412230 1.725420 0.028682
v 1.318520 1.736650 0.017408
v 1.305360 1.743090 0.058031
v 1.403500 1.733140 0.073843
v 1.393360 1.708260 0.115487
v 1.376590 1.652880 0.123192
v 1.295340 1.609740 0.073519
v 1.402390 1.602930 0.050026
v 1.458590 1.595380 0.058417
v 1.468400 1.616240 0.014539
v 1.413120 1.625670 0.001838
v 1.472000 1.674160 0.009661
v 1.413710 1.680840 -0.003571
v 1.533970 1.695910 0.048984
v 1.467930 1.709720 0.039955
v 1.535020 1.656600 0.018447
v 1.450720 1.693420 0.121785
v 1.459910 1.716920 0.082023
v 1.522350 1.705440 0.092100
v 1.514230 1.680470 0.133592
v 1.446000 1.648860 0.132578
v 1.511730 1.630190 0.144655
v 1.394360 1.606770 0.091554
v 1.391200 1.653120 0.126255
v 1.450700 1.599110 0.099856
v 1.518410 1.586740 0.066865
v 1.530010 1.607810 0.023885
v 1.551960 1.686240 0.068043
v 1.544010 1.603630 0.100803
v 1.510070 1.590160 0.109835
v 1.395370 1.625060 -0.000467
v 1.385960 1.602980 0.046938
v 1.377240 1.606730 0.088933
v 1.154040 1.568000 0.092264
v 1.010830 1.731020 0.060662
v 0.996070 1.576410 0.058017
v 1.040930 1.566490 0.085696
v 1.068320 1.552650 0.004045
v 1.006070 1.561960 -0.011295
v 1.073720 1.582450 -0.033502
v 1.017910 1.574050 -0.044485
v 1.590100 1.610810 -0.055116
v 1.613780 1.651730 -0.053180
v 1.593620 1.657280 -0.100148
v 1.584090 1.618410 -0.086314
v 1.583850 1.694510 -0.025011
v 1.591790 1.701110 -0.052059
v 1.599750 1.654200 -0.008110
v 1.301050 1.614710 -0.047860
v 1.299350 1.628230 -0.094868
v 1.396430 1.680250 -0.120489
v 1.418800 1.730200 -0.097039
v 1.311240 1.741620 -0.090052
v 1.310750 1.756310 -0.050455
v 1.419830 1.746070 -0.051051
v 1.419090 1.729070 -0.003262
v 1.403080 1.676830 0.019361
v 1.305830 1.624990 -0.012758
v 1.548510 1.607970 -0.103722
v 1.483710 1.618060 -0.101703
v 1.482240 1.605380 -0.051920
v 1.547030 1.594810 -0.053410
v 1.551750 1.655420 -0.119774
v 1.486090 1.671970 -0.117565
v 1.414500 1.680250 -0.120526
v 1.488310 1.716350 -0.094673
v 1.488580 1.731470 -0.051605
v 1.487190 1.715660 -0.006194
v 1.420660 1.676850 0.019352
v 1.484340 1.669840 0.015589
v 1.482700 1.616240 -0.009877
v 1.558720 1.651110 0.016545
v 1.548810 1.605570 -0.010394
v 1.585110 1.694590 -0.078082
v 1.557260 1.699660 -0.096397
v 1.556430 1.716270 -0.052089
v 1.557610 1.698830 -0.004887
v 1.582450 1.616120 -0.029044
v 1.396010 1.626490 -0.102199
v 1.397620 1.613370 -0.049890
v 1.419810 1.614930 -0.050391
v 1.416120 1.626600 -0.103285
v 1.417010 1.624280 -0.007226
v 1.397080 1.624700 -0.005731
v 1.538200 1.615360 -0.194944
v 1.550960 1.655630 -0.205294
v 1.522430 1.646840 -0.241343
v 1.519120 1.613050 -0.220132
v 1.526970 1.694400 -0.172726
v 1.532430 1.696260 -0.200440
v 1.548780 1.660300 -0.157646
v 1.288860 1.610610 -0.124232
v 1.275250 1.615180 -0.166160
v 1.341850 1.656870 -0.217061
v 1.362460 1.707630 -0.210743
v 1.282460 1.739750 -0.153091
v 1.373770 1.733020 -0.167642
v 1.382900 1.724550 -0.127000
v 1.376550 1.682700 -0.093492
v 1.305200 1.630430 -0.086814
v 1.484910 1.600400 -0.225446
v 1.425440 1.604410 -0.207513
v 1.435910 1.600680 -0.164552
v 1.494250 1.595780 -0.180334
v 1.479930 1.640400 -0.249016
v 1.421300 1.655040 -0.234530
v 1.357190 1.657690 -0.220641
v 1.427920 1.696180 -0.220933
v 1.438730 1.719080 -0.181530
v 1.447030 1.711460 -0.142754
v 1.392530 1.682910 -0.097094
v 1.450840 1.678190 -0.113331
v 1.446210 1.623560 -0.125261
v 1.516790 1.661860 -0.126117
v 1.505560 1.615140 -0.139450
v 1.515620 1.685320 -0.223287
v 1.486490 1.685080 -0.234780
v 1.495120 1.709780 -0.193949
v 1.506430 1.700770 -0.153342
v 1.530990 1.621550 -0.164964
v 1.348830 1.613020 -0.189916
v 1.360620 1.609830 -0.144637
v 1.377080 1.610080 -0.149691
v 1.366180 1.613630 -0.195236
v 1.388120 1.630430 -0.109112
v 1.370730 1.630010 -0.104418
v 1.011700 1.745740 0.018598
v 1.072950 1.734700 0.066008
v 1.072950 1.750180 0.023622
v 1.279620 1.749720 0.021900
v 1.249340 1.753110 0.013077
v 1.236120 1.743890 -0.000365
v 1.276370 1.752780 -0.080826
v 1.241750 1.754860 -0.082230
v 1.229380 1.742320 -0.096784
v 1.252380 1.732910 -0.169717
v 1.233640 1.733640 -0.168712
v 1.233520 1.646060 0.121256
v 1.159050 1.598560 -0.163757
v 1.157530 1.586830 -0.065441
v 1.159230 1.649260 -0.200048
v 1.160110 1.712850 -0.186862
v 1.160620 1.748480 -0.128316
v 1.214590 1.753670 -0.136481
v 1.220050 1.750300 -0.110888
v 1.163350 1.747920 -0.096662
v 1.162400 1.762530 -0.050723
v 1.220730 1.768660 -0.051064
v 1.223810 1.758460 -0.019899
v 1.164890 1.754070 -0.009597
v 1.219140 1.755790 0.013505
v 1.218290 1.761620 0.036783
v 1.169240 1.759100 0.031750
v 1.217400 1.749830 0.064780
v 1.178200 1.738710 0.080308
v 1.247440 1.742550 0.072790
v 1.248120 1.763760 0.043114
v 1.281450 1.755620 0.049209
v 1.271670 1.738410 0.075845
v 1.245190 1.755610 -0.017997
v 1.220450 1.756240 -0.078479
v 1.243090 1.771750 -0.050384
v 1.281280 1.765930 -0.050498
v 1.278180 1.754040 -0.021565
v 1.241280 1.746380 -0.109475
v 1.211950 1.734250 -0.163751
v 1.237360 1.756820 -0.139058
v 1.263220 1.750870 -0.144437
v 1.264170 1.744400 -0.115970
v 1.098430 1.553310 0.116124
v 1.277960 1.517870 0.165322
v 1.257180 1.499980 0.176919
v 1.270810 1.511900 0.202561
v 1.289480 1.530790 0.183753
v 1.286010 1.543340 0.205776
v 1.269930 1.536660 0.226328
v 1.195000 1.691380 0.148520
v 1.103100 1.683930 0.161328
v 1.141670 1.711560 0.119165
v 0.999244 1.663720 0.095934
v 1.046690 1.711360 0.101957
v 1.027910 1.643680 0.122189
v 1.240780 1.625630 0.122318
v 1.210400 1.579040 0.097578
v 1.226100 1.574570 0.114291
v 1.246760 1.613640 0.126587
v 1.217700 1.663030 0.171968
v 1.232860 1.645350 0.194408
v 1.201270 1.635500 0.212214
v 1.180420 1.654750 0.191970
v 1.130170 1.590220 0.191699
v 1.150820 1.637460 0.196675
v 1.170290 1.617990 0.213964
v 1.157530 1.573690 0.204649
v 1.138210 1.563000 0.168622
v 1.158490 1.554210 0.176331
v 1.168110 1.544430 0.135629
v 1.151590 1.547410 0.132867
v 1.183410 1.561420 0.107066
v 1.197830 1.556290 0.119631
v 1.253130 1.530370 0.128638
v 1.274600 1.565750 0.141485
v 1.284620 1.582900 0.193667
v 1.249800 1.572240 0.225261
v 1.218440 1.552690 0.235767
v 1.204950 1.514440 0.222794
v 1.199710 1.503810 0.194914
v 1.227520 1.514140 0.137508
v 1.242250 1.528860 0.230145
v 1.240880 1.504150 0.218400
v 1.235620 1.497930 0.187212
v 1.086600 1.608310 0.174637
v 1.090070 1.575560 0.151464
v 1.197350 1.504860 0.156815
v 0.992546 1.598040 -0.122214
v 0.993139 1.579350 -0.088363
v 0.989952 1.578920 -0.049838
v 0.981701 1.579720 -0.004611
v 0.987656 1.743190 -0.089057
v 0.986156 1.725840 -0.121949
v 0.989791 1.744070 -0.024830
v 0.988699 1.747790 -0.051966
v 0.985810 1.724690 0.041402
v 0.987833 1.737450 0.014317
v 0.986527 1.653130 -0.155105
v 0.981345 1.661850 0.073606
v 0.986756 1.704650 -0.144650
v 0.976905 1.598020 0.041988
v 0.959752 1.577670 -0.142338
v 0.955013 1.552720 -0.084565
v 0.951611 1.551030 -0.030445
v 0.951556 1.557930 0.017243
v 0.958316 1.763130 -0.103142
v 0.961140 1.746310 -0.132031
v 0.961986 1.773140 -0.019440
v 0.960225 1.772840 -0.054818
v 0.960743 1.737080 0.066742
v 0.960731 1.761280 0.021369
v 0.963595 1.649350 -0.184593
v 0.956860 1.659690 0.105291
v 0.965436 1.713160 -0.171617
v 0.951721 1.581810 0.066638
v 0.900021 1.575140 -0.146207
v 0.895064 1.549210 -0.083056
v 0.889556 1.548080 -0.030781
v 0.888956 1.555440 0.019517
v 0.897770 1.765980 -0.105802
v 0.899932 1.747280 -0.137246
v 0.899588 1.776400 -0.018484
v 0.897910 1.775570 -0.055099
v 0.899366 1.739900 0.070366
v 0.899357 1.765430 0.018273
v 0.902106 1.649040 -0.190346
v 0.894202 1.660050 0.110470
v 0.904360 1.714810 -0.177064
v 0.889194 1.579440 0.070482
v 0.862457 1.607390 -0.115195
v 0.862308 1.584120 -0.081479
v 0.858295 1.595510 -0.035102
v 0.857684 1.608510 0.034083
v 0.863314 1.735170 -0.086337
v 0.864956 1.732560 -0.026534
v 0.864734 1.719880 0.034169
v 0.863827 1.654880 -0.146305
v 0.861313 1.662670 0.062091
v 0.865186 1.698950 -0.136796
v 0.898386 1.638810 -0.062911
v 0.899272 1.637590 -0.016763
v 0.901940 1.688330 -0.064887
v 0.903111 1.686730 -0.016386
v 0.897730 1.665870 -0.082129
v 0.900949 1.669550 -0.000303
# 2463 vertices

vt 0.30372 0.00345
vt 0.30475 0.01446
vt 0.29642 0.00737
vt 0.31044 0.00525
vt 0.31129 0.01395
vt 0.31342 0.00474
vt 0.31331 0.01310
vt 0.34001 0.01012
vt 0.33906 0.00373
vt 0.30771 0.05125
vt 0.31174 0.05051
vt 0.31576 0.04978
vt 0.33992 0.03711
vt 0.36376 0.00980
vt 0.36406 0.00365
vt 0.37571 0.00354
vt 0.29112 0.05381
vt 0.33966 0.06099
vt 0.40649 0.06419
vt 0.40670 0.04514
vt 0.42579 0.05697
vt 0.38709 0.04316
vt 0.38714 0.06387
vt 0.37416 0.04126
vt 0.37428 0.06315
vt 0.36307 0.06252
vt 0.43074 0.01458
vt 0.40393 0.00784
vt 0.38692 0.00898
vt 0.37604 0.00937
vt 0.36332 0.03967
vt 0.29033 0.00200
vt 0.38182 0.00431
vt 0.40222 0.00332
vt 0.42693 0.00309
vt 0.77012 0.29683
vt 0.77141 0.28605
vt 0.77453 0.28977
vt 0.75062 0.25215
vt 0.74409 0.25256
vt 0.75758 0.29987
vt 0.77465 0.29895
vt 0.78059 0.28842
vt 0.75714 0.25175
vt 0.76913 0.23254
vt 0.76433 0.22046
vt 0.75953 0.20837
vt 0.72899 0.18052
vt 0.73225 0.25505
vt 0.73606 0.32207
vt 0.78579 0.22014
vt 0.78744 0.20811
vt 0.75939 0.17112
vt 0.75917 0.09535
vt 0.70213 0.09530
vt 0.69901 0.18033
vt 0.78414 0.23217
vt 0.80775 0.21990
vt 0.81710 0.20799
vt 0.78787 0.17232
vt 0.81773 0.09519
vt 0.81802 0.00242
vt 0.75874 0.00244
vt 0.81769 0.17358
vt 0.84330 0.18510
vt 0.78159 0.29706
vt 0.77368 0.30813
vt 0.78764 0.31185
vt 0.77363 0.34817
vt 0.78788 0.34833
vt 0.75931 0.37469
vt 0.81726 0.37400
vt 0.75937 0.34800
vt 0.70449 0.37492
vt 0.70298 0.43279
vt 0.75914 0.42276
vt 0.81704 0.42241
vt 0.70266 0.00250
vt 0.64769 0.02901
vt 0.63634 0.09348
vt 0.64442 0.16575
vt 0.67271 0.23747
vt 0.70283 0.25910
vt 0.64578 0.00279
vt 0.87226 0.00232
vt 0.87205 0.09521
vt 0.87127 0.18597
vt 0.87126 0.25956
vt 0.84240 0.26028
vt 0.81231 0.25641
vt 0.81453 0.30469
vt 0.84462 0.32537
vt 0.87124 0.42212
vt 0.87125 0.37251
vt 0.81697 0.49899
vt 0.75900 0.49954
vt 0.70286 0.49954
vt 0.64171 0.49755
vt 0.63411 0.46516
vt 0.67670 0.40383
vt 0.70430 0.33412
vt 0.68754 0.32532
vt 0.68263 0.26206
vt 0.73599 0.32207
vt 0.79839 0.23181
vt 0.77447 0.25918
vt 0.79125 0.25574
vt 0.78415 0.28081
vt 0.79661 0.28805
vt 0.82039 0.34770
vt 0.87123 0.49954
vt 0.81694 0.63718
vt 0.87151 0.63732
vt 0.87121 0.68563
vt 0.90726 0.68563
vt 0.90737 0.63723
vt 0.87394 0.68565
vt 0.87389 0.63698
vt 0.75880 0.63733
vt 0.81692 0.68558
vt 0.87093 0.69967
vt 0.90737 0.69994
vt 0.70293 0.63730
vt 0.75874 0.68563
vt 0.81684 0.69967
vt 0.63916 0.63834
vt 0.70294 0.68563
vt 0.75890 0.69907
vt 0.90735 0.63723
vt 0.87122 0.63738
vt 0.87392 0.70003
vt 0.70316 0.69967
vt 0.63977 0.68487
vt 0.54757 0.68485
vt 0.54485 0.63391
vt 0.64000 0.69780
vt 0.54797 0.69784
vt 0.46127 0.68498
vt 0.46110 0.63253
vt 0.46103 0.69764
vt 1.97778 0.52272
vt 1.96547 0.63792
vt 1.97828 0.64738
vt 1.95461 0.61098
vt 1.94232 0.57067
vt 1.93826 0.52311
vt 1.94232 0.47440
vt 1.95461 0.43524
vt 1.96547 0.40830
vt 1.97828 0.39884
vt 1.99281 0.09632
vt 1.99281 0.04255
vt 1.99114 0.04255
vt 1.99114 0.09632
vt 1.96891 0.09632
vt 1.96891 0.01110
vt 1.96347 0.01110
vt 1.96348 0.27596
vt 1.96891 0.27584
vt 1.99281 0.18608
vt 1.99114 0.18608
vt 1.96891 0.18608
vt 1.96355 0.09636
vt 1.93559 0.09656
vt 1.93572 0.01027
vt 1.99281 0.27584
vt 1.99114 0.27584
vt 1.96361 0.18624
vt 1.93549 0.18650
vt 1.99281 0.35895
vt 1.99114 0.35895
vt 1.96891 0.35895
vt 1.96364 0.27595
vt 1.93512 0.27541
vt 1.96593 0.35868
vt 1.93455 0.35842
vt 1.96362 0.18624
vt 1.93573 0.27454
vt 1.93466 0.35841
vt 1.96570 0.35869
vt 1.96373 0.09636
vt 1.93555 0.18408
vt 1.96371 0.01110
vt 1.93581 0.09718
vt 1.93597 0.01066
vt 0.26318 0.25298
vt 0.26346 0.24892
vt 0.27775 0.24932
vt 0.27798 0.24601
vt 0.26369 0.24562
vt 0.27805 0.24506
vt 0.26376 0.24467
vt 0.27797 0.24622
vt 0.26368 0.24583
vt 0.27747 0.25337
vt 0.27632 0.23964
vt 0.27222 0.24234
vt 0.26886 0.24730
vt 0.26789 0.25213
vt 0.26279 0.25854
vt 0.27708 0.25893
vt 0.28190 0.23843
vt 0.25863 0.19915
vt 0.24164 0.21050
vt 0.22782 0.23119
vt 0.22384 0.25123
vt 0.28190 0.19407
vt 0.24474 0.16227
vt 0.21324 0.18331
vt 0.28190 0.15487
vt 0.19219 0.21482
vt 0.18480 0.25198
vt 0.22869 0.27563
vt 0.19219 0.28913
vt 0.26907 0.25802
vt 0.27778 0.24893
vt 0.27183 0.26209
vt 0.24004 0.29262
vt 0.21324 0.32064
vt 0.26186 0.30667
vt 0.24474 0.34169
vt 0.28190 0.34908
vt 0.26349 0.24854
vt 0.27741 0.25414
vt 0.27709 0.26544
vt 0.26312 0.25375
vt 0.28190 0.26638
vt 0.28190 0.31065
vt 0.05231 0.96926
vt 0.01154 0.96950
vt 0.00954 0.89821
vt 0.04948 0.89821
vt 0.05148 0.96950
vt 0.11473 0.89174
vt 0.11473 0.96950
vt 0.16876 0.89174
vt 0.17001 0.98507
vt 0.02892 0.89601
vt 0.03216 0.83001
vt 0.01461 0.82521
vt 0.05102 0.82749
vt 0.10631 0.82398
vt 0.15071 0.83351
vt 0.04650 0.89980
vt 0.05268 0.82401
vt 0.03877 0.75055
vt 0.01996 0.75189
vt 0.05837 0.75752
vt 0.09653 0.75803
vt 0.05310 0.96963
vt 0.11371 0.96891
vt 0.11215 0.90048
vt 0.10652 0.82506
vt 0.09816 0.75963
vt 0.05422 0.75912
vt 0.01541 0.96891
vt 0.16784 0.98309
vt 0.16873 0.89786
vt 0.15019 0.84191
vt 0.14979 0.80081
vt 0.14032 0.74985
vt 0.16017 0.77284
vt 0.20946 0.98871
vt 0.20809 0.90395
vt 0.19313 0.85549
vt 0.18787 0.82131
vt 0.19408 0.78398
vt 0.15275 0.79068
vt 0.20242 0.99048
vt 0.20403 0.89832
vt 0.25718 0.92189
vt 0.25718 0.99048
vt 0.30681 0.91753
vt 0.31341 0.99048
vt 0.19034 0.84598
vt 0.23702 0.86734
vt 0.30089 0.85752
vt 0.34349 0.87790
vt 0.34655 0.90716
vt 0.35715 0.99015
vt 0.18656 0.81006
vt 0.23332 0.83635
vt 0.30976 0.82792
vt 0.35200 0.84506
vt 0.36128 0.90078
vt 0.36921 0.98998
vt 0.23891 0.79439
vt 0.33788 0.78906
vt 0.37863 0.81304
vt 0.39219 0.89459
vt 0.23216 0.83562
vt 0.31144 0.82891
vt 0.34883 0.84484
vt 0.39150 0.89580
vt 0.42794 0.89422
vt 0.23652 0.86663
vt 0.30431 0.85684
vt 0.34068 0.87414
vt 0.36388 0.90192
vt 0.40167 0.99023
vt 0.42142 0.99023
vt 0.25491 0.92180
vt 0.30501 0.91649
vt 0.34186 0.90859
vt 0.37325 0.99044
vt 0.25634 0.98968
vt 0.31169 0.99073
vt 0.34941 0.99083
vt 0.40344 0.98996
vt 0.05259 0.99228
vt 0.01154 0.99272
vt 0.05148 0.99272
vt 0.11473 0.99272
vt 0.01541 0.99190
vt 0.05239 0.99190
vt 0.11442 0.99190
vt 0.18099 0.97957
vt 0.17649 0.96382
vt 0.17486 0.96280
vt 0.17666 0.98215
vt 0.17000 0.98492
vt 0.16799 0.96105
vt 0.15766 0.96184
vt 0.16048 0.98733
vt 0.14761 0.96746
vt 0.15454 0.98568
vt 0.11990 0.97309
vt 0.11256 0.98023
vt 0.11609 0.98931
vt 0.12783 0.99249
vt 0.13752 0.98758
vt 0.13151 0.97287
vt 0.14796 0.98563
vt 0.14166 0.96986
vt 1.06118 0.88058
vt 1.08656 0.86294
vt 1.08617 0.86320
vt 1.06124 0.88054
vt 1.08617 0.86341
vt 1.06124 0.88062
vt 1.03307 0.90008
vt 1.00652 0.90008
vt 1.00652 0.89049
vt 1.03295 0.90034
vt 1.00652 0.90011
vt 1.00652 0.87339
vt 1.00652 0.86341
vt 1.03307 0.86341
vt 1.00626 0.90016
vt 1.00652 0.89058
vt 1.00652 0.87345
vt 1.00652 0.87330
vt 1.00647 0.86332
vt 0.08511 0.75184
vt 0.01669 0.75095
vt 0.00479 0.72500
vt 0.08520 0.72500
vt 0.08520 0.70242
vt 0.00479 0.70242
vt 0.00479 0.68211
vt 0.08520 0.68211
vt 0.02259 0.66632
vt 0.12276 0.75201
vt 0.17189 0.72595
vt 0.17189 0.70242
vt 0.17189 0.68306
vt 0.15776 0.66623
vt 0.08768 0.66629
vt 0.19375 0.72595
vt 0.19375 0.70242
vt 0.19375 0.68306
vt 0.17610 0.66618
vt 0.14901 0.65906
vt 0.08849 0.65763
vt 0.13023 0.75108
vt 0.14962 0.72506
vt 0.14962 0.70226
vt 0.14962 0.68350
vt 0.14136 0.66705
vt 0.13752 0.65986
vt 0.16787 0.65881
vt 0.06529 0.75016
vt 0.06069 0.72414
vt 0.06069 0.70226
vt 0.06069 0.68258
vt 0.06918 0.66738
vt 0.07576 0.65939
vt 0.03250 0.65922
vt 0.02120 0.66728
vt 0.00279 0.72414
vt 0.00279 0.70226
vt 0.00279 0.68258
vt 0.04445 0.72438
vt 0.04459 0.70218
vt 0.04454 0.68787
vt 0.03047 0.66756
vt 0.03600 0.65789
vt 0.12727 1.32333
vt 0.12727 1.28188
vt 0.12727 1.23527
vt 0.12727 1.23569
vt 0.12727 1.32114
vt 0.12727 1.23348
vt 0.12727 1.31909
vt 0.12695 1.23042
vt 0.12827 1.31645
vt 0.05798 1.27624
vt 0.12727 1.27697
vt 0.12727 1.32504
vt 0.12727 1.23781
vt 0.12727 1.23465
vt 0.12727 1.32217
vt 0.12727 1.23266
vt 0.12727 1.32002
vt 0.12573 1.23104
vt 0.12683 1.31616
vt 0.06147 1.27608
vt 0.03072 0.96891
vt 0.29138 0.07996
vt 0.30645 0.08324
vt 0.30615 0.14936
vt 0.29464 0.14950
vt 0.31118 0.08298
vt 0.31108 0.14930
vt 0.31167 0.21784
vt 0.30732 0.21655
vt 0.29421 0.21268
vt 0.31591 0.08273
vt 0.31601 0.14924
vt 0.31602 0.21913
vt 0.33924 0.08699
vt 0.33881 0.14919
vt 0.33514 0.21715
vt 0.36297 0.08833
vt 0.36265 0.14983
vt 0.36251 0.21958
vt 0.37441 0.08882
vt 0.37415 0.14935
vt 0.38712 0.08938
vt 0.38652 0.14884
vt 0.37270 0.22123
vt 0.40565 0.08966
vt 0.40383 0.14866
vt 0.42566 0.08403
vt 0.41340 0.14869
vt 0.41500 0.20685
vt 0.40548 0.20709
vt 0.42680 0.14903
vt 0.43108 0.21358
vt 0.38641 0.21422
vt 0.42533 0.22083
vt 0.41446 0.21410
vt 0.40754 0.21427
vt 0.39596 0.22070
vt 0.42518 0.24717
vt 0.41954 0.24522
vt 0.41640 0.22753
vt 0.41128 0.22176
vt 0.40584 0.22186
vt 0.40127 0.22752
vt 0.43121 0.25002
vt 0.41524 0.26079
vt 0.41434 0.25639
vt 0.41413 0.25145
vt 0.41387 0.24728
vt 0.41633 0.24564
vt 0.41318 0.22787
vt 0.43131 0.27255
vt 0.41491 0.27472
vt 0.40676 0.26050
vt 0.40794 0.25627
vt 0.40866 0.25150
vt 0.40882 0.24714
vt 0.41530 0.31026
vt 0.40647 0.31013
vt 0.40651 0.27461
vt 0.38657 0.27306
vt 0.38650 0.25060
vt 0.39579 0.24701
vt 0.43147 0.30789
vt 0.38669 0.30818
vt 0.37427 0.30788
vt 0.37439 0.27277
vt 0.37468 0.24841
vt 0.36241 0.30753
vt 0.36252 0.27246
vt 0.36260 0.24617
vt 0.33538 0.30705
vt 0.33527 0.27181
vt 0.33518 0.24385
vt 0.31597 0.30742
vt 0.31598 0.27204
vt 0.31599 0.24578
vt 0.31097 0.30760
vt 0.31085 0.27215
vt 0.31087 0.24672
vt 0.30575 0.24765
vt 0.30597 0.30780
vt 0.30573 0.27226
vt 0.29190 0.30557
vt 0.29201 0.26985
vt 0.29208 0.24708
vt 0.40440 0.24522
vt 0.40748 0.24566
vt 0.40914 0.24295
vt 0.40434 0.22793
vt 0.40587 0.22922
vt 0.41153 0.22926
vt 0.41476 0.24284
vt 0.40601 0.22606
vt 0.41129 0.22593
vt 0.87197 0.57704
vt 0.90727 0.49923
vt 0.90754 0.57663
vt 0.87367 0.49811
vt 0.87381 0.57586
vt 0.90749 0.57662
vt 0.81695 0.57709
vt 0.75890 0.57774
vt 0.70289 0.57803
vt 0.63821 0.57704
vt 0.53870 0.49871
vt 0.54087 0.57629
vt 0.87122 0.57721
vt 0.46086 0.57741
vt 0.47616 0.51772
vt 0.82603 0.34729
vt 0.90673 0.00163
vt 0.90715 0.09431
vt 0.87254 0.00275
vt 0.87282 0.09496
vt 0.90713 0.18683
vt 0.90728 0.25887
vt 0.87300 0.18901
vt 0.87318 0.25969
vt 0.90729 0.37188
vt 0.90732 0.25887
vt 0.87343 0.37125
vt 0.90728 0.42181
vt 0.87354 0.42106
vt 1.07883 0.26181
vt 1.08881 0.25556
vt 1.09830 0.25256
vt 1.10882 0.25346
vt 1.12304 0.31174
vt 1.11068 0.30065
vt 1.11888 0.30801
vt 1.08991 0.28200
vt 1.08897 0.30937
vt 1.08965 0.31133
vt 1.11003 0.32342
vt 1.06954 0.32757
vt 1.09295 0.32517
vt 1.10429 0.29474
vt 1.09112 0.28376
vt 1.07559 0.28200
vt 1.08571 0.30693
vt 1.08402 0.31135
vt 1.08132 0.32007
vt 1.08377 0.34149
vt 1.09325 0.33848
vt 1.08417 0.28200
vt 1.05677 0.28200
vt 1.08348 0.30682
vt 1.08956 0.28305
vt 1.10308 0.29383
vt 1.07213 0.34149
vt 1.05677 0.34149
vt 1.08219 0.34149
vt 1.06909 0.34149
vt 1.09683 0.33527
vt 0.54039 0.00199
vt 0.53154 0.02750
vt 0.58665 0.06005
vt 0.59873 0.08909
vt 0.59597 0.10940
vt 0.46068 0.00366
vt 0.47113 0.02869
vt 0.50084 0.04917
vt 0.51363 0.04955
vt 0.53405 0.04711
vt 0.56752 0.07629
vt 0.48719 0.05053
vt 0.48068 0.07074
vt 0.50750 0.06797
vt 0.51482 0.06701
vt 0.48069 0.07078
vt 0.45985 0.07878
vt 0.45993 0.07876
vt 0.51485 0.06711
vt 0.50751 0.06793
vt 0.59878 0.08904
vt 0.56742 0.07622
vt 0.54043 0.06398
vt 0.61838 0.43125
vt 0.58226 0.46629
vt 0.53220 0.47900
vt 0.66143 0.36795
vt 0.64617 0.40039
vt 0.59846 0.40701
vt 0.55485 0.44545
vt 0.64780 0.28470
vt 0.66615 0.34324
vt 0.61244 0.36304
vt 0.62938 0.38511
vt 0.59198 0.39721
vt 0.64450 0.26572
vt 0.61207 0.28530
vt 0.60880 0.30480
vt 0.64462 0.30166
vt 0.64148 0.33275
vt 0.64203 0.24051
vt 0.61860 0.24335
vt 0.62414 0.26682
vt 0.58969 0.29321
vt 0.58427 0.30963
vt 0.61500 0.32725
vt 0.64325 0.22822
vt 0.59999 0.22467
vt 0.58989 0.24818
vt 0.59314 0.26820
vt 0.54539 0.28969
vt 0.59686 0.19804
vt 0.59956 0.20254
vt 0.56127 0.20640
vt 0.57677 0.22768
vt 0.53996 0.22842
vt 0.54684 0.24616
vt 0.58935 0.14889
vt 0.56364 0.13977
vt 0.55159 0.19615
vt 0.55616 0.20142
vt 0.57402 0.10921
vt 0.55529 0.11525
vt 0.54440 0.14267
vt 0.54343 0.13372
vt 0.54098 0.19436
vt 0.53509 0.20144
vt 0.57862 0.09484
vt 0.56186 0.09644
vt 0.54441 0.11930
vt 0.54379 0.11946
vt 0.57871 0.08696
vt 0.56208 0.08509
vt 0.54338 0.08289
vt 0.54349 0.10257
vt 0.54316 0.10258
vt 0.56349 0.07948
vt 0.54022 0.07215
vt 0.51662 0.08020
vt 0.51733 0.08176
vt 0.54274 0.08380
vt 0.54046 0.06387
vt 0.51558 0.07424
vt 0.50820 0.07536
vt 0.50476 0.08273
vt 0.50430 0.08384
vt 0.48009 0.07786
vt 0.48023 0.08436
vt 0.48075 0.08527
vt 0.50384 0.08495
vt 0.51803 0.08332
vt 0.45903 0.08121
vt 0.45796 0.08437
vt 0.46872 0.09263
vt 0.48127 0.08618
vt 0.50365 0.08535
vt 0.51838 0.08380
vt 0.45919 0.08118
vt 0.45782 0.08444
vt 0.45926 0.10684
vt 0.45951 0.10927
vt 0.47852 0.10015
vt 0.48006 0.07790
vt 0.47979 0.08481
vt 0.48054 0.08551
vt 0.46864 0.09265
vt 0.50816 0.07531
vt 0.50466 0.08267
vt 0.50423 0.08381
vt 0.50380 0.08495
vt 0.48130 0.08622
vt 0.47850 0.10013
vt 0.51537 0.07427
vt 0.51598 0.07989
vt 0.51696 0.08159
vt 0.51793 0.08329
vt 0.50362 0.08535
vt 0.48159 0.08647
vt 0.53989 0.07216
vt 0.54301 0.08275
vt 0.54257 0.08373
vt 0.54212 0.08471
vt 0.51835 0.08380
vt 0.56341 0.07951
vt 0.56210 0.08518
vt 0.56187 0.09643
vt 0.57890 0.08714
vt 0.54281 0.10259
vt 0.54391 0.15148
vt 0.54316 0.11962
vt 0.54255 0.10246
vt 0.54173 0.08521
vt 0.53316 0.20723
vt 0.66140 0.36799
vt 0.66566 0.34206
vt 0.47836 0.47946
vt 0.46179 0.48820
vt 0.48111 0.46120
vt 0.45984 0.46332
vt 0.51660 0.45581
vt 0.48209 0.42669
vt 0.46296 0.42978
vt 0.54669 0.41586
vt 0.51219 0.42147
vt 0.48268 0.41667
vt 0.46359 0.41849
vt 0.54844 0.40685
vt 0.51035 0.41361
vt 0.50969 0.40386
vt 0.48381 0.40445
vt 0.46425 0.40536
vt 0.58201 0.38649
vt 0.54416 0.39486
vt 0.53969 0.38845
vt 0.50612 0.39203
vt 0.48297 0.39464
vt 0.46540 0.39530
vt 0.61319 0.37655
vt 0.59749 0.37246
vt 0.57191 0.37975
vt 0.60993 0.36789
vt 0.60782 0.36580
vt 0.60481 0.35758
vt 0.57201 0.36615
vt 0.57348 0.37458
vt 0.53837 0.37067
vt 0.54096 0.37850
vt 0.51396 0.38282
vt 0.60611 0.35122
vt 0.57246 0.35264
vt 0.53675 0.35615
vt 0.51123 0.37062
vt 0.48541 0.38466
vt 0.48388 0.37168
vt 0.46624 0.38556
vt 0.60698 0.34301
vt 0.57401 0.34377
vt 0.53636 0.34521
vt 0.50889 0.34856
vt 0.50939 0.35870
vt 0.57817 0.32680
vt 0.53905 0.32697
vt 0.51254 0.33116
vt 0.48075 0.33618
vt 0.47874 0.35210
vt 0.48191 0.36009
vt 0.52978 0.31431
vt 0.51014 0.31860
vt 0.48202 0.32475
vt 0.45726 0.33763
vt 0.45839 0.35434
vt 0.46173 0.36086
vt 0.51611 0.28468
vt 0.50401 0.31035
vt 0.49768 0.31329
vt 0.47542 0.31886
vt 0.45673 0.31722
vt 0.45682 0.32607
vt 0.50244 0.26804
vt 0.49910 0.28462
vt 0.49653 0.30726
vt 0.46955 0.31431
vt 0.45594 0.31920
vt 0.55019 0.27059
vt 0.50848 0.25292
vt 0.49417 0.26151
vt 0.49481 0.26559
vt 0.49072 0.27375
vt 0.49207 0.28372
vt 0.52747 0.24931
vt 0.47742 0.24129
vt 0.49084 0.25292
vt 0.48004 0.25437
vt 0.48736 0.26527
vt 0.48082 0.23676
vt 0.45292 0.22604
vt 0.45088 0.23470
vt 0.46405 0.24308
vt 0.48493 0.22825
vt 0.46751 0.22167
vt 0.45371 0.21801
vt 0.48730 0.19979
vt 0.46597 0.20826
vt 0.45303 0.20582
vt 0.50266 0.20541
vt 0.50196 0.20333
vt 0.48983 0.19720
vt 0.47937 0.14459
vt 0.46106 0.13416
vt 0.51214 0.20610
vt 0.50853 0.20263
vt 0.50172 0.20222
vt 0.49267 0.19459
vt 0.47935 0.14477
vt 0.47927 0.11729
vt 0.52177 0.20246
vt 0.50839 0.20143
vt 0.50829 0.20099
vt 0.50112 0.20089
vt 0.53620 0.19609
vt 0.52057 0.20128
vt 0.52049 0.20032
vt 0.50870 0.20017
vt 0.50042 0.19969
vt 0.53869 0.14937
vt 0.54211 0.13353
vt 0.53874 0.13402
vt 0.51392 0.13301
vt 0.51192 0.18905
vt 0.52016 0.19832
vt 0.54179 0.11993
vt 0.54043 0.11999
vt 0.51560 0.11913
vt 0.48259 0.11759
vt 0.48105 0.13148
vt 0.54269 0.11973
vt 0.54207 0.10198
vt 0.54063 0.10211
vt 0.51301 0.09232
vt 0.48220 0.10086
vt 0.54024 0.08679
vt 0.54031 0.08679
vt 0.54210 0.08470
vt 0.54169 0.08519
vt 0.51987 0.08472
vt 0.51990 0.08658
vt 0.50300 0.08621
vt 0.50336 0.08811
vt 0.48283 0.08749
vt 0.48138 0.10095
vt 0.48153 0.08647
vt 0.47948 0.10088
vt 0.48070 0.11755
vt 0.47931 0.13145
vt 0.48134 0.14433
vt 0.46069 0.12923
vt 0.47932 0.13170
vt 0.47946 0.10086
vt 0.48090 0.13157
vt 0.48129 0.14421
vt 0.49533 0.19196
vt 0.48284 0.08749
vt 0.48139 0.10088
vt 0.48260 0.11758
vt 0.51393 0.13285
vt 0.51199 0.18898
vt 0.51559 0.11916
vt 0.51295 0.09220
vt 0.54034 0.12011
vt 0.54057 0.10200
vt 0.54219 0.13377
vt 0.53911 0.13377
vt 0.53876 0.14932
vt 0.64106 0.33304
vt 0.61261 0.36300
vt 0.61324 0.37669
vt 0.54701 0.41621
vt 0.57344 0.37437
vt 0.53989 0.37808
vt 0.47002 0.37144
vt 0.49057 0.30088
vt 0.48875 0.29055
vt 0.46717 0.30885
vt 0.47050 0.30526
vt 0.47890 0.30196
vt 0.48567 0.29052
vt 0.47903 0.28172
vt 0.45166 0.29405
vt 0.46540 0.28951
vt 0.46855 0.28978
vt 0.47507 0.29286
vt 0.47875 0.28420
vt 0.45244 0.28587
vt 0.46994 0.28482
vt 0.47236 0.28590
vt 0.47839 0.27863
vt 0.46701 0.27820
vt 0.47118 0.28343
vt 0.47998 0.27603
vt 0.46386 0.27425
vt 0.45424 0.27618
vt 0.45344 0.28130
vt 0.47640 0.26371
vt 0.46402 0.26896
vt 0.45342 0.27041
vt 0.46211 0.26098
vt 0.44965 0.26036
vt 0.45703 0.24965
vt 0.44820 0.25109
vt 0.44833 0.24700
vt 0.44943 0.24063
vt 0.41817 0.35664
vt 0.40751 0.35649
vt 0.43170 0.35640
vt 0.38686 0.35661
vt 0.37464 0.35680
vt 0.36227 0.35699
vt 0.33553 0.35685
vt 0.31595 0.35689
vt 0.31139 0.35697
vt 0.30682 0.35706
vt 0.29175 0.35461
vt 0.77859 0.72894
vt 0.77924 0.75098
vt 0.73822 0.74902
vt 0.73814 0.78612
vt 0.77924 0.78629
vt 0.73802 0.81808
vt 0.77924 0.81697
vt 0.73792 0.84562
vt 0.77924 0.84545
vt 0.77925 0.87442
vt 0.73804 0.87577
vt 0.77925 0.91785
vt 0.73782 0.73196
vt 0.69296 0.74720
vt 0.69890 0.78627
vt 0.70752 0.81968
vt 0.71418 0.84641
vt 0.70516 0.87788
vt 0.73809 0.91714
vt 0.69256 0.73192
vt 0.66674 0.74481
vt 0.66601 0.78865
vt 0.67632 0.81916
vt 0.68098 0.85074
vt 0.64081 0.88478
vt 0.70085 0.91742
vt 0.63942 0.73196
vt 0.63823 0.73437
vt 0.63750 0.74700
vt 0.65705 0.75892
vt 0.59617 0.75012
vt 0.61512 0.75012
vt 0.63741 0.76619
vt 0.65653 0.77782
vt 0.59385 0.73196
vt 0.52598 0.75012
vt 0.59764 0.78379
vt 0.61623 0.77611
vt 0.63842 0.78370
vt 0.64035 0.79904
vt 0.64058 0.82058
vt 0.52573 0.73198
vt 0.46092 0.75012
vt 0.52596 0.78379
vt 0.59764 0.81745
vt 0.46092 0.73196
vt 0.46092 0.78379
vt 0.52598 0.81745
vt 0.52598 0.85112
vt 0.59764 0.85112
vt 0.64081 0.85112
vt 0.46092 0.81745
vt 0.46092 0.85112
vt 0.52598 0.88478
vt 0.59764 0.88478
vt 0.62793 0.88478
vt 0.46092 0.88478
vt 0.52598 0.91845
vt 0.59764 0.91845
vt 0.63016 0.91845
vt 0.64081 0.91845
vt 0.46092 0.91845
vt 0.52598 0.95211
vt 0.59764 0.95211
vt 0.64081 0.95211
vt 0.70025 0.94574
vt 0.73809 0.94851
vt 0.46092 0.95211
vt 0.52632 0.99467
vt 0.59374 0.99467
vt 0.63965 0.99465
vt 0.70355 0.99282
vt 0.72981 0.99054
vt 0.46092 0.99458
vt 0.77159 0.98741
vt 0.77324 0.94942
vt 0.94004 0.84338
vt 0.96824 0.84338
vt 0.95085 0.82295
vt 0.96933 0.81926
vt 0.98503 0.82971
vt 0.98968 0.84338
vt 0.22955 0.03495
vt 0.22955 0.01616
vt 0.25427 0.01927
vt 0.22472 0.03474
vt 0.22956 0.05659
vt 0.25427 0.05670
vt 0.25427 0.03509
vt 0.22475 0.01113
vt 0.23853 0.03453
vt 0.22470 0.05642
vt 0.23853 0.00686
vt 0.25427 0.03448
vt 0.23853 0.05624
vt 0.25427 0.00560
vt 0.25427 0.05620
vt 0.22482 0.07063
vt 0.22956 0.07062
vt 0.23854 0.07064
vt 0.23853 0.08626
vt 0.22470 0.08636
vt 0.25446 0.07064
vt 0.25427 0.08626
vt 0.23853 0.14485
vt 0.25427 0.14522
vt 0.22475 0.14596
vt 0.22956 0.08639
vt 0.22955 0.14522
vt 0.25427 0.08643
vt 0.25427 0.07061
vt 0.78765 0.73109
vt 0.79941 0.73109
vt 0.79967 0.75177
vt 0.78744 0.75134
vt 0.78734 0.78630
vt 0.79966 0.78630
vt 0.78733 0.81668
vt 0.79943 0.81633
vt 0.78714 0.84535
vt 0.79874 0.84522
vt 0.78746 0.87409
vt 0.79841 0.87370
vt 0.78194 0.94999
vt 0.78752 0.91788
vt 0.79834 0.91793
vt 0.77939 0.98741
vt 0.78961 0.98741
vt 0.79256 0.95069
vt 0.99169 1.72723
vt 0.99515 1.72508
vt 0.99482 1.74372
vt 0.99169 1.74443
vt 0.98750 1.75661
vt 0.98973 1.75845
vt 0.97823 1.75944
vt 0.97823 1.76285
vt 0.97310 1.76227
vt 0.98904 1.74514
vt 0.98511 1.75372
vt 0.97890 1.75572
vt 0.97321 1.75604
vt 0.97332 1.75918
vt 0.98908 1.72790
vt 0.97834 1.72790
vt 0.97834 1.74514
vt 0.97321 1.74424
vt 0.97321 1.72700
vt 0.07211 0.31184
vt 0.06879 0.31115
vt 0.10515 0.30024
vt 0.07602 0.33361
vt 0.10531 0.30076
vt 0.06957 0.29194
vt 0.07149 0.29243
vt 0.07213 0.27002
vt 0.07561 0.27110
vt 0.07830 0.25705
vt 0.07298 0.33250
vt 0.08252 0.34566
vt 0.07961 0.34454
vt 0.09083 0.35409
vt 0.08813 0.35277
vt 0.10042 0.35794
vt 0.09744 0.35636
vt 0.10997 0.35704
vt 0.10646 0.35538
vt 0.11878 0.35178
vt 0.11533 0.35016
vt 0.12660 0.34246
vt 0.12315 0.34102
vt 0.13270 0.32975
vt 0.12926 0.32847
vt 0.13658 0.31470
vt 0.13310 0.31352
vt 0.13787 0.29846
vt 0.13437 0.29739
vt 0.13626 0.28242
vt 0.13297 0.28141
vt 0.13224 0.26782
vt 0.12904 0.26686
vt 0.12599 0.25581
vt 0.12296 0.25488
vt 0.11813 0.24736
vt 0.10921 0.24318
vt 0.09949 0.24375
vt 0.08999 0.24891
vt 0.08183 0.25830
vt 0.11530 0.24627
vt 0.10628 0.24149
vt 0.09614 0.24174
vt 0.08648 0.24740
vt 0.10541 0.30059
vt 0.06931 0.31104
vt 0.07166 0.31204
vt 0.07618 0.33371
vt 0.07273 0.33243
vt 0.08271 0.34564
vt 0.07930 0.34459
vt 0.09104 0.35392
vt 0.08769 0.35298
vt 0.10037 0.35778
vt 0.09742 0.35662
vt 0.10971 0.35697
vt 0.10720 0.35535
vt 0.11857 0.35180
vt 0.11570 0.35002
vt 0.06833 0.29165
vt 0.07228 0.29269
vt 0.07556 0.27121
vt 0.08172 0.25836
vt 0.08981 0.24882
vt 0.10923 0.24295
vt 0.11827 0.24735
vt 0.12615 0.25587
vt 0.13234 0.26792
vt 0.13633 0.28253
vt 0.13789 0.29857
vt 0.13657 0.31482
vt 0.13264 0.32986
vt 0.12648 0.34256
vt 0.07210 0.26989
vt 0.07840 0.25697
vt 0.08674 0.24749
vt 0.09658 0.24239
vt 0.09940 0.24334
vt 0.10622 0.24193
vt 0.11498 0.24621
vt 0.12273 0.25475
vt 0.12889 0.26673
vt 0.13288 0.28128
vt 0.13432 0.29726
vt 0.13309 0.31338
vt 0.12930 0.32832
vt 0.12330 0.34085
vt 0.57236 0.23960
vt 0.64045 0.27348
vt 0.64039 0.24836
vt 0.57255 0.29890
vt 0.64166 0.30056
vt 0.56988 0.27164
vt 0.47313 0.23650
vt 0.46727 0.18979
vt 0.57083 0.33428
vt 0.64072 0.33165
vt 0.47828 0.31955
vt 0.47877 0.27752
vt 0.57323 0.37337
vt 0.64053 0.37728
vt 0.47724 0.36778
vt 0.42836 0.33839
vt 0.42680 0.31662
vt 0.42739 0.29542
vt 0.63334 0.40011
vt 0.57075 0.39865
vt 0.62501 0.43840
vt 0.56843 0.44317
vt 0.47617 0.39646
vt 0.62342 0.48439
vt 0.56492 0.48525
vt 0.47432 0.45111
vt 0.43181 0.42754
vt 0.42862 0.40158
vt 0.42880 0.38879
vt 0.56994 0.55390
vt 0.62688 0.56085
vt 0.47506 0.54232
vt 0.47306 0.48661
vt 0.41190 0.48624
vt 0.40935 0.44596
vt 0.57581 0.61760
vt 0.63278 0.61279
vt 0.48728 0.64405
vt 0.41397 0.66583
vt 0.40539 0.53865
vt 0.63808 0.65944
vt 0.58107 0.67478
vt 0.49380 0.69826
vt 0.64761 0.71156
vt 0.58736 0.73407
vt 0.53675 0.75235
vt 0.46889 0.81488
vt 0.41553 0.71016
vt 0.65732 0.76467
vt 0.61224 0.79850
vt 0.55788 0.83931
vt 0.50512 0.82482
vt 0.41320 0.78593
vt 0.37491 0.83469
vt 0.37340 0.83091
vt 0.35996 0.78899
vt 0.35356 0.76429
vt 0.34247 0.72921
vt 0.34202 0.71328
vt 0.35199 0.82809
vt 0.34364 0.79171
vt 0.33688 0.76858
vt 0.32679 0.73450
vt 0.31587 0.72392
vt 0.31574 0.71909
vt 0.26127 0.86787
vt 0.25438 0.82025
vt 0.24548 0.79018
vt 0.23421 0.75134
vt 0.23423 0.73947
vt 0.24597 0.87189
vt 0.23520 0.82428
vt 0.22595 0.79491
vt 0.21503 0.75537
vt 0.20944 0.74161
vt 0.14718 0.75173
vt 0.15320 0.77066
vt 0.07276 0.75843
vt 0.18205 0.88478
vt 0.17224 0.83792
vt 0.16356 0.80727
vt 0.11206 0.89289
vt 0.11323 0.85122
vt 0.10412 0.81895
vt 0.09280 0.78398
vt 0.03635 0.79076
vt 0.07355 0.80560
vt 0.07510 0.82793
vt 0.04093 0.83514
vt 0.08576 0.84408
vt 0.06690 0.87624
vt 0.41774 0.14299
vt 0.41517 0.18076
vt 0.36364 0.17184
vt 0.36403 0.14886
vt 0.39115 0.14112
vt 0.43887 0.20606
vt 0.41273 0.19812
vt 0.38922 0.19246
vt 0.34361 0.20134
vt 0.22892 0.14347
vt 0.24076 0.13894
vt 0.43637 0.22764
vt 0.40949 0.22117
vt 0.38100 0.21259
vt 0.37464 0.23014
vt 0.31878 0.23152
vt 0.22288 0.17774
vt 0.43498 0.24451
vt 0.40712 0.23798
vt 0.40456 0.25618
vt 0.32147 0.26308
vt 0.30575 0.25835
vt 0.21336 0.20858
vt 0.16155 0.16479
vt 0.40483 0.27073
vt 0.32284 0.27908
vt 0.40496 0.27826
vt 0.36955 0.29332
vt 0.32267 0.31132
vt 0.20224 0.30514
vt 0.20135 0.26768
vt 0.21315 0.25113
vt 0.30493 0.26706
vt 0.40514 0.29380
vt 0.36840 0.31358
vt 0.36957 0.33549
vt 0.32116 0.34203
vt 0.19942 0.34024
vt 0.12730 0.30129
vt 0.40538 0.31541
vt 0.40612 0.33765
vt 0.40674 0.35615
vt 0.32456 0.35661
vt 0.31106 0.35117
vt 0.40692 0.36264
vt 0.33116 0.38491
vt 0.31265 0.36503
vt 0.24323 0.37470
vt 0.23902 0.40020
vt 0.22695 0.37737
vt 0.40729 0.37598
vt 0.38314 0.39327
vt 0.34847 0.41443
vt 0.24608 0.42791
vt 0.17471 0.43893
vt 0.16705 0.41106
vt 0.16133 0.38908
vt 0.40732 0.38940
vt 0.38465 0.40794
vt 0.38959 0.42874
vt 0.36120 0.44214
vt 0.25139 0.46409
vt 0.40735 0.40387
vt 0.40846 0.42732
vt 0.36569 0.48595
vt 0.36375 0.53646
vt 0.34865 0.53429
vt 0.27293 0.48067
vt 0.25086 0.47859
vt 0.17933 0.47354
vt 0.35617 0.57674
vt 0.34081 0.57284
vt 0.25633 0.56704
vt 0.26102 0.53078
vt 0.24084 0.52647
vt 0.17886 0.48556
vt 0.34246 0.63078
vt 0.32965 0.62061
vt 0.25143 0.60322
vt 0.23125 0.59890
vt 0.23580 0.56226
vt 0.17338 0.51759
vt 0.34067 0.64211
vt 0.29923 0.62179
vt 0.24828 0.61111
vt 0.23186 0.60835
vt 0.16559 0.59676
vt 0.16386 0.58580
vt 0.34233 0.67616
vt 0.33053 0.67663
vt 0.32739 0.64089
vt 0.29969 0.63434
vt 0.33264 0.70460
vt 0.22412 0.68047
vt 0.22077 0.63815
vt 0.22138 0.61435
vt 0.22480 0.73453
vt 0.22696 0.71488
vt 0.20474 0.71505
vt 0.19767 0.68147
vt 0.19856 0.63832
vt 0.20348 0.61532
vt 0.12483 0.61517
vt 0.20690 0.73551
vt 0.13575 0.74691
vt 0.13002 0.71711
vt 0.12653 0.68349
vt 0.12243 0.64278
vt 0.05099 0.62504
vt 0.05622 0.64516
vt 0.02218 0.65245
vt 0.07432 0.75343
vt 0.06233 0.72003
vt 0.06008 0.68544
vt 0.03367 0.70449
vt 0.02973 0.68682
vt 0.03514 0.65953
vt 0.00670 0.68817
vt 0.02309 0.72343
vt 0.09650 0.58539
vt 0.10238 0.57496
vt 0.16896 0.55057
vt 0.11190 0.50744
vt 0.11724 0.49163
vt 0.08029 0.55368
vt 0.10850 0.53973
vt 0.08526 0.51292
vt 0.08369 0.49090
vt 0.09012 0.47045
vt 0.11695 0.48246
vt 0.06865 0.56232
vt 0.05157 0.52437
vt 0.08051 0.53059
vt 0.05248 0.45957
vt 0.08677 0.45175
vt 0.11364 0.44815
vt 0.10420 0.42012
vt 0.09280 0.39963
vt 0.08439 0.43718
vt 0.06618 0.42255
vt 0.21514 0.36700
vt 0.19718 0.36593
vt 0.12276 0.33534
vt 0.05484 0.29752
vt 0.12620 0.26431
vt 0.19519 0.25006
vt 0.11902 0.36536
vt 0.04992 0.33109
vt 0.02480 0.31398
vt 0.02021 0.29646
vt 0.02698 0.27646
vt 0.05188 0.26029
vt 0.12382 0.24739
vt 0.04915 0.34982
vt 0.01489 0.33216
vt 0.00268 0.29553
vt 0.01201 0.26118
vt 0.04603 0.24356
vt 0.22283 0.23773
vt 0.20731 0.23363
vt 0.15143 0.19478
vt 0.09484 0.15056
vt 0.16614 0.13085
vt 0.22524 0.13484
vt 0.14242 0.21775
vt 0.08314 0.17981
vt 0.06422 0.16201
vt 0.06115 0.14021
vt 0.07363 0.12855
vt 0.09904 0.11629
vt 0.16452 0.12202
vt 0.07750 0.20335
vt 0.04290 0.17998
vt 0.04150 0.14014
vt 0.06285 0.11628
vt 0.09606 0.10697
vt 0.58727 0.20601
vt 0.66324 0.17250
vt 0.61221 0.15758
vt 0.52251 0.13156
vt 0.56283 0.09621
vt 0.48710 0.07011
vt 0.51485 0.06415
vt 0.50480 0.14946
vt 0.45478 0.11544
vt 0.46030 0.07507
vt 0.46300 0.05193
vt 0.48753 0.03484
vt 0.61368 0.87914
vt 0.64593 0.83876
vt 0.56210 0.86652
vt 0.50328 0.86601
vt 0.47135 0.85066
vt 0.56290 0.88332
vt 0.52580 0.91182
vt 0.51264 0.89229
vt 0.48040 0.87720
vt 0.45149 0.86978
vt 0.44831 0.84030
vt 0.48321 0.90667
vt 0.44388 0.90170
vt 0.42523 0.89197
vt 0.42297 0.86158
vt 0.36855 0.84371
vt 0.48964 0.92805
vt 0.44158 0.93178
vt 0.41323 0.92752
vt 0.40313 0.92186
vt 0.40955 0.88352
vt 0.36474 0.88109
vt 0.35067 0.85451
vt 0.44098 0.95186
vt 0.41463 0.95947
vt 0.38074 0.94389
vt 0.39219 0.91667
vt 0.35425 0.92663
vt 0.39641 0.12473
vt 0.43108 0.08268
vt 0.43138 0.05853
vt 0.39193 0.11862
vt 0.38892 0.11084
vt 0.40121 0.06542
vt 0.37695 0.03856
vt 0.38828 0.02435
vt 0.38837 0.00339
vt 0.36115 0.05370
vt 0.34825 0.04296
vt 0.35894 0.03637
vt 0.36630 0.02592
vt 0.34538 0.00496
vt 0.36536 0.10669
vt 0.32204 0.05482
vt 0.33146 0.03164
vt 0.97139 0.19051
vt 0.97796 0.03587
vt 0.92156 0.03278
vt 0.92879 0.12296
vt 0.87728 0.02374
vt 0.88120 0.09770
vt 0.82442 0.02326
vt 0.82847 0.10174
vt 0.73962 0.03328
vt 0.73969 0.13024
vt 0.93221 0.18117
vt 0.89035 0.18068
vt 0.81879 0.17716
vt 0.73959 0.17323
vt 0.73946 0.22854
vt 0.80785 0.26040
vt 0.73932 0.30014
vt 0.93655 0.25516
vt 0.89827 0.26096
vt 0.97469 0.34061
vt 0.93456 0.38961
vt 0.89904 0.33916
vt 0.80853 0.33417
vt 0.73932 0.36317
vt 0.80919 0.40535
vt 0.79871 0.47947
vt 0.73941 0.46854
vt 0.97707 0.48021
vt 0.93311 0.48366
vt 0.89976 0.41150
vt 0.97037 0.64854
vt 0.92449 0.58129
vt 0.88927 0.47646
vt 0.88225 0.55240
vt 0.79168 0.55857
vt 0.73941 0.56669
vt 0.79074 0.62478
vt 0.73942 0.63470
vt 0.92317 0.69483
vt 0.88122 0.62897
vt 0.96945 0.84042
vt 0.92569 0.83224
vt 0.88250 0.73903
vt 0.88047 0.68485
vt 0.78987 0.68607
vt 0.92369 0.90270
vt 0.88011 0.86227
vt 0.88538 0.81607
vt 0.79460 0.81238
vt 0.79181 0.73800
vt 0.97758 0.96945
vt 0.93355 0.97040
vt 0.87155 0.91436
vt 0.79017 0.85550
vt 0.87540 0.97659
vt 0.78423 0.91087
vt 0.73944 0.90386
vt 0.73939 0.83614
vt 0.73938 0.79024
vt 0.73941 0.73684
vt 0.73943 0.69598
vt 0.78541 0.97283
vt 0.73955 0.95967
vt 0.70134 0.23490
vt 0.71339 0.20761
vt 0.69985 0.25755
vt 0.70130 0.29577
vt 0.70027 0.32203
vt 0.70130 0.35624
vt 0.69922 0.38428
vt 0.70123 0.40479
vt 0.70115 0.48028
vt 0.70101 0.57961
vt 0.70112 0.60706
vt 0.70125 0.64239
vt 0.70126 0.65954
vt 0.70127 0.67464
vt 0.70129 0.70176
# 1550 texture vertices

usemtl Texture_001
f 12/3 13/2 11/1
f 14/4 11/1 13/2
f 13/2 15/5 14/4
f 16/6 14/4 15/5
f 15/5 17/7 16/6
f 16/6 17/7 18/8
f 18/8 19/9 16/6
f 20/10 13/2 12/3
f 13/2 20/10 21/11
f 21/11 15/5 13/2
f 17/7 15/5 21/11
f 21/11 22/12 17/7
f 18/8 17/7 22/12
f 22/12 23/13 18/8
f 24/14 18/8 23/13
f 19/9 18/8 24/14
f 24/14 25/15 19/9
f 26/16 25/15 24/14
f 12/3 27/17 20/10
f 22/12 28/18 23/13
f 27/21 32/20 29/19
f 29/19 32/20 33/22
f 33/22 30/23 29/19
f 30/23 33/22 34/24
f 34/24 31/25 30/23
f 35/26 31/25 34/24
f 32/20 27/21 12/27
f 12/27 36/28 32/20
f 32/20 36/28 37/29
f 37/29 33/22 32/20
f 34/24 33/22 37/29
f 37/29 38/30 34/24
f 34/24 38/30 24/14
f 24/14 39/31 34/24
f 34/24 39/31 35/26
f 26/16 38/30 37/29
f 24/14 38/30 26/16
f 23/13 39/31 24/14
f 39/31 23/13 28/18
f 28/18 35/26 39/31
f 40/3 41/32 42/1
f 42/1 43/2 40/3
f 40/3 43/2 44/10
f 44/10 45/17 40/3
f 43/2 42/1 46/4
f 46/4 47/5 43/2
f 43/2 47/5 48/11
f 48/11 44/10 43/2
f 47/5 46/4 49/6
f 49/6 50/7 47/5
f 48/11 47/5 50/7
f 50/7 51/12 48/11
f 52/8 50/7 49/6
f 51/12 50/7 52/8
f 52/8 53/13 51/12
f 53/13 54/18 51/12
f 49/6 55/9 52/8
f 56/14 52/8 55/9
f 53/13 52/8 56/14
f 56/14 57/31 53/13
f 54/18 53/13 57/31
f 57/31 58/26 54/18
f 55/9 59/15 56/14
f 56/14 59/15 60/16
f 60/16 61/30 56/14
f 56/14 61/30 62/24
f 62/24 57/31 56/14
f 58/26 57/31 62/24
f 62/24 63/25 58/26
f 64/29 61/30 60/16
f 62/24 61/30 64/29
f 64/29 65/22 62/24
f 62/24 65/22 66/23
f 66/23 63/25 62/24
f 60/16 67/33 64/29
f 68/28 64/29 67/33
f 64/29 68/28 69/20
f 69/20 65/22 64/29
f 65/22 69/20 70/19
f 70/19 66/23 65/22
f 67/33 71/34 68/28
f 40/27 68/28 71/34
f 69/20 68/28 40/27
f 40/27 45/21 69/20
f 45/21 70/19 69/20
f 71/34 41/35 40/27
f 14/38 16/37 72/36
f 73/39 72/36 16/37
f 72/36 73/39 74/40
f 74/40 75/41 72/36
f 76/42 72/36 75/41
f 72/36 76/42 14/38
f 11/43 14/38 76/42
f 16/37 19/44 73/39
f 73/39 19/44 25/45
f 25/45 77/46 73/39
f 74/40 73/39 77/46
f 77/46 78/47 74/40
f 74/40 78/47 79/48
f 79/48 80/49 74/40
f 74/40 80/49 81/50
f 81/50 75/41 74/40
f 82/51 77/46 25/45
f 78/47 77/46 82/51
f 82/51 83/52 78/47
f 84/53 78/47 83/52
f 78/47 84/53 79/48
f 79/48 84/53 85/54
f 85/54 86/55 79/48
f 86/55 87/56 79/48
f 80/49 79/48 87/56
f 25/45 26/57 82/51
f 83/52 82/51 88/58
f 88/58 89/59 83/52
f 90/60 83/52 89/59
f 83/52 90/60 84/53
f 85/54 84/53 90/60
f 91/61 85/54 90/60
f 85/54 91/61 10/62
f 10/62 2/63 85/54
f 86/55 85/54 2/63
f 89/59 92/64 90/60
f 92/64 91/61 90/60
f 91/61 92/64 93/65
f 76/42 94/66 11/43
f 94/66 76/42 98/67
f 98/67 95/68 94/66
f 95/68 98/67 99/69
f 99/69 96/70 95/68
f 96/70 99/69 100/71
f 100/71 97/72 96/70
f 75/41 98/67 76/42
f 98/67 75/41 101/73
f 99/69 98/67 101/73
f 101/73 100/71 99/69
f 100/71 101/73 81/50
f 81/50 102/74 100/71
f 100/71 102/74 103/75
f 103/75 104/76 100/71
f 100/71 104/76 105/77
f 105/77 97/72 100/71
f 101/73 75/41 81/50
f 2/63 1/78 86/55
f 106/79 86/55 1/78
f 107/80 86/55 106/79
f 87/56 86/55 107/80
f 107/80 108/81 87/56
f 87/56 108/81 109/82
f 109/82 110/83 87/56
f 87/56 110/83 80/49
f 1/78 3/84 106/79
f 111/79 4/84 5/78
f 5/78 112/55 111/79
f 113/80 111/79 112/55
f 112/55 5/78 6/63
f 6/63 114/54 112/55
f 115/48 112/55 114/54
f 112/55 115/48 116/56
f 113/80 112/55 116/56
f 116/56 117/81 113/80
f 114/54 6/63 7/62
f 7/62 118/61 114/54
f 118/61 119/60 114/54
f 119/60 120/53 114/54
f 114/54 120/53 115/48
f 120/53 121/47 115/48
f 115/48 121/47 122/40
f 122/40 123/49 115/48
f 116/56 115/48 123/49
f 118/61 7/62 8/85
f 8/85 124/86 118/61
f 118/61 124/86 125/65
f 125/65 126/64 118/61
f 118/61 126/64 119/60
f 119/60 126/64 127/59
f 127/59 128/52 119/60
f 120/53 119/60 128/52
f 128/52 121/47 120/53
f 124/86 129/87 125/65
f 125/65 129/87 130/88
f 130/88 131/89 125/65
f 126/64 125/65 131/89
f 131/89 127/59 126/64
f 127/59 131/89 132/90
f 133/58 127/59 132/90
f 128/52 127/59 133/58
f 131/89 135/92 136/91
f 136/91 132/90 131/89
f 91/61 137/86 9/85
f 137/86 91/61 93/65
f 9/85 10/62 91/61
f 139/72 134/94 138/93
f 135/92 134/94 139/72
f 140/95 105/77 104/76
f 104/76 141/96 140/95
f 142/97 141/96 104/76
f 104/76 103/75 142/97
f 143/98 142/97 103/75
f 103/75 144/99 143/98
f 145/100 144/99 103/75
f 103/75 102/74 145/100
f 145/100 102/74 146/101
f 146/101 147/102 145/100
f 81/50 146/101 102/74
f 146/101 81/50 80/49
f 80/49 110/83 146/101
f 147/102 146/101 110/83
f 110/83 148/103 147/102
f 148/103 110/83 109/82
f 117/81 116/56 149/82
f 149/82 116/56 150/83
f 151/103 149/82 150/83
f 123/49 150/83 116/56
f 152/101 150/83 123/49
f 150/83 152/101 153/102
f 153/102 151/103 150/83
f 123/49 154/104 152/101
f 152/101 154/104 155/74
f 153/102 152/101 155/74
f 155/74 156/100 153/102
f 154/104 123/49 122/40
f 122/40 157/41 154/104
f 158/73 154/104 157/41
f 154/104 158/73 159/71
f 159/71 155/74 154/104
f 160/75 155/74 159/71
f 156/100 155/74 160/75
f 161/36 157/41 122/40
f 157/41 161/36 162/42
f 162/42 163/67 157/41
f 158/73 157/41 163/67
f 163/67 164/69 158/73
f 158/73 164/69 159/71
f 122/40 165/39 161/36
f 49/37 161/36 165/39
f 161/36 49/37 46/38
f 46/38 162/42 161/36
f 162/42 46/38 42/43
f 42/43 166/66 162/42
f 163/67 162/42 166/66
f 166/66 167/68 163/67
f 164/69 163/67 167/68
f 168/46 165/39 122/40
f 165/39 168/46 59/45
f 59/45 55/44 165/39
f 165/39 55/44 49/37
f 122/40 121/47 168/46
f 169/51 168/46 121/47
f 59/45 168/46 169/51
f 169/51 60/57 59/45
f 67/105 60/57 169/51
f 169/51 133/58 67/105
f 71/106 67/105 133/58
f 133/58 170/107 71/106
f 41/108 71/106 170/107
f 121/47 128/52 169/51
f 133/58 169/51 128/52
f 132/90 170/107 133/58
f 171/109 170/107 132/90
f 170/107 171/109 41/108
f 42/43 41/108 171/109
f 171/109 166/66 42/43
f 166/66 171/109 136/91
f 136/91 167/68 166/66
f 172/70 167/68 136/91
f 167/68 172/70 164/69
f 132/90 136/91 171/109
f 159/71 164/69 172/70
f 172/70 139/72 159/71
f 159/71 139/72 173/77
f 173/77 174/76 159/71
f 159/71 174/76 160/75
f 172/70 175/110 139/72
f 139/72 175/110 135/92
f 135/92 175/110 136/91
f 136/91 175/110 172/70
f 138/93 173/77 139/72
f 173/77 138/93 176/111
f 176/111 177/95 173/77
f 174/76 173/77 177/95
f 177/95 178/96 174/76
f 174/76 178/96 179/97
f 179/97 160/75 174/76
f 160/75 179/97 180/98
f 180/98 181/99 160/75
f 160/75 181/99 156/100
f 186/114 182/113 185/112
f 182/113 186/114 187/115
f 187/115 183/116 182/113
f 183/116 187/115 188/117
f 188/117 184/118 183/116
f 190/120 185/112 189/119
f 185/112 190/120 186/114
f 191/121 186/114 190/120
f 186/114 191/121 192/122
f 192/122 187/115 186/114
f 194/124 189/119 193/123
f 189/119 194/124 190/120
f 195/125 190/120 194/124
f 190/120 195/125 191/121
f 197/127 193/123 196/126
f 193/123 197/127 194/124
f 198/128 194/124 197/127
f 194/124 198/128 195/125
f 199/129 184/118 188/117
f 188/117 204/115 199/129
f 200/130 199/129 204/115
f 204/115 205/114 200/130
f 201/112 200/130 205/114
f 205/114 206/120 201/112
f 202/119 201/112 206/120
f 206/120 207/124 202/119
f 203/123 202/119 207/124
f 207/124 208/127 203/123
f 209/126 203/123 208/127
f 204/115 188/117 210/131
f 210/131 211/122 204/115
f 205/114 204/115 211/122
f 211/122 212/121 205/114
f 206/120 205/114 212/121
f 212/121 213/125 206/120
f 207/124 206/120 213/125
f 213/125 214/128 207/124
f 208/127 207/124 214/128
f 210/131 188/117 187/115
f 187/115 192/122 210/131
f 214/128 215/132 208/127
f 216/133 208/127 215/132
f 208/127 216/133 209/126
f 209/126 216/133 217/134
f 217/134 218/135 209/126
f 215/132 219/136 216/133
f 217/134 216/133 219/136
f 219/136 220/137 217/134
f 221/138 217/134 220/137
f 218/135 217/134 221/138
f 221/138 222/139 218/135
f 220/137 223/140 221/138
f 221/138 223/140 224/137
f 224/137 225/134 221/138
f 221/138 225/134 226/135
f 226/135 222/139 221/138
f 225/134 224/137 227/136
f 227/136 228/133 225/134
f 225/134 228/133 196/126
f 196/126 226/135 225/134
f 228/133 227/136 229/132
f 229/132 197/127 228/133
f 196/126 228/133 197/127
f 197/127 229/132 198/128
f 210/143 192/142 230/141
f 192/142 191/144 230/141
f 191/144 195/145 230/141
f 195/145 198/146 230/141
f 230/141 198/146 229/147
f 229/147 227/148 230/141
f 230/141 227/148 224/149
f 224/149 223/150 230/141
f 220/149 230/141 223/150
f 219/148 230/141 220/149
f 215/147 230/141 219/148
f 214/146 230/141 215/147
f 213/145 230/141 214/146
f 212/144 230/141 213/145
f 211/142 230/141 212/144
f 210/143 230/141 211/142
f 231/153 232/152 233/151
f 233/151 234/154 231/153
f 231/153 234/154 235/155
f 235/155 236/156 231/153
f 237/157 236/156 235/155
f 236/156 237/157 238/158
f 238/158 239/159 236/156
f 234/154 233/151 240/160
f 240/160 241/161 234/154
f 234/154 241/161 242/162
f 242/162 235/155 234/154
f 243/163 235/155 242/162
f 235/155 243/163 237/157
f 237/157 243/163 1/164
f 1/164 2/165 237/157
f 241/161 240/160 244/166
f 244/166 245/167 241/161
f 241/161 245/167 246/159
f 246/159 242/162 241/161
f 247/168 242/162 246/159
f 242/162 247/168 243/163
f 243/163 247/168 3/169
f 3/169 1/164 243/163
f 245/167 244/166 248/170
f 248/170 249/171 245/167
f 245/167 249/171 250/172
f 250/172 246/159 245/167
f 251/173 246/159 250/172
f 246/159 251/173 247/168
f 247/168 251/173 252/174
f 252/174 3/169 247/168
f 253/167 249/171 248/170
f 250/172 249/171 253/167
f 253/167 254/159 250/172
f 250/172 254/159 255/173
f 255/173 256/175 250/172
f 250/172 256/175 251/173
f 251/173 256/175 257/176
f 257/176 252/174 251/173
f 248/170 258/166 253/167
f 259/161 253/167 258/166
f 254/159 253/167 259/161
f 259/161 260/162 254/159
f 254/159 260/162 261/168
f 261/168 255/173 254/159
f 262/174 255/173 261/168
f 255/173 262/174 257/176
f 257/176 256/175 255/173
f 258/166 263/160 259/161
f 264/154 259/161 263/160
f 260/162 259/161 264/154
f 264/154 265/155 260/162
f 260/162 265/155 266/163
f 266/163 261/168 260/162
f 4/169 261/168 266/163
f 261/168 4/169 262/174
f 263/160 267/151 264/154
f 268/153 264/154 267/151
f 265/155 264/154 268/153
f 268/153 269/156 265/155
f 265/155 269/156 270/157
f 270/157 266/163 265/155
f 5/164 266/163 270/157
f 266/163 5/164 4/169
f 267/151 271/152 268/153
f 270/157 6/165 5/164
f 272/158 270/157 269/156
f 269/156 273/159 272/158
f 274/177 272/158 273/159
f 7/178 272/158 274/177
f 272/158 7/178 6/179
f 6/179 270/180 272/158
f 273/159 275/162 274/177
f 276/181 274/177 275/162
f 8/182 274/177 276/181
f 274/177 8/182 7/178
f 275/162 273/159 277/167
f 277/167 278/161 275/162
f 279/155 275/162 278/161
f 275/162 279/155 276/181
f 280/183 276/181 279/155
f 281/184 276/181 280/183
f 276/181 281/184 8/182
f 268/171 277/167 273/159
f 277/167 268/171 271/170
f 271/170 282/166 277/167
f 278/161 277/167 282/166
f 282/166 283/160 278/161
f 284/154 278/161 283/160
f 283/160 278/161 284/154
f 284/154 278/161 283/160
f 278/161 284/154 279/155
f 285/156 279/155 284/154
f 279/155 285/156 280/183
f 273/159 269/172 268/171
f 283/160 286/151 284/154
f 287/153 284/154 286/151
f 284/154 287/153 285/156
f 285/156 287/153 288/154
f 288/154 289/155 285/156
f 280/183 285/156 289/155
f 286/151 290/152 287/153
f 287/153 290/152 291/151
f 291/151 288/154 287/153
f 288/154 291/151 292/160
f 292/160 293/161 288/154
f 289/155 288/154 293/161
f 293/161 294/162 289/155
f 295/181 289/155 294/162
f 289/155 295/181 280/183
f 280/183 295/181 296/184
f 296/184 297/185 280/183
f 280/183 297/185 281/184
f 293/161 292/160 298/166
f 298/166 299/167 293/161
f 294/162 293/161 299/167
f 299/167 239/159 294/162
f 300/177 294/162 239/159
f 294/162 300/177 295/181
f 295/181 300/177 9/182
f 9/182 296/184 295/181
f 299/167 298/166 232/170
f 232/170 231/171 299/167
f 239/159 299/167 231/171
f 231/171 236/172 239/159
f 10/178 9/182 300/177
f 300/177 238/158 10/178
f 2/179 10/178 238/158
f 238/158 237/180 2/179
f 239/159 238/158 300/177
f 301/188 302/187 303/186
f 302/187 301/188 304/189
f 304/189 305/190 302/187
f 305/190 304/189 306/191
f 306/191 307/192 305/190
f 307/192 306/191 308/193
f 308/193 309/194 307/192
f 303/186 310/195 301/188
f 301/188 310/195 311/196
f 311/196 312/197 301/188
f 304/189 301/188 312/197
f 312/197 313/198 304/189
f 306/191 304/189 313/198
f 313/198 314/199 306/191
f 308/193 306/191 314/199
f 310/195 303/186 315/200
f 315/200 316/201 310/195
f 310/195 316/201 317/202
f 317/202 311/196 310/195
f 318/203 311/196 317/202
f 311/196 318/203 319/204
f 319/204 312/197 311/196
f 312/197 319/204 320/205
f 320/205 313/198 312/197
f 313/198 320/205 321/206
f 321/206 314/199 313/198
f 322/195 316/201 315/200
f 317/202 316/201 322/195
f 322/195 323/196 317/202
f 317/202 323/196 324/203
f 324/203 325/207 317/202
f 317/202 325/207 318/203
f 244/208 318/203 325/207
f 318/203 244/208 240/209
f 240/209 319/204 318/203
f 315/200 326/186 322/195
f 327/188 322/195 326/186
f 323/196 322/195 327/188
f 327/188 328/197 323/196
f 323/196 328/197 329/204
f 329/204 324/203 323/196
f 324/203 329/204 263/209
f 263/209 258/208 324/203
f 325/207 324/203 258/208
f 258/208 248/210 325/207
f 325/207 248/210 244/208
f 326/186 330/187 327/188
f 331/189 327/188 330/187
f 328/197 327/188 331/189
f 331/189 332/198 328/197
f 328/197 332/198 333/205
f 333/205 329/204 328/197
f 329/204 333/205 267/211
f 267/211 263/209 329/204
f 330/187 334/190 331/189
f 335/191 331/189 334/190
f 332/198 331/189 335/191
f 335/191 336/199 332/198
f 332/198 336/199 337/206
f 337/206 333/205 332/198
f 267/211 333/205 337/206
f 337/206 271/212 267/211
f 271/212 337/206 338/213
f 338/213 282/214 271/212
f 334/190 339/192 335/191
f 340/193 335/191 339/192
f 336/199 335/191 340/193
f 340/193 341/215 336/199
f 336/199 341/215 338/213
f 338/213 337/206 336/199
f 339/192 342/194 340/193
f 343/216 340/193 342/194
f 341/215 340/193 343/216
f 343/216 344/217 341/215
f 341/215 344/217 345/218
f 345/218 338/213 341/215
f 282/214 338/213 345/218
f 345/218 283/219 282/214
f 283/219 345/218 346/220
f 346/220 286/221 283/219
f 290/222 286/221 346/220
f 342/194 347/223 343/216
f 348/224 343/216 347/223
f 344/217 343/216 348/224
f 348/224 349/225 344/217
f 344/217 349/225 346/220
f 346/220 345/218 344/217
f 347/223 350/226 348/224
f 351/201 348/224 350/226
f 349/225 348/224 351/201
f 351/201 352/227 349/225
f 349/225 352/227 353/228
f 353/228 346/220 349/225
f 346/220 353/228 290/222
f 290/222 353/228 354/220
f 354/220 291/221 290/222
f 292/219 291/221 354/220
f 350/226 355/200 351/201
f 351/201 355/200 356/226
f 356/226 357/224 351/201
f 351/201 357/224 358/225
f 358/225 352/227 351/201
f 353/228 352/227 358/225
f 358/225 354/220 353/228
f 354/220 358/225 359/217
f 359/217 360/218 354/220
f 354/220 360/218 292/219
f 298/214 292/219 360/218
f 360/218 361/213 298/214
f 232/212 298/214 361/213
f 357/224 356/226 362/223
f 357/224 363/216 359/217
f 359/217 358/225 357/224
f 362/223 363/216 357/224
f 363/216 362/223 309/194
f 309/194 308/193 363/216
f 363/216 308/193 364/215
f 364/215 359/217 363/216
f 360/218 359/217 364/215
f 364/215 361/213 360/218
f 361/213 364/215 314/199
f 314/199 321/206 361/213
f 361/213 321/206 232/212
f 233/211 232/212 321/206
f 321/206 320/205 233/211
f 233/211 320/205 319/204
f 319/204 240/209 233/211
f 314/199 364/215 308/193
f 369/231 366/230 365/229
f 366/230 369/231 370/232
f 370/232 367/233 366/230
f 367/233 370/232 371/234
f 371/234 368/235 367/233
f 368/235 371/234 372/236
f 372/236 373/237 368/235
f 365/229 374/238 369/231
f 369/231 374/238 375/239
f 375/239 376/240 369/231
f 369/231 376/240 377/241
f 377/241 370/232 369/231
f 370/232 377/241 378/242
f 378/242 371/234 370/232
f 371/234 378/242 379/243
f 379/243 372/236 371/234
f 375/239 374/238 380/244
f 380/244 381/245 375/239
f 382/246 375/239 381/245
f 376/240 375/239 382/246
f 382/246 383/247 376/240
f 376/240 383/247 384/248
f 384/248 377/241 376/240
f 377/241 384/248 385/249
f 385/249 378/242 377/241
f 386/250 380/244 374/238
f 380/244 386/250 387/251
f 387/251 388/252 380/244
f 380/244 388/252 389/253
f 389/253 381/245 380/244
f 381/245 389/253 390/254
f 390/254 391/255 381/245
f 381/245 391/255 382/246
f 374/238 365/256 386/250
f 388/252 387/251 392/257
f 392/257 393/258 388/252
f 388/252 393/258 394/259
f 394/259 389/253 388/252
f 390/254 389/253 394/259
f 394/259 395/260 390/254
f 396/261 390/254 395/260
f 395/260 397/262 396/261
f 385/249 396/261 397/262
f 393/258 392/257 398/263
f 398/263 399/264 393/258
f 394/259 393/258 399/264
f 399/264 400/265 394/259
f 395/260 394/259 400/265
f 400/265 401/266 395/260
f 397/262 395/260 401/266
f 401/266 402/267 397/262
f 403/268 397/262 402/267
f 397/262 403/268 385/249
f 378/242 385/249 403/268
f 405/270 404/269 373/237
f 404/269 405/270 406/271
f 406/271 407/272 404/269
f 407/272 406/271 408/273
f 408/273 409/274 407/272
f 373/237 372/236 405/270
f 410/275 405/270 372/236
f 405/270 410/275 411/276
f 411/276 406/271 405/270
f 406/271 411/276 412/277
f 412/277 408/273 406/271
f 408/273 412/277 413/278
f 413/278 414/279 408/273
f 409/274 408/273 414/279
f 414/279 415/280 409/274
f 372/236 379/243 410/275
f 417/281 410/275 379/243
f 411/276 410/275 417/281
f 417/281 418/282 411/276
f 412/277 411/276 418/282
f 418/282 419/283 412/277
f 413/278 412/277 419/283
f 419/283 420/284 413/278
f 421/285 413/278 420/284
f 414/279 413/278 421/285
f 415/280 414/279 421/285
f 421/285 422/286 415/280
f 379/243 403/268 417/281
f 402/267 417/281 403/268
f 417/281 402/267 423/287
f 423/287 418/282 417/281
f 418/282 423/287 424/288
f 424/288 419/283 418/282
f 419/283 424/288 425/289
f 425/289 420/284 419/283
f 426/290 420/284 425/289
f 420/284 426/290 421/285
f 422/286 421/285 426/290
f 403/268 379/243 378/242
f 423/287 402/267 401/266
f 401/266 427/291 423/287
f 423/287 427/291 428/292
f 428/292 424/288 423/287
f 424/288 428/292 429/293
f 429/293 425/289 424/288
f 425/289 429/293 430/294
f 430/294 431/295 425/289
f 425/289 431/295 426/290
f 427/291 401/266 400/265
f 400/265 432/296 427/291
f 428/292 427/291 432/296
f 432/296 433/297 428/292
f 429/293 428/292 433/297
f 433/297 434/298 429/293
f 430/294 429/293 434/298
f 434/298 435/299 430/294
f 436/300 430/294 435/299
f 431/295 430/294 436/300
f 436/300 437/301 431/295
f 426/290 431/295 437/301
f 432/296 400/265 399/264
f 399/264 438/302 432/296
f 432/296 438/302 439/303
f 439/303 433/297 432/296
f 433/297 439/303 440/304
f 440/304 434/298 433/297
f 435/299 434/298 440/304
f 441/305 435/299 440/304
f 435/299 441/305 436/300
f 443/306 438/302 399/264
f 438/302 443/306 416/307
f 416/307 439/303 438/302
f 439/303 416/307 444/308
f 444/308 440/304 439/303
f 440/304 444/308 441/305
f 399/264 398/263 443/306
f 426/290 442/309 422/286
f 437/301 442/309 426/290
f 445/311 446/310 365/229
f 365/229 366/230 445/311
f 447/312 445/311 366/230
f 366/230 367/233 447/312
f 448/313 447/312 367/233
f 367/233 368/235 448/313
f 386/250 365/256 446/314
f 446/314 449/315 386/250
f 387/251 386/250 449/315
f 449/315 450/316 387/251
f 404/269 398/263 392/257
f 392/257 373/237 404/269
f 416/307 409/274 415/280
f 442/309 436/300 441/305
f 415/280 444/308 416/307
f 441/305 422/286 442/309
f 415/319 422/318 441/317
f 441/317 444/320 415/319
f 407/323 409/322 416/321
f 416/321 443/324 407/323
f 404/325 407/323 443/324
f 443/324 398/326 404/325
f 446/329 445/328 447/327
f 447/327 449/330 446/329
f 450/331 449/330 447/327
f 447/327 448/332 450/331
f 450/331 448/332 368/332
f 368/332 387/331 450/331
f 392/333 387/331 368/332
f 368/332 373/334 392/333
f 451/337 452/336 453/335
f 453/335 454/338 451/337
f 455/339 451/337 454/338
f 454/338 456/340 455/339
f 457/339 455/339 456/340
f 456/340 458/340 457/339
f 459/341 458/340 456/340
f 460/341 454/338 453/335
f 454/338 460/341 461/341
f 461/341 456/340 454/338
f 456/340 461/341 459/341
f 459/341 461/341 462/342
f 462/342 463/342 459/341
f 464/343 463/342 462/342
f 453/335 465/344 460/341
f 466/345 460/341 465/344
f 461/341 460/341 466/345
f 466/345 462/342 461/341
f 467/343 462/342 466/345
f 462/342 467/343 464/343
f 464/343 467/343 468/346
f 468/346 469/346 464/343
f 469/346 468/346 470/347
f 470/347 471/347 469/346
f 457/348 471/347 470/347
f 465/344 472/349 466/345
f 473/350 466/345 472/349
f 466/345 473/350 467/343
f 467/343 473/350 474/351
f 474/351 468/346 467/343
f 468/346 474/351 475/347
f 475/347 470/347 468/346
f 455/348 470/347 475/347
f 470/347 455/348 457/348
f 472/349 476/343 473/350
f 473/350 476/343 477/352
f 477/352 474/351 473/350
f 474/351 477/352 478/353
f 478/353 475/347 474/351
f 451/348 475/347 478/353
f 475/347 451/348 455/348
f 478/353 452/348 451/348
f 479/356 382/355 391/354
f 391/354 480/357 479/356
f 479/356 480/357 481/358
f 481/358 482/359 479/356
f 483/360 482/359 481/358
f 481/358 484/361 483/360
f 485/362 483/360 484/361
f 480/357 391/354 390/363
f 390/363 486/364 480/357
f 480/357 486/364 487/365
f 487/365 481/358 480/357
f 484/361 481/358 487/365
f 487/365 488/366 484/361
f 484/361 488/366 489/367
f 489/367 490/368 484/361
f 484/361 490/368 485/362
f 491/369 486/364 390/363
f 486/364 491/369 492/370
f 492/370 487/365 486/364
f 488/366 487/365 492/370
f 492/370 493/371 488/366
f 489/367 488/366 493/371
f 493/371 494/372 489/367
f 452/373 489/367 494/372
f 489/367 452/373 478/374
f 478/374 490/368 489/367
f 390/363 396/261 491/369
f 491/369 396/261 385/375
f 385/375 495/376 491/369
f 492/370 491/369 495/376
f 495/376 496/377 492/370
f 493/371 492/370 496/377
f 496/377 497/378 493/371
f 493/371 497/378 498/379
f 498/379 494/372 493/371
f 494/372 498/379 465/380
f 465/380 453/381 494/372
f 494/372 453/381 452/373
f 495/376 385/375 384/382
f 384/382 499/383 495/376
f 495/376 499/383 500/384
f 500/384 496/377 495/376
f 497/378 496/377 500/384
f 500/384 501/385 497/378
f 498/379 497/378 501/385
f 501/385 502/386 498/379
f 465/380 498/379 502/386
f 502/386 472/387 465/380
f 476/388 472/387 502/386
f 502/386 503/389 476/388
f 499/383 384/382 383/247
f 383/247 504/390 499/383
f 499/383 504/390 505/391
f 505/391 500/384 499/383
f 501/385 499/383 500/384
f 499/383 501/385 500/384
f 501/385 500/384 505/391
f 505/391 506/392 501/385
f 501/385 506/392 503/389
f 503/389 502/386 501/385
f 504/390 383/247 382/246
f 382/246 479/393 504/390
f 504/390 479/393 482/394
f 482/394 505/391 504/390
f 506/392 505/391 482/394
f 482/394 483/395 506/392
f 506/392 483/395 485/362
f 485/362 503/396 506/392
f 476/388 503/396 485/362
f 485/362 477/397 476/388
f 477/397 485/362 490/368
f 490/368 478/374 477/397
f 507/400 508/399 509/398
f 510/401 507/400 509/398
f 509/398 511/402 510/401
f 512/403 510/401 511/402
f 511/402 513/404 512/403
f 514/405 512/403 513/404
f 513/404 515/406 514/405
f 516/407 514/405 515/406
f 517/410 518/409 519/408
f 518/409 517/410 520/411
f 520/411 521/412 518/409
f 521/412 520/411 522/413
f 522/413 523/414 521/412
f 523/414 522/413 524/415
f 524/415 525/416 523/414
f 526/417 525/416 524/415
f 529/418 530/230 531/231
f 531/231 532/238 529/418
f 533/250 529/418 532/238
f 530/230 534/233 535/232
f 535/232 531/231 530/230
f 531/231 535/232 536/241
f 536/241 537/240 531/231
f 531/231 537/240 538/239
f 538/239 532/238 531/231
f 539/244 532/238 538/239
f 532/238 539/244 533/250
f 534/233 540/235 541/234
f 541/234 535/232 534/233
f 535/232 541/234 542/242
f 542/242 536/241 535/232
f 536/241 542/242 543/249
f 543/249 544/248 536/241
f 537/240 536/241 544/248
f 544/248 545/247 537/240
f 537/240 545/247 546/246
f 546/246 538/239 537/240
f 547/236 541/234 540/235
f 541/234 547/236 548/243
f 548/243 542/242 541/234
f 542/242 548/243 549/268
f 549/268 543/249 542/242
f 543/249 549/268 550/262
f 550/262 551/261 543/249
f 551/261 550/262 552/260
f 552/260 553/254 551/261
f 540/235 554/237 547/236
f 555/270 547/236 554/237
f 547/236 555/270 556/275
f 556/275 548/243 547/236
f 548/243 556/275 557/281
f 557/281 549/268 548/243
f 549/268 557/281 558/267
f 558/267 550/262 549/268
f 550/262 558/267 559/266
f 559/266 552/260 550/262
f 554/237 560/269 555/270
f 561/271 555/270 560/269
f 555/270 561/271 562/276
f 562/276 556/275 555/270
f 557/281 556/275 562/276
f 562/276 563/282 557/281
f 557/281 563/282 564/287
f 564/287 558/267 557/281
f 559/266 558/267 564/287
f 566/263 565/257 567/258
f 567/258 568/264 566/263
f 569/306 566/263 568/264
f 568/264 570/302 569/306
f 571/307 569/306 570/302
f 572/252 567/258 565/257
f 573/259 567/258 572/252
f 568/264 567/258 573/259
f 573/259 574/265 568/264
f 568/264 574/265 575/296
f 575/296 570/302 568/264
f 570/302 568/264 576/303
f 570/302 576/303 568/264
f 576/303 570/302 575/296
f 570/302 576/303 571/307
f 565/257 577/251 572/252
f 539/244 572/252 577/251
f 578/253 572/252 539/244
f 572/252 578/253 573/259
f 573/259 578/253 553/254
f 553/254 552/260 573/259
f 574/265 573/259 552/260
f 552/260 559/266 574/265
f 574/265 559/266 579/291
f 579/291 575/296 574/265
f 577/251 533/250 539/244
f 564/287 579/291 559/266
f 580/292 579/291 564/287
f 575/296 579/291 580/292
f 580/292 581/297 575/296
f 575/296 581/297 576/303
f 582/304 576/303 581/297
f 576/303 582/304 583/308
f 583/308 571/307 576/303
f 564/287 584/288 580/292
f 585/293 580/292 584/288
f 581/297 580/292 585/293
f 585/293 586/298 581/297
f 581/297 586/298 582/304
f 587/299 582/304 586/298
f 582/304 587/299 588/305
f 588/305 583/308 582/304
f 584/288 564/287 563/282
f 563/282 589/283 584/288
f 590/289 584/288 589/283
f 584/288 590/289 585/293
f 591/294 585/293 590/289
f 586/298 585/293 591/294
f 591/294 587/299 586/298
f 587/299 591/294 528/300
f 528/300 588/305 587/299
f 594/277 589/283 563/282
f 589/283 594/277 595/278
f 595/278 596/284 589/283
f 589/283 596/284 590/289
f 590/289 596/284 597/290
f 597/290 598/295 590/289
f 590/289 598/295 591/294
f 528/300 591/294 598/295
f 598/295 527/301 528/300
f 563/282 562/276 594/277
f 594/277 562/276 561/271
f 561/271 599/273 594/277
f 595/278 594/277 599/273
f 599/273 600/279 595/278
f 600/279 601/285 595/278
f 596/284 595/278 601/285
f 601/285 597/290 596/284
f 597/290 601/285 593/286
f 593/286 592/309 597/290
f 597/290 592/309 527/301
f 527/301 598/295 597/290
f 599/273 561/271 602/272
f 602/272 603/274 599/273
f 600/279 599/273 603/274
f 603/274 604/280 600/279
f 601/285 600/279 604/280
f 604/280 593/286 601/285
f 560/269 602/272 561/271
f 553/254 578/253 606/245
f 539/244 606/245 578/253
f 538/239 606/245 539/244
f 606/245 538/239 546/246
f 546/246 605/255 606/245
f 606/245 605/255 553/254
f 529/418 607/310 608/311
f 608/311 530/230 529/418
f 607/314 529/418 533/250
f 533/250 609/315 607/314
f 530/230 608/311 610/312
f 610/312 534/233 530/230
f 534/233 610/312 611/313
f 611/313 540/235 534/233
f 560/269 554/237 565/257
f 565/257 566/263 560/269
f 609/315 533/250 577/251
f 577/251 612/316 609/315
f 588/305 528/300 592/309
f 592/309 593/286 588/305
f 571/307 583/308 604/280
f 604/319 583/320 588/317
f 588/317 593/318 604/319
f 603/322 571/321 604/319
f 571/321 603/322 602/323
f 602/323 569/324 571/321
f 569/324 602/323 560/325
f 560/325 566/326 569/324
f 610/327 608/328 607/329
f 607/329 609/330 610/327
f 610/327 609/330 612/331
f 612/331 611/332 610/327
f 540/332 611/332 612/331
f 612/331 577/331 540/332
f 540/332 577/331 565/333
f 565/333 554/334 540/332
f 616/350 617/343 615/349
f 616/350 618/351 619/352
f 619/352 617/343 616/350
f 618/351 620/347 621/353
f 621/353 619/352 618/351
f 621/353 620/347 614/348
f 614/348 613/348 621/353
f 605/354 546/355 622/356
f 622/356 623/357 605/354
f 553/363 605/354 623/357
f 623/357 624/364 553/363
f 553/363 624/364 625/369
f 625/369 551/261 553/363
f 543/375 551/261 625/369
f 626/358 623/357 622/356
f 623/357 626/358 627/365
f 627/365 624/364 623/357
f 624/364 627/365 628/370
f 628/370 625/369 624/364
f 629/376 625/369 628/370
f 625/369 629/376 543/375
f 544/382 543/375 629/376
f 629/376 630/383 544/382
f 545/247 544/382 630/383
f 622/356 631/359 626/358
f 626/358 631/359 632/360
f 632/360 633/361 626/358
f 627/365 626/358 633/361
f 633/361 634/366 627/365
f 628/370 627/365 634/366
f 634/366 635/371 628/370
f 636/377 628/370 635/371
f 628/370 636/377 629/376
f 629/376 636/377 637/384
f 637/384 630/383 629/376
f 633/361 632/360 638/362
f 638/362 639/368 633/361
f 633/361 639/368 640/367
f 640/367 634/366 633/361
f 635/371 634/366 640/367
f 640/367 641/372 635/371
f 635/371 641/372 642/379
f 642/379 643/378 635/371
f 635/371 643/378 636/377
f 637/384 636/377 643/378
f 639/368 638/362 619/397
f 619/397 621/374 639/368
f 640/367 639/368 621/374
f 621/374 613/373 640/367
f 641/372 640/367 613/373
f 617/388 619/397 638/362
f 638/362 644/396 617/388
f 645/392 644/396 638/362
f 638/362 632/395 645/392
f 645/392 632/395 631/394
f 631/394 646/391 645/392
f 647/385 645/392 646/391
f 644/389 645/392 647/385
f 647/385 648/386 644/389
f 617/388 644/389 648/386
f 648/386 615/387 617/388
f 649/390 646/391 631/394
f 646/391 649/390 630/383
f 630/383 637/384 646/391
f 646/391 637/384 647/385
f 643/378 647/385 637/384
f 647/385 643/378 642/379
f 642/379 648/386 647/385
f 631/394 622/393 649/390
f 649/390 622/393 546/246
f 546/246 545/247 649/390
f 630/383 649/390 545/247
f 648/386 642/379 650/380
f 651/335 613/336 614/337
f 614/337 652/338 651/335
f 651/335 652/338 653/341
f 653/341 650/344 651/335
f 650/344 653/341 654/345
f 654/345 615/349 650/344
f 615/349 654/345 616/350
f 652/338 614/337 655/339
f 655/339 656/340 652/338
f 652/338 656/340 657/341
f 657/341 653/341 652/338
f 654/345 653/341 657/341
f 657/341 658/342 654/345
f 654/345 658/342 659/343
f 659/343 616/350 654/345
f 618/351 616/350 659/343
f 659/343 660/346 618/351
f 620/347 618/351 660/346
f 660/346 661/347 620/347
f 620/347 661/347 655/348
f 655/348 614/348 620/347
f 613/373 651/381 641/372
f 641/372 651/381 650/380
f 650/380 642/379 641/372
f 656/340 655/339 662/339
f 662/339 663/340 656/340
f 656/340 663/340 664/341
f 664/341 657/341 656/340
f 658/342 657/341 664/341
f 664/341 665/342 658/342
f 658/342 665/342 666/343
f 666/343 659/343 658/342
f 660/346 659/343 666/343
f 666/343 667/346 660/346
f 661/347 660/346 667/346
f 667/346 668/347 661/347
f 661/347 668/347 662/348
f 662/348 655/348 661/347
f 650/380 615/387 648/386
f 669/419 45/17 44/10
f 44/10 670/420 669/419
f 669/419 670/420 671/421
f 671/421 672/422 669/419
f 44/10 48/11 673/423
f 673/423 670/420 44/10
f 670/420 673/423 674/424
f 674/424 671/421 670/420
f 671/421 674/424 675/425
f 675/425 676/426 671/421
f 672/422 671/421 676/426
f 676/426 677/427 672/422
f 48/11 51/12 678/428
f 678/428 673/423 48/11
f 673/423 678/428 679/429
f 679/429 674/424 673/423
f 674/424 679/429 680/430
f 680/430 675/425 674/424
f 51/12 54/18 681/431
f 681/431 678/428 51/12
f 678/428 681/431 682/432
f 682/432 679/429 678/428
f 679/429 682/432 683/433
f 683/433 680/430 679/429
f 681/431 54/18 58/26
f 58/26 684/434 681/431
f 681/431 684/434 685/435
f 685/435 682/432 681/431
f 682/432 685/435 686/436
f 686/436 683/433 682/432
f 684/434 58/26 63/25
f 63/25 687/437 684/434
f 685/435 684/434 687/437
f 687/437 688/438 685/435
f 686/436 685/435 688/438
f 63/25 66/23 689/439
f 689/439 687/437 63/25
f 688/438 687/437 689/439
f 689/439 690/440 688/438
f 691/441 688/438 690/440
f 688/438 691/441 686/436
f 66/23 70/19 692/442
f 692/442 689/439 66/23
f 689/439 692/442 693/443
f 693/443 690/440 689/439
f 70/19 45/21 669/444
f 669/444 692/442 70/19
f 694/445 692/442 669/444
f 692/442 694/445 693/443
f 693/443 694/445 695/446
f 695/446 696/447 693/443
f 690/440 693/443 696/447
f 669/444 672/448 694/445
f 694/445 672/448 677/449
f 677/449 695/446 694/445
f 696/447 697/450 690/440
f 690/440 697/450 691/441
f 695/446 677/449 698/451
f 698/451 699/452 695/446
f 696/447 695/446 699/452
f 699/452 700/453 696/447
f 696/447 700/453 701/454
f 701/454 697/450 696/447
f 702/455 698/451 677/449
f 698/451 702/455 703/456
f 703/456 704/457 698/451
f 699/452 698/451 704/457
f 704/457 705/458 699/452
f 700/453 699/452 705/458
f 705/458 706/459 700/453
f 700/453 706/459 707/460
f 707/460 701/454 700/453
f 677/449 708/461 702/455
f 702/455 708/461 709/462
f 709/462 710/463 702/455
f 703/456 702/455 710/463
f 710/463 711/464 703/456
f 703/456 711/464 712/465
f 712/465 713/466 703/456
f 703/456 713/466 714/467
f 714/467 704/457 703/456
f 709/462 708/461 715/468
f 715/468 716/469 709/462
f 717/470 709/462 716/469
f 709/462 717/470 718/471
f 718/471 710/463 709/462
f 711/464 710/463 718/471
f 718/471 719/472 711/464
f 711/464 719/472 720/473
f 720/473 712/465 711/464
f 721/474 716/469 715/468
f 716/469 721/474 722/475
f 722/475 723/476 716/469
f 716/469 723/476 717/470
f 717/470 723/476 724/477
f 724/477 725/478 717/470
f 717/470 725/478 726/479
f 726/479 718/471 717/470
f 715/468 727/480 721/474
f 723/476 722/475 728/481
f 728/481 724/477 723/476
f 724/477 728/481 729/482
f 729/482 730/483 724/477
f 724/477 730/483 731/484
f 731/484 725/478 724/477
f 730/483 729/482 732/485
f 732/485 733/486 730/483
f 730/483 733/486 734/487
f 734/487 731/484 730/483
f 731/484 734/487 686/436
f 686/436 691/441 731/484
f 725/478 731/484 691/441
f 733/486 732/485 735/488
f 735/488 736/489 733/486
f 734/487 733/486 736/489
f 736/489 737/490 734/487
f 734/487 737/490 683/433
f 683/433 686/436 734/487
f 736/489 735/488 738/491
f 738/491 739/492 736/489
f 736/489 739/492 740/493
f 740/493 737/490 736/489
f 737/490 740/493 680/430
f 680/430 683/433 737/490
f 739/492 738/491 741/494
f 741/494 742/495 739/492
f 739/492 742/495 743/496
f 743/496 740/493 739/492
f 680/430 740/493 743/496
f 743/496 675/425 680/430
f 675/425 743/496 744/497
f 744/497 676/426 675/425
f 742/495 741/494 745/498
f 745/498 746/499 742/495
f 742/495 746/499 744/497
f 744/497 743/496 742/495
f 746/499 745/498 727/500
f 727/500 715/501 746/499
f 746/499 715/501 708/502
f 708/502 744/497 746/499
f 676/426 744/497 708/502
f 708/502 677/427 676/426
f 691/441 697/450 725/478
f 726/479 725/478 697/450
f 697/450 701/454 726/479
f 747/503 726/479 701/454
f 718/471 726/479 747/503
f 747/503 719/472 718/471
f 719/472 747/503 748/504
f 748/504 720/473 719/472
f 749/505 720/473 748/504
f 712/465 720/473 749/505
f 701/454 707/460 747/503
f 748/504 747/503 707/460
f 707/460 750/506 748/504
f 749/505 748/504 750/506
f 750/506 751/507 749/505
f 749/505 751/507 752/508
f 752/508 753/509 749/505
f 749/505 753/509 712/465
f 753/509 713/466 712/465
f 713/466 753/509 752/508
f 752/508 714/467 713/466
f 750/506 707/460 754/510
f 754/510 751/507 750/506
f 752/508 751/507 754/510
f 754/510 755/511 752/508
f 755/511 714/467 752/508
f 714/467 755/511 705/458
f 705/458 704/457 714/467
f 707/460 706/459 754/510
f 755/511 754/510 706/459
f 706/459 705/458 755/511
f 756/513 759/111 760/512
f 760/512 761/514 756/513
f 757/515 756/513 761/514
f 761/514 762/516 757/515
f 757/515 762/516 763/517
f 763/517 758/513 757/515
f 759/111 140/95 764/518
f 764/518 760/512 759/111
f 182/113 760/512 764/518
f 760/512 182/113 183/116
f 183/116 761/514 760/512
f 761/514 183/116 184/118
f 184/118 762/516 761/514
f 763/517 762/516 184/118
f 140/95 141/96 765/519
f 765/519 764/518 140/95
f 185/112 764/518 765/519
f 764/518 185/112 182/113
f 765/519 141/96 142/97
f 142/97 766/520 765/519
f 189/119 765/519 766/520
f 765/519 189/119 185/112
f 766/520 142/97 143/98
f 143/98 767/521 766/520
f 193/123 766/520 767/521
f 766/520 193/123 189/119
f 767/521 143/98 768/522
f 768/522 769/523 767/521
f 196/126 767/521 769/523
f 767/521 196/126 193/123
f 770/524 176/111 758/513
f 176/111 770/524 771/518
f 771/518 177/95 176/111
f 177/95 771/518 772/519
f 772/519 178/96 177/95
f 179/97 178/96 772/519
f 772/519 773/520 179/97
f 180/98 179/97 773/520
f 773/520 774/521 180/98
f 775/522 180/98 774/521
f 758/513 763/517 770/524
f 770/524 763/517 199/129
f 199/129 200/130 770/524
f 771/518 770/524 200/130
f 200/130 201/112 771/518
f 772/519 771/518 201/112
f 201/112 202/119 772/519
f 773/520 772/519 202/119
f 202/119 203/123 773/520
f 774/521 773/520 203/123
f 184/118 199/129 763/517
f 203/123 209/126 774/521
f 209/126 218/135 776/523
f 776/523 774/521 209/126
f 774/521 776/523 775/522
f 776/523 218/135 222/139
f 222/139 777/525 776/523
f 775/522 776/523 777/525
f 777/525 778/526 775/522
f 222/139 226/135 769/523
f 769/523 777/525 222/139
f 777/525 769/523 768/522
f 768/522 778/526 777/525
f 769/523 226/135 196/126
f 11/1 779/32 12/3
f 780/34 36/28 12/27
f 36/28 780/34 781/33
f 781/33 37/29 36/28
f 37/29 781/33 26/16
f 12/27 779/35 780/34
f 82/51 26/57 781/105
f 781/105 88/58 82/51
f 88/58 781/105 780/106
f 780/106 782/107 88/58
f 88/58 782/107 783/90
f 783/90 89/59 88/58
f 89/59 783/90 784/89
f 92/64 89/59 784/89
f 782/107 780/106 779/108
f 779/108 785/109 782/107
f 783/90 782/107 785/109
f 785/109 786/91 783/90
f 786/91 784/89 783/90
f 787/92 784/89 786/91
f 788/88 784/89 787/92
f 93/65 784/89 788/88
f 784/89 93/65 92/64
f 785/109 779/108 11/43
f 11/43 94/66 785/109
f 786/91 785/109 94/66
f 94/66 95/68 786/91
f 786/91 95/68 96/70
f 96/70 789/527 786/91
f 786/91 789/527 787/92
f 787/92 789/527 97/72
f 97/72 790/94 787/92
f 787/92 790/94 788/88
f 96/70 97/72 789/527
f 124/86 8/85 281/528
f 281/528 791/529 124/86
f 129/87 124/86 791/529
f 791/529 281/528 297/530
f 297/530 792/531 791/529
f 793/532 791/529 792/531
f 791/529 793/532 129/87
f 130/88 129/87 793/532
f 793/532 794/533 130/88
f 134/94 130/88 794/533
f 130/88 134/94 135/92
f 135/92 131/89 130/88
f 795/529 792/531 297/530
f 792/531 795/529 796/532
f 796/532 797/534 792/531
f 792/531 797/534 793/532
f 794/533 793/532 797/534
f 797/534 798/535 794/533
f 799/536 794/533 798/535
f 794/533 799/536 134/94
f 297/530 296/528 795/529
f 137/86 795/529 296/528
f 795/529 137/86 800/87
f 800/87 796/532 795/529
f 796/532 800/87 788/88
f 788/88 801/537 796/532
f 797/534 796/532 801/537
f 801/537 798/535 797/534
f 798/535 801/537 802/536
f 802/536 803/538 798/535
f 798/535 803/538 799/536
f 296/528 9/85 137/86
f 93/65 800/87 137/86
f 788/88 800/87 93/65
f 801/537 788/88 790/94
f 790/94 802/536 801/537
f 804/539 802/536 790/94
f 802/536 804/539 805/540
f 805/540 803/538 802/536
f 799/536 803/538 805/540
f 805/540 806/539 799/536
f 134/94 799/536 806/539
f 790/94 807/93 804/539
f 756/513 804/539 807/93
f 805/540 804/539 756/513
f 756/513 757/515 805/540
f 805/540 757/515 758/513
f 758/513 806/539 805/540
f 138/93 806/539 758/513
f 806/539 138/93 134/94
f 807/93 790/94 97/72
f 97/72 105/77 807/93
f 759/111 807/93 105/77
f 807/93 759/111 756/513
f 105/77 140/95 759/111
f 758/513 176/111 138/93
f 808/543 809/542 810/541
f 810/541 811/544 808/543
f 812/547 813/546 814/545
f 813/546 815/548 814/545
f 816/549 814/545 815/548
f 814/545 816/549 817/550
f 817/550 818/551 814/545
f 812/552 814/545 818/551
f 818/551 819/553 812/552
f 820/551 819/553 818/551
f 813/546 821/554 815/548
f 821/554 822/555 815/548
f 822/555 815/548 823/556
f 823/556 815/548 822/555
f 823/556 815/548 822/555
f 823/556 824/557 815/548
f 815/548 824/557 816/549
f 816/549 824/557 825/558
f 817/550 816/549 825/558
f 825/558 826/559 817/550
f 817/550 826/559 809/560
f 809/560 808/561 817/550
f 808/561 818/551 817/550
f 822/555 827/562 823/556
f 823/556 827/562 828/556
f 829/563 823/556 828/556
f 824/557 823/556 829/563
f 829/563 830/564 824/557
f 825/558 824/557 830/564
f 828/556 831/563 829/563
f 829/563 831/563 832/556
f 832/556 833/556 829/563
f 829/563 833/556 834/557
f 834/557 830/564 829/563
f 825/558 830/564 834/557
f 832/556 835/562 833/556
f 833/556 835/562 836/565
f 836/565 837/548 833/556
f 837/548 834/557 833/556
f 825/558 834/557 838/549
f 837/548 838/549 834/557
f 837/548 836/565 839/566
f 839/566 840/546 837/548
f 840/546 841/545 837/548
f 837/548 841/545 838/549
f 842/550 838/549 841/545
f 838/549 842/550 825/558
f 842/550 843/559 825/558
f 825/558 843/559 844/567
f 844/567 845/568 825/558
f 825/558 845/568 846/567
f 846/567 826/559 825/558
f 847/547 841/545 840/546
f 846/567 809/560 826/559
f 810/569 809/560 846/567
f 846/567 848/570 810/569
f 849/568 848/570 846/567
f 846/567 845/568 849/568
f 849/568 845/568 844/567
f 844/567 850/570 849/568
f 851/569 850/570 844/567
f 852/560 851/569 844/567
f 844/567 843/559 852/560
f 852/560 843/559 842/550
f 842/550 853/561 852/560
f 853/561 842/550 854/551
f 855/571 853/561 854/551
f 854/551 856/551 855/571
f 856/551 854/551 857/553
f 857/553 854/551 847/552
f 857/553 847/552 854/551
f 854/551 847/552 857/553
f 847/552 854/551 841/545
f 841/545 854/551 842/550
f 818/551 808/561 811/571
f 811/571 820/551 818/551
f 853/543 855/544 851/541
f 851/541 852/542 853/543
f 106/79 3/84 252/572
f 252/572 858/573 106/79
f 859/574 106/79 858/573
f 107/80 106/79 859/574
f 859/574 860/575 107/80
f 107/80 860/575 861/576
f 861/576 108/81 107/80
f 858/573 252/572 257/577
f 257/577 862/578 858/573
f 858/573 862/578 863/579
f 863/579 864/580 858/573
f 864/580 865/581 858/573
f 858/573 865/581 859/574
f 866/582 859/574 865/581
f 860/575 859/574 866/582
f 257/577 867/578 862/578
f 862/578 867/578 868/583
f 868/583 869/583 862/578
f 862/578 869/583 863/579
f 863/579 869/583 870/584
f 870/584 871/585 863/579
f 863/579 871/585 872/586
f 872/586 864/580 863/579
f 873/573 867/578 257/577
f 874/579 867/578 873/573
f 867/578 874/579 868/583
f 875/587 868/583 874/579
f 875/587 876/588 868/583
f 868/583 876/588 877/589
f 869/583 868/583 877/589
f 877/589 870/584 869/583
f 257/577 262/572 873/573
f 111/79 873/573 262/572
f 873/573 111/79 878/574
f 878/574 879/581 873/573
f 879/581 880/580 873/573
f 873/573 880/580 874/579
f 874/579 880/580 881/590
f 881/590 882/591 874/579
f 874/579 882/591 875/587
f 262/572 4/84 111/79
f 878/574 111/79 113/80
f 113/80 883/592 878/574
f 884/593 878/574 883/592
f 879/581 878/574 884/593
f 884/593 885/594 879/581
f 880/580 879/581 885/594
f 885/594 881/590 880/580
f 113/80 117/81 886/576
f 886/576 883/592 113/80
f 143/98 144/99 768/522
f 887/595 144/99 145/100
f 887/595 888/596 144/99
f 144/99 888/596 889/597
f 889/597 768/522 144/99
f 145/100 147/102 890/598
f 890/598 891/599 145/100
f 145/100 891/599 887/595
f 892/600 887/595 891/599
f 888/596 887/595 892/600
f 892/600 893/601 888/596
f 889/597 888/596 893/601
f 894/602 147/102 148/103
f 895/603 147/102 894/602
f 147/102 895/603 890/598
f 896/604 890/598 895/603
f 891/599 890/598 896/604
f 896/604 897/605 891/599
f 891/599 897/605 892/600
f 898/606 892/600 897/605
f 893/601 892/600 898/606
f 899/607 148/103 109/82
f 148/103 899/607 894/602
f 900/608 894/602 899/607
f 894/602 900/608 901/609
f 901/609 902/610 894/602
f 894/602 902/610 895/603
f 895/603 902/610 903/611
f 895/603 903/611 896/604
f 109/82 904/612 899/607
f 899/607 904/612 905/613
f 905/613 906/614 899/607
f 899/607 906/614 900/608
f 907/615 900/608 906/614
f 900/608 907/615 908/616
f 908/616 901/609 900/608
f 909/617 901/609 908/616
f 902/610 901/609 909/617
f 909/617 903/611 902/610
f 896/604 903/611 909/617
f 904/612 109/82 910/618
f 910/618 911/619 904/612
f 904/612 911/619 905/613
f 912/620 905/613 911/619
f 906/614 905/613 912/620
f 912/620 913/621 906/614
f 906/614 913/621 907/615
f 914/622 907/615 913/621
f 908/616 907/615 914/622
f 108/81 910/618 109/82
f 915/623 910/618 108/81
f 916/624 910/618 915/623
f 910/618 916/624 911/619
f 911/619 916/624 917/625
f 917/625 918/626 911/619
f 911/619 918/626 912/620
f 912/620 918/626 919/627
f 919/627 920/628 912/620
f 913/621 912/620 920/628
f 108/81 921/629 915/623
f 922/630 915/623 921/629
f 923/631 915/623 922/630
f 924/632 915/623 923/631
f 915/623 924/632 917/625
f 917/625 916/624 915/623
f 861/576 921/629 108/81
f 921/629 861/576 925/633
f 925/633 922/630 921/629
f 922/630 925/633 926/634
f 926/634 927/635 922/630
f 922/630 927/635 923/631
f 923/631 927/635 928/636
f 928/636 929/637 923/631
f 924/632 923/631 929/637
f 929/637 930/638 924/632
f 917/625 924/632 930/638
f 931/639 925/633 861/576
f 925/633 931/639 932/640
f 932/640 926/634 925/633
f 933/641 926/634 932/640
f 926/634 933/641 927/635
f 927/635 933/641 934/642
f 928/636 927/635 934/642
f 931/639 861/576 860/575
f 860/575 935/643 931/639
f 931/639 935/643 936/644
f 936/644 932/640 931/639
f 932/640 936/644 937/645
f 937/645 938/646 932/640
f 932/640 938/646 933/641
f 933/641 938/646 939/647
f 939/647 934/642 933/641
f 935/643 860/575 866/582
f 866/582 940/648 935/643
f 936/644 935/643 940/648
f 937/645 936/644 940/648
f 940/648 941/649 937/645
f 942/650 937/645 941/649
f 937/645 942/650 943/651
f 943/651 944/652 937/645
f 938/646 937/645 944/652
f 944/652 939/647 938/646
f 941/649 940/648 866/582
f 866/582 945/653 941/649
f 941/649 945/653 872/586
f 872/586 946/654 941/649
f 941/649 946/654 942/650
f 942/650 946/654 947/655
f 947/655 948/656 942/650
f 942/650 948/656 949/657
f 949/657 943/651 942/650
f 865/581 945/653 866/582
f 945/653 865/581 864/580
f 864/580 872/586 945/653
f 946/654 872/586 871/585
f 871/585 947/655 946/654
f 947/655 871/585 870/584
f 870/584 950/658 947/655
f 947/655 950/658 951/659
f 951/659 948/656 947/655
f 948/656 951/659 952/660
f 952/660 949/657 948/656
f 953/661 949/657 952/660
f 943/651 949/657 953/661
f 953/661 954/662 943/651
f 944/652 943/651 954/662
f 950/658 870/584 877/589
f 877/589 955/663 950/658
f 951/659 950/658 955/663
f 955/663 956/664 951/659
f 951/659 956/664 957/665
f 957/665 952/660 951/659
f 958/666 952/660 957/665
f 952/660 958/666 953/661
f 959/667 953/661 958/666
f 953/661 959/667 960/668
f 960/668 954/662 953/661
f 961/669 955/663 877/589
f 956/664 955/663 961/669
f 961/669 962/670 956/664
f 956/664 962/670 963/671
f 963/671 964/672 956/664
f 957/665 956/664 964/672
f 965/673 957/665 964/672
f 957/665 965/673 958/666
f 877/589 876/588 961/669
f 966/674 961/669 876/588
f 961/669 966/674 967/675
f 967/675 962/670 961/669
f 962/670 967/675 968/676
f 968/676 969/677 962/670
f 963/671 962/670 969/677
f 876/588 875/587 966/674
f 970/678 966/674 875/587
f 967/675 966/674 970/678
f 970/678 971/679 967/675
f 968/676 967/675 971/679
f 971/679 972/680 968/676
f 968/676 972/680 973/681
f 973/681 974/682 968/676
f 969/677 968/676 974/682
f 974/682 975/683 969/677
f 963/671 969/677 975/683
f 875/587 882/591 970/678
f 976/684 970/678 882/591
f 970/678 976/684 977/685
f 977/685 971/679 970/678
f 972/680 971/679 977/685
f 977/685 978/686 972/680
f 973/681 972/680 978/686
f 978/686 979/687 973/681
f 980/688 973/681 979/687
f 973/681 980/688 981/689
f 981/689 974/682 973/681
f 882/591 881/590 976/684
f 982/690 976/684 881/590
f 977/685 976/684 982/690
f 982/690 983/691 977/685
f 978/686 977/685 983/691
f 983/691 984/692 978/686
f 979/687 978/686 984/692
f 984/692 985/693 979/687
f 986/694 979/687 985/693
f 979/687 986/694 980/688
f 881/590 885/594 982/690
f 982/690 885/594 884/593
f 884/593 987/695 982/690
f 983/691 982/690 987/695
f 987/695 988/696 983/691
f 983/691 988/696 989/697
f 989/697 990/646 983/691
f 984/692 983/691 990/646
f 990/646 991/647 984/692
f 985/693 984/692 991/647
f 884/593 992/698 987/695
f 987/695 992/698 988/696
f 988/696 992/698 993/639
f 993/639 989/697 988/696
f 989/697 993/639 994/633
f 994/633 995/634 989/697
f 989/697 995/634 996/641
f 996/641 990/646 989/697
f 991/647 990/646 996/641
f 883/592 992/698 884/593
f 993/639 992/698 883/592
f 883/592 886/576 993/639
f 993/639 886/576 994/633
f 994/633 886/576 997/629
f 997/629 998/630 994/633
f 995/634 994/633 998/630
f 998/630 999/635 995/634
f 995/634 999/635 996/641
f 1000/642 996/641 999/635
f 996/641 1000/642 991/647
f 1001/699 991/647 1000/642
f 991/647 1001/699 985/693
f 117/81 997/629 886/576
f 1002/623 997/629 117/81
f 997/629 1002/623 998/630
f 998/630 1002/623 1003/631
f 1003/631 999/635 998/630
f 1004/700 999/635 1003/631
f 1000/642 999/635 1004/700
f 1004/700 1005/701 1000/642
f 1000/642 1005/701 1001/699
f 1006/702 1001/699 1005/701
f 1001/699 1006/702 1007/703
f 1007/703 985/693 1001/699
f 985/693 1007/703 986/694
f 117/81 1008/618 1002/623
f 1009/624 1002/623 1008/618
f 1002/623 1009/624 1010/625
f 1010/625 1011/632 1002/623
f 1011/632 1003/631 1002/623
f 1012/637 1003/631 1011/632
f 1003/631 1012/637 1004/700
f 117/81 149/82 1008/618
f 149/82 1013/612 1008/618
f 1008/618 1013/612 1014/619
f 1014/619 1009/624 1008/618
f 1010/625 1009/624 1014/619
f 1014/619 1015/626 1010/625
f 1016/704 1010/625 1015/626
f 1010/625 1016/704 1017/638
f 1017/638 1011/632 1010/625
f 1011/632 1017/638 1012/637
f 1013/612 149/82 151/103
f 151/103 1018/607 1013/612
f 1019/613 1013/612 1018/607
f 1013/612 1019/613 1014/619
f 1014/619 1019/613 1020/620
f 1020/620 1015/626 1014/619
f 1021/627 1015/626 1020/620
f 1015/626 1021/627 1016/704
f 151/103 153/102 1022/602
f 1022/602 1018/607 151/103
f 1018/607 1022/602 1023/608
f 1023/608 1024/614 1018/607
f 1018/607 1024/614 1019/613
f 1020/620 1019/613 1024/614
f 153/102 156/100 1025/705
f 1025/705 1026/706 153/102
f 153/102 1026/706 1027/610
f 1027/610 1022/602 153/102
f 180/98 775/522 181/99
f 775/522 778/526 1028/707
f 1028/707 1029/597 775/522
f 181/99 775/522 1029/597
f 1030/707 778/526 768/522
f 778/526 1030/707 1031/708
f 1031/708 1028/707 778/526
f 768/522 889/597 1030/707
f 1032/709 1030/707 889/597
f 1031/708 1030/707 1032/709
f 1032/709 1033/710 1031/708
f 1031/708 1033/710 1034/709
f 1034/709 1028/707 1031/708
f 1029/597 1028/707 1034/709
f 889/597 1035/711 1032/709
f 1036/712 1032/709 1035/711
f 1033/710 1032/709 1036/712
f 1036/712 1037/713 1033/710
f 1033/710 1037/713 1038/712
f 1038/712 1034/709 1033/710
f 1039/711 1034/709 1038/712
f 1034/709 1039/711 1029/597
f 893/601 1035/711 889/597
f 1035/711 893/601 1040/714
f 1040/714 1041/715 1035/711
f 1035/711 1041/715 1036/712
f 1042/716 1036/712 1041/715
f 1036/712 1042/716 1043/717
f 1043/717 1037/713 1036/712
f 1038/712 1037/713 1043/717
f 1043/717 1044/716 1038/712
f 1045/715 1038/712 1044/716
f 1038/712 1045/715 1039/711
f 1040/714 893/601 898/606
f 898/606 1046/718 1040/714
f 1041/715 1040/714 1046/718
f 1046/718 1047/719 1041/715
f 1041/715 1047/719 1042/716
f 1042/716 1047/719 1048/720
f 1048/720 1049/721 1042/716
f 1042/716 1049/721 1050/722
f 1050/722 1043/717 1042/716
f 1044/716 1043/717 1050/722
f 1046/718 898/606 1051/723
f 1051/723 1052/724 1046/718
f 1047/719 1046/718 1052/724
f 1052/724 1048/720 1047/719
f 1048/720 1052/724 811/725
f 811/725 810/726 1048/720
f 1049/721 1048/720 810/726
f 810/726 848/727 1049/721
f 1049/721 848/727 849/728
f 849/728 1050/722 1049/721
f 898/606 1053/729 1051/723
f 1051/723 1053/729 819/730
f 819/730 820/731 1051/723
f 1052/724 1051/723 820/731
f 820/731 811/725 1052/724
f 1053/729 898/606 897/605
f 897/605 896/604 1053/729
f 819/730 1053/729 896/604
f 896/604 812/732 819/730
f 813/733 812/732 896/604
f 896/604 1054/734 813/733
f 813/733 1054/734 1055/735
f 1055/735 821/736 813/733
f 821/736 1055/735 1056/737
f 1056/737 822/738 821/736
f 827/739 822/738 1056/737
f 1057/740 1054/734 896/604
f 1055/735 1054/734 1057/740
f 1057/740 1058/741 1055/735
f 1056/737 1055/735 1058/741
f 1058/741 1059/742 1056/737
f 1060/743 1056/737 1059/742
f 1056/737 1060/743 827/739
f 828/744 827/739 1060/743
f 1060/743 1061/745 828/744
f 831/746 828/744 1061/745
f 1057/740 896/604 1062/747
f 1058/741 1057/740 1062/747
f 1062/747 1063/748 1058/741
f 1058/741 1063/748 1064/749
f 1064/749 1059/742 1058/741
f 1059/742 1064/749 1065/750
f 1065/750 1066/751 1059/742
f 1059/742 1066/751 1060/743
f 1061/745 1060/743 1066/751
f 909/617 1062/747 896/604
f 1062/747 909/617 1067/752
f 1067/752 1063/748 1062/747
f 1063/748 1067/752 1068/753
f 1068/753 1064/749 1063/748
f 1064/749 1068/753 1069/754
f 1069/754 1065/750 1064/749
f 1065/750 1069/754 1070/755
f 1070/755 1071/756 1065/750
f 1066/751 1065/750 1071/756
f 1071/756 1072/757 1066/751
f 1066/751 1072/757 1061/745
f 908/616 1067/752 909/617
f 1073/758 1067/752 908/616
f 1067/752 1073/758 1068/753
f 1068/753 1073/758 1074/759
f 1074/759 1069/754 1068/753
f 1069/754 1074/759 1075/760
f 1075/760 1070/755 1069/754
f 1076/761 1070/755 1075/760
f 1070/755 1076/761 1077/762
f 1077/762 1071/756 1070/755
f 1071/756 1077/762 1078/763
f 1078/763 1072/757 1071/756
f 1061/745 1072/757 1078/763
f 914/622 1073/758 908/616
f 1073/758 914/622 1079/764
f 1079/764 1080/765 1073/758
f 1073/758 1080/765 1081/766
f 1081/766 1074/759 1073/758
f 1074/759 1081/766 1082/767
f 1082/767 1075/760 1074/759
f 1075/760 1082/767 1083/768
f 1083/768 1084/769 1075/760
f 1075/760 1084/769 1076/761
f 1085/770 1079/764 914/622
f 1079/764 1085/770 1086/771
f 1080/765 1079/764 1086/771
f 1086/771 1087/772 1080/765
f 1080/765 1087/772 1081/766
f 1081/766 1087/772 1088/773
f 1088/773 1082/767 1081/766
f 1082/767 1088/773 1089/774
f 1089/774 1083/768 1082/767
f 914/622 1090/775 1085/770
f 1091/776 1085/770 1090/775
f 1085/770 1091/776 1092/777
f 1092/777 1093/778 1085/770
f 1093/778 1094/779 1085/770
f 1085/770 1094/779 1095/780
f 1095/780 1086/771 1085/770
f 913/621 1090/775 914/622
f 920/628 1090/775 913/621
f 920/628 1096/781 1090/775
f 1090/775 1096/781 1091/776
f 1097/782 1091/776 1096/781
f 1098/783 1091/776 1097/782
f 1091/776 1098/783 1092/777
f 1092/777 1098/783 1099/784
f 1092/777 1099/784 1100/785
f 1093/778 1092/777 1100/785
f 1100/785 1094/779 1093/778
f 1101/786 1096/781 920/628
f 1096/781 1101/786 1097/782
f 1097/782 1101/786 1102/787
f 1102/787 1103/788 1097/782
f 1104/789 1097/782 1103/788
f 1097/782 1104/789 1098/783
f 1099/784 1098/783 1104/789
f 920/628 1105/790 1101/786
f 1101/786 1105/790 1106/791
f 1106/791 1102/787 1101/786
f 1102/787 1106/791 1107/792
f 1107/792 1108/791 1102/787
f 1109/786 1102/787 1108/791
f 1102/787 1109/786 1110/782
f 1110/782 1103/788 1102/787
f 1105/790 920/628 919/627
f 1111/793 1105/790 919/627
f 1105/790 1111/793 1112/794
f 1112/794 1106/791 1105/790
f 1106/791 1112/794 1113/795
f 1107/792 1106/791 1113/795
f 1108/791 1107/792 1113/795
f 1114/794 1108/791 1113/795
f 1115/790 1108/791 1114/794
f 1108/791 1115/790 1109/786
f 919/627 1116/796 1111/793
f 1111/793 1116/796 1117/797
f 1117/797 1118/798 1111/793
f 1119/799 1111/793 1118/798
f 1112/794 1111/793 1119/799
f 1119/799 1120/800 1112/794
f 1112/794 1120/800 1114/794
f 1114/794 1113/795 1112/794
f 919/627 1121/801 1116/796
f 1117/797 1116/796 1121/801
f 1121/801 1122/802 1117/797
f 1123/803 1117/797 1122/802
f 1117/797 1123/803 1124/804
f 1124/804 1118/798 1117/797
f 1119/799 1118/798 1124/804
f 1124/804 1125/805 1119/799
f 1126/806 1119/799 1125/805
f 1120/800 1119/799 1126/806
f 919/627 1127/704 1121/801
f 1121/801 1127/704 1128/807
f 1128/807 1122/802 1121/801
f 1129/808 1122/802 1128/807
f 1122/802 1129/808 1123/803
f 1123/803 1129/808 1130/809
f 1130/809 1131/810 1123/803
f 1124/804 1123/803 1131/810
f 1127/704 919/627 918/626
f 918/626 917/625 1127/704
f 930/638 1127/704 917/625
f 1127/704 930/638 1128/807
f 1128/807 930/638 1132/811
f 1133/812 1128/807 1132/811
f 1128/807 1133/812 1129/808
f 1129/808 1133/812 1134/813
f 1134/813 1130/809 1129/808
f 1135/814 1130/809 1134/813
f 1130/809 1135/814 1136/815
f 1136/815 1131/810 1130/809
f 1124/804 1131/810 1136/815
f 930/638 929/637 1132/811
f 1137/700 1132/811 929/637
f 1132/811 1137/700 1138/816
f 1138/816 1139/811 1132/811
f 1134/813 1132/811 1139/811
f 1132/811 1134/813 1133/812
f 929/637 928/636 1137/700
f 928/636 1140/817 1137/700
f 1137/700 1140/817 1141/818
f 1141/818 1138/816 1137/700
f 1138/816 1141/818 1142/819
f 1142/819 1143/820 1138/816
f 1139/811 1138/816 1143/820
f 1143/820 1144/821 1139/811
f 1139/811 1144/821 1134/813
f 1134/813 1144/821 1135/814
f 1145/822 1140/817 928/636
f 1140/817 1145/822 1146/823
f 1146/823 1141/818 1140/817
f 1142/819 1141/818 1146/823
f 1146/823 1147/824 1142/819
f 1142/819 1147/824 1148/825
f 1148/825 1149/826 1142/819
f 1143/820 1142/819 1149/826
f 928/636 1150/827 1145/822
f 1151/828 1145/822 1150/827
f 1145/822 1151/828 1152/829
f 1152/829 1146/823 1145/822
f 1146/823 1152/829 1153/830
f 1153/830 1147/824 1146/823
f 1147/824 1153/830 1154/831
f 1154/831 1148/825 1147/824
f 928/636 1155/701 1150/827
f 1150/827 1155/701 1156/699
f 1156/699 1157/702 1150/827
f 1150/827 1157/702 1151/828
f 1158/832 1151/828 1157/702
f 1151/828 1158/832 1159/833
f 1159/833 1152/829 1151/828
f 1153/830 1152/829 1159/833
f 934/642 1155/701 928/636
f 1156/699 1155/701 934/642
f 934/642 939/647 1156/699
f 1160/834 1156/699 939/647
f 1156/699 939/647 1157/702
f 1156/699 1157/702 939/647
f 1157/702 1156/699 1160/834
f 1160/834 1161/835 1157/702
f 1157/702 1161/835 1158/832
f 1162/836 1158/832 1161/835
f 1158/832 1162/836 1163/837
f 1163/837 1159/833 1158/832
f 1159/833 1163/837 1153/830
f 939/647 944/652 1160/834
f 954/662 1160/834 944/652
f 1160/834 944/652 1161/835
f 1160/834 1161/835 944/652
f 1161/835 1160/834 954/662
f 954/662 960/668 1161/835
f 1161/835 960/668 1162/836
f 1162/836 960/668 959/667
f 959/667 1164/838 1162/836
f 1163/837 1162/836 1164/838
f 1164/838 1165/839 1163/837
f 1163/837 1165/839 1153/830
f 1153/830 1165/839 1166/840
f 1166/840 1154/831 1153/830
f 1154/831 1166/840 1167/840
f 1148/825 1154/831 1168/841
f 1167/840 1168/841 1154/831
f 1167/840 1164/838 959/667
f 1164/838 1167/840 1166/840
f 1166/840 1165/839 1164/838
f 959/667 1169/842 1167/840
f 1167/840 1169/842 1170/843
f 1170/843 1168/841 1167/840
f 1171/844 1168/841 1170/843
f 1168/841 1171/844 1148/825
f 1148/825 1171/844 1172/845
f 1172/845 1149/826 1148/825
f 958/666 1169/842 959/667
f 1170/843 1169/842 958/666
f 958/666 965/673 1170/843
f 1126/806 1170/843 965/673
f 1170/843 1126/806 1171/844
f 1172/845 1171/844 1126/806
f 1125/805 1172/845 1126/806
f 1149/826 1172/845 1125/805
f 1125/805 1173/846 1149/826
f 1149/826 1173/846 1143/820
f 1126/806 965/673 1120/800
f 964/672 1120/800 965/673
f 1120/800 964/672 963/671
f 963/671 1174/847 1120/800
f 1174/847 1114/794 1120/800
f 1114/794 1174/847 1175/799
f 1175/799 1176/793 1114/794
f 1114/794 1176/793 1115/790
f 975/683 1174/847 963/671
f 1174/847 975/683 1177/848
f 1177/848 1175/799 1174/847
f 1178/805 1175/799 1177/848
f 1175/799 1178/805 1179/804
f 1179/804 1180/798 1175/799
f 1175/799 1180/798 1176/793
f 1177/848 975/683 1181/849
f 1182/844 1177/848 1181/849
f 1182/844 1183/845 1177/848
f 1177/848 1183/845 1178/805
f 1178/805 1183/845 1184/850
f 1184/850 1185/851 1178/805
f 1178/805 1185/851 1186/852
f 1186/852 1179/804 1178/805
f 1181/849 975/683 974/682
f 974/682 981/689 1181/849
f 1181/849 981/689 1187/853
f 1187/853 1188/854 1181/849
f 1181/849 1188/854 1182/844
f 1189/855 1182/844 1188/854
f 1183/845 1182/844 1189/855
f 1189/855 1184/850 1183/845
f 1190/856 1184/850 1189/855
f 1184/850 1190/856 1191/857
f 1191/857 1185/851 1184/850
f 1186/852 1185/851 1191/857
f 1191/857 1192/815 1186/852
f 1179/804 1186/852 1192/815
f 1187/853 981/689 980/688
f 980/688 1193/838 1187/853
f 1194/840 1187/853 1193/838
f 1187/853 1194/840 1195/831
f 1195/831 1188/854 1187/853
f 1188/854 1195/831 1189/855
f 1196/858 1189/855 1195/831
f 1189/855 1196/858 1190/856
f 1197/836 1193/838 980/688
f 1193/838 1197/836 1198/837
f 1198/837 1199/839 1193/838
f 1193/838 1199/839 1194/840
f 1194/840 1199/839 1200/859
f 1200/859 1195/831 1194/840
f 1195/831 1200/859 1196/858
f 1201/860 1196/858 1200/859
f 1190/856 1196/858 1201/860
f 980/688 986/694 1197/836
f 1197/836 986/694 1007/703
f 1007/703 1202/832 1197/836
f 1198/837 1197/836 1202/832
f 1202/832 1203/833 1198/837
f 1200/859 1198/837 1203/833
f 1198/837 1200/859 1199/839
f 1202/832 1007/703 1006/702
f 1006/702 1204/828 1202/832
f 1203/833 1202/832 1204/828
f 1204/828 1205/861 1203/833
f 1203/833 1205/861 1200/859
f 1200/859 1205/861 1201/860
f 1206/822 1201/860 1205/861
f 1201/860 1206/822 1207/862
f 1207/862 1208/863 1201/860
f 1201/860 1208/863 1190/856
f 1190/856 1208/863 1209/864
f 1209/864 1191/857 1190/856
f 1204/828 1006/702 1210/827
f 1205/861 1204/828 1206/822
f 1005/701 1210/827 1006/702
f 1004/700 1210/827 1005/701
f 1206/822 1210/827 1004/700
f 1207/862 1206/822 1004/700
f 1004/700 1211/700 1207/862
f 1208/863 1207/862 1211/700
f 1211/700 1209/864 1208/863
f 1209/864 1211/700 1212/811
f 1212/811 1213/811 1209/864
f 1191/857 1209/864 1213/811
f 1213/811 1214/821 1191/857
f 1214/821 1215/814 1191/857
f 1191/857 1215/814 1192/815
f 1211/700 1004/700 1012/637
f 1012/637 1212/811 1211/700
f 1012/637 1017/638 1212/811
f 1212/811 1017/638 1216/807
f 1217/812 1212/811 1216/807
f 1212/811 1217/812 1218/813
f 1213/811 1212/811 1218/813
f 1218/813 1214/821 1213/811
f 1215/814 1214/821 1218/813
f 1218/813 1219/809 1215/814
f 1192/815 1215/814 1219/809
f 1219/809 1220/810 1192/815
f 1192/815 1220/810 1179/804
f 1016/704 1216/807 1017/638
f 1216/807 1016/704 1221/801
f 1221/801 1222/802 1216/807
f 1216/807 1222/802 1223/808
f 1223/808 1217/812 1216/807
f 1218/813 1216/807 1217/812
f 1216/807 1218/813 1217/812
f 1218/813 1217/812 1223/808
f 1223/808 1219/809 1218/813
f 1219/809 1223/808 1224/803
f 1224/803 1220/810 1219/809
f 1220/810 1224/803 1179/804
f 1179/804 1224/803 1225/797
f 1225/797 1180/798 1179/804
f 1176/793 1180/798 1225/797
f 1021/627 1221/801 1016/704
f 1021/627 1226/796 1221/801
f 1221/801 1226/796 1225/797
f 1225/797 1222/802 1221/801
f 1222/802 1225/797 1224/803
f 1224/803 1223/808 1222/802
f 1225/797 1226/796 1176/793
f 1021/627 1176/793 1226/796
f 1021/627 1115/790 1176/793
f 1115/790 1021/627 1227/628
f 1109/786 1115/790 1227/628
f 1227/628 1228/781 1109/786
f 1110/782 1109/786 1228/781
f 1020/620 1227/628 1021/627
f 1227/628 1020/620 1229/621
f 1229/621 1230/775 1227/628
f 1230/775 1228/781 1227/628
f 1231/776 1228/781 1230/775
f 1228/781 1231/776 1110/782
f 1110/782 1231/776 1232/783
f 1232/783 1233/789 1110/782
f 1103/788 1110/782 1233/789
f 1024/614 1229/621 1020/620
f 1234/615 1229/621 1024/614
f 1229/621 1234/615 1235/622
f 1235/622 1230/775 1229/621
f 1236/770 1230/775 1235/622
f 1230/775 1236/770 1231/776
f 1231/776 1236/770 1237/777
f 1237/777 1232/783 1231/776
f 1237/777 1238/784 1232/783
f 1233/789 1232/783 1238/784
f 1024/614 1023/608 1234/615
f 1239/616 1234/615 1023/608
f 1235/622 1234/615 1239/616
f 1239/616 1240/758 1235/622
f 1241/764 1235/622 1240/758
f 1235/622 1241/764 1236/770
f 1023/608 1242/609 1239/616
f 1239/616 1242/609 1243/617
f 1243/617 1244/752 1239/616
f 1240/758 1239/616 1244/752
f 1242/609 1023/608 1022/602
f 1022/602 1027/610 1242/609
f 1243/617 1242/609 1027/610
f 1027/610 1245/865 1243/617
f 1243/617 1245/865 1246/866
f 1246/866 1247/747 1243/617
f 1244/752 1243/617 1247/747
f 1247/747 1248/748 1244/752
f 1249/753 1244/752 1248/748
f 1244/752 1249/753 1240/758
f 1246/866 1245/865 1026/706
f 1026/706 1025/705 1246/866
f 1250/599 1251/605 1246/866
f 1251/605 1252/867 1246/866
f 1246/866 1252/867 857/730
f 857/730 847/732 1246/866
f 1246/866 847/732 840/733
f 840/733 1253/734 1246/866
f 1246/866 1253/734 1254/740
f 1254/740 1247/747 1246/866
f 1025/705 1250/599 1246/866
f 1255/595 1250/599 156/100
f 1250/599 1255/595 1256/600
f 1256/600 1251/605 1250/599
f 1251/605 1256/600 1257/606
f 1257/606 1252/867 1251/605
f 156/100 181/99 1255/595
f 181/99 1258/596 1255/595
f 1256/600 1255/595 1258/596
f 1258/596 1259/601 1256/600
f 1257/606 1256/600 1259/601
f 1259/601 1260/868 1257/606
f 1257/606 1260/868 1261/718
f 1257/606 1261/718 1262/723
f 1262/723 1252/867 1257/606
f 857/730 1252/867 1262/723
f 1262/723 856/731 857/730
f 1029/597 1258/596 181/99
f 1259/601 1258/596 1029/597
f 1029/597 1039/711 1259/601
f 1260/868 1259/601 1039/711
f 1039/711 1045/715 1260/868
f 1261/718 1260/868 1045/715
f 1045/715 1263/719 1261/718
f 1264/724 1261/718 1263/719
f 1261/718 1264/724 1262/723
f 856/731 1262/723 1264/724
f 1264/724 855/725 856/731
f 855/725 1264/724 1265/720
f 1265/720 851/726 855/725
f 851/726 1265/720 1266/721
f 1266/721 850/727 851/726
f 1044/716 1263/719 1045/715
f 1265/720 1263/719 1044/716
f 1263/719 1265/720 1264/724
f 1044/716 1266/721 1265/720
f 1050/722 1266/721 1044/716
f 1266/721 1050/722 849/728
f 849/728 850/727 1266/721
f 1144/821 1143/820 1135/814
f 1143/820 1136/815 1135/814
f 1267/852 1136/815 1143/820
f 1136/815 1267/852 1124/804
f 1125/805 1124/804 1267/852
f 1267/852 1173/846 1125/805
f 1143/820 1173/846 1267/852
f 1269/735 1268/741 1254/740
f 1268/741 1269/735 1270/737
f 1270/737 1271/742 1268/741
f 1268/741 1271/742 1272/749
f 1272/749 1248/748 1268/741
f 1248/748 1247/747 1254/740
f 1254/740 1253/734 1269/735
f 1269/735 1253/734 840/733
f 840/733 839/869 1269/735
f 1270/737 1269/735 839/869
f 839/869 836/870 1270/737
f 1270/737 836/870 835/739
f 835/739 1273/743 1270/737
f 1271/742 1270/737 1273/743
f 1273/743 1274/751 1271/742
f 1271/742 1274/751 1275/750
f 1275/750 1272/749 1271/742
f 1272/749 1275/750 1276/754
f 1276/754 1249/753 1272/749
f 1248/748 1272/749 1249/753
f 1273/743 835/739 832/744
f 832/744 1277/745 1273/743
f 1274/751 1273/743 1277/745
f 1277/745 1278/757 1274/751
f 1274/751 1278/757 1279/756
f 1279/756 1275/750 1274/751
f 1275/750 1279/756 1280/755
f 1280/755 1276/754 1275/750
f 1276/754 1280/755 1281/760
f 1281/760 1282/759 1276/754
f 1249/753 1276/754 1282/759
f 1282/759 1240/758 1249/753
f 1277/745 832/744 831/746
f 831/746 1283/871 1277/745
f 1277/745 1283/871 1078/763
f 1078/763 1278/757 1277/745
f 1279/756 1278/757 1078/763
f 1078/763 1077/762 1279/756
f 1280/755 1279/756 1077/762
f 1077/762 1076/761 1280/755
f 1281/760 1280/755 1076/761
f 1061/745 1283/871 831/746
f 1078/763 1283/871 1061/745
f 1076/761 1084/769 1281/760
f 1281/760 1084/769 1083/768
f 1083/768 1284/767 1281/760
f 1282/759 1281/760 1284/767
f 1284/767 1285/766 1282/759
f 1240/758 1282/759 1285/766
f 1285/766 1286/765 1240/758
f 1240/758 1286/765 1241/764
f 1287/771 1241/764 1286/765
f 1241/764 1287/771 1236/770
f 1284/767 1083/768 1089/774
f 1089/774 1288/773 1284/767
f 1285/766 1284/767 1288/773
f 1288/773 1289/772 1285/766
f 1285/766 1289/772 1286/765
f 1286/765 1289/772 1287/771
f 1287/771 1289/772 1290/872
f 1290/872 1291/873 1287/771
f 1287/771 1291/873 1292/780
f 1236/770 1287/771 1292/780
f 1288/773 1089/774 1293/874
f 1289/772 1288/773 1293/874
f 1293/874 1290/872 1289/772
f 1290/872 1293/874 1294/875
f 1294/875 1295/876 1290/872
f 1290/872 1295/876 1296/877
f 1296/877 1291/873 1290/872
f 1297/878 1291/873 1296/877
f 1292/780 1291/873 1297/878
f 1293/874 1089/774 1298/879
f 1298/879 1299/880 1293/874
f 1294/875 1293/874 1299/880
f 1299/880 1300/881 1294/875
f 1300/881 1301/882 1294/875
f 1301/882 1295/876 1294/875
f 1295/876 1301/882 1296/877
f 1301/882 1302/883 1296/877
f 1296/877 1302/883 1297/878
f 1298/879 1089/774 1303/874
f 1303/874 1304/880 1298/879
f 1305/884 1298/879 1304/880
f 1299/880 1298/879 1305/884
f 1305/884 1306/885 1299/880
f 1300/881 1299/880 1306/885
f 1306/885 1307/886 1300/881
f 1301/882 1300/881 1307/886
f 1302/883 1301/882 1307/886
f 1297/878 1302/883 1307/886
f 1088/773 1303/874 1089/774
f 1303/874 1088/773 1087/772
f 1087/772 1308/872 1303/874
f 1309/875 1303/874 1308/872
f 1304/880 1303/874 1309/875
f 1309/875 1310/881 1304/880
f 1311/885 1304/880 1310/881
f 1304/880 1311/885 1305/884
f 1308/872 1087/772 1086/771
f 1086/771 1312/873 1308/872
f 1308/872 1312/873 1313/877
f 1313/877 1314/876 1308/872
f 1308/872 1314/876 1309/875
f 1315/882 1309/875 1314/876
f 1310/881 1309/875 1315/882
f 1315/882 1316/886 1310/881
f 1310/881 1316/886 1311/885
f 1086/771 1095/780 1312/873
f 1317/878 1312/873 1095/780
f 1313/877 1312/873 1317/878
f 1317/878 1318/883 1313/877
f 1313/877 1318/883 1315/882
f 1314/876 1313/877 1315/882
f 1095/780 1319/887 1317/878
f 1317/878 1319/887 1320/888
f 1320/888 1321/889 1317/878
f 1317/878 1321/889 1316/886
f 1316/886 1318/883 1317/878
f 1318/883 1316/886 1315/882
f 1319/887 1095/780 1094/779
f 1094/779 1322/890 1319/887
f 1320/888 1319/887 1322/890
f 1322/890 1323/891 1320/888
f 1320/888 1323/891 1324/892
f 1324/892 1325/893 1320/888
f 1325/893 1305/884 1320/888
f 1305/884 1311/885 1320/888
f 1320/888 1311/885 1321/889
f 1316/886 1321/889 1311/885
f 1094/779 1100/785 1322/890
f 1100/785 1326/894 1322/890
f 1322/890 1326/894 1327/895
f 1327/895 1323/891 1322/890
f 1323/891 1327/895 1328/896
f 1328/896 1324/892 1323/891
f 1329/891 1324/892 1328/896
f 1324/892 1329/891 1330/888
f 1325/893 1324/892 1330/888
f 1330/888 1305/884 1325/893
f 1330/888 1306/885 1305/884
f 1100/785 1099/784 1326/894
f 1326/894 1099/784 1331/897
f 1331/897 1327/895 1326/894
f 1328/896 1327/895 1331/897
f 1331/897 1332/898 1328/896
f 1328/896 1332/898 1333/897
f 1333/897 1334/895 1328/896
f 1328/896 1334/895 1329/891
f 1335/890 1329/891 1334/895
f 1330/888 1329/891 1335/890
f 1099/784 1336/899 1331/897
f 1332/898 1331/897 1336/899
f 1336/899 1337/900 1332/898
f 1332/898 1337/900 1338/899
f 1338/899 1333/897 1332/898
f 1333/897 1338/899 1238/784
f 1238/784 1339/894 1333/897
f 1333/897 1339/894 1334/895
f 1334/895 1339/894 1335/890
f 1104/789 1336/899 1099/784
f 1340/901 1336/899 1104/789
f 1337/900 1336/899 1340/901
f 1340/901 1338/899 1337/900
f 1233/789 1338/899 1340/901
f 1238/784 1338/899 1233/789
f 1104/789 1341/902 1340/901
f 1340/901 1341/902 1233/789
f 1233/789 1341/902 1103/788
f 1103/788 1341/902 1104/789
f 1342/785 1335/890 1339/894
f 1343/779 1335/890 1342/785
f 1344/887 1335/890 1343/779
f 1335/890 1344/887 1330/888
f 1339/894 1238/784 1342/785
f 1238/784 1237/777 1342/785
f 1342/785 1237/777 1345/778
f 1342/785 1345/778 1343/779
f 1345/778 1236/770 1343/779
f 1292/780 1343/779 1236/770
f 1343/779 1292/780 1344/887
f 1297/878 1344/887 1292/780
f 1330/888 1344/887 1297/878
f 1297/878 1346/889 1330/888
f 1330/888 1346/889 1306/885
f 1307/886 1306/885 1346/889
f 1237/777 1236/770 1345/778
f 1307/886 1346/889 1297/878
f 1248/748 1254/740 1268/741
f 1245/865 1027/610 1026/706
f 1250/599 1025/705 156/100
f 1206/822 1204/828 1210/827
f 20/10 27/17 1347/419
f 1347/419 1348/420 20/10
f 20/10 1348/420 1349/423
f 1349/423 21/11 20/10
f 21/11 1349/423 1350/428
f 1350/428 22/12 21/11
f 22/12 1350/428 1351/431
f 1351/431 28/18 22/12
f 1352/421 1348/420 1347/419
f 1348/420 1352/421 1353/424
f 1353/424 1349/423 1348/420
f 1349/423 1353/424 1354/429
f 1354/429 1350/428 1349/423
f 1350/428 1354/429 1355/432
f 1355/432 1351/431 1350/428
f 1347/419 1356/422 1352/421
f 1357/426 1352/421 1356/422
f 1352/421 1357/426 1358/425
f 1358/425 1353/424 1352/421
f 1353/424 1358/425 1359/430
f 1359/430 1354/429 1353/424
f 1354/429 1359/430 1360/433
f 1360/433 1355/432 1354/429
f 1355/432 1360/433 1361/436
f 1361/436 1362/435 1355/432
f 1351/431 1355/432 1362/435
f 1356/422 1363/427 1357/426
f 1357/426 1363/427 1364/502
f 1364/502 1365/497 1357/426
f 1358/425 1357/426 1365/497
f 1365/497 1366/496 1358/425
f 1359/430 1358/425 1366/496
f 1366/496 1367/493 1359/430
f 1359/430 1367/493 1368/490
f 1368/490 1360/433 1359/430
f 1360/433 1368/490 1369/487
f 1369/487 1361/436 1360/433
f 1370/499 1365/497 1364/502
f 1365/497 1370/499 1371/495
f 1371/495 1366/496 1365/497
f 1366/496 1371/495 1372/492
f 1372/492 1367/493 1366/496
f 1367/493 1372/492 1373/489
f 1373/489 1368/490 1367/493
f 1369/487 1368/490 1373/489
f 1364/502 1374/501 1370/499
f 1375/498 1370/499 1374/501
f 1370/499 1375/498 1376/494
f 1376/494 1371/495 1370/499
f 1371/495 1376/494 1377/491
f 1377/491 1372/492 1371/495
f 1372/492 1377/491 1378/488
f 1378/488 1373/489 1372/492
f 1373/489 1378/488 1379/485
f 1379/485 1380/486 1373/489
f 1373/489 1380/486 1369/487
f 1374/501 1381/500 1375/498
f 1380/486 1379/485 1382/482
f 1382/482 1383/483 1380/486
f 1369/487 1380/486 1383/483
f 1361/436 1369/487 1384/484
f 1383/483 1382/482 1385/481
f 1385/481 1386/477 1383/483
f 1384/484 1383/483 1386/477
f 1386/477 1387/478 1384/484
f 1388/441 1384/484 1387/478
f 1384/484 1388/441 1361/436
f 1361/436 1388/441 1389/438
f 1389/438 1362/435 1361/436
f 1386/477 1385/481 1390/475
f 1390/475 1391/476 1386/477
f 1386/477 1391/476 1392/470
f 1392/470 1387/478 1386/477
f 1393/479 1387/478 1392/470
f 1394/450 1387/478 1393/479
f 1387/478 1394/450 1388/441
f 1388/441 1394/450 1395/440
f 1395/440 1389/438 1388/441
f 1391/476 1390/475 1396/474
f 1396/474 1397/469 1391/476
f 1392/470 1391/476 1397/469
f 1397/469 1398/462 1392/470
f 1399/471 1392/470 1398/462
f 1392/470 1399/471 1393/479
f 1400/503 1393/479 1399/471
f 1401/454 1393/479 1400/503
f 1393/479 1401/454 1394/450
f 1397/469 1396/474 1381/480
f 1381/480 1374/468 1397/469
f 1398/462 1397/469 1374/468
f 1374/468 1364/461 1398/462
f 1398/462 1364/461 1402/455
f 1402/455 1403/463 1398/462
f 1398/462 1403/463 1399/471
f 1402/455 1364/461 1363/449
f 1363/449 1404/451 1402/455
f 1405/456 1402/455 1404/451
f 1403/463 1402/455 1405/456
f 1405/456 1406/464 1403/463
f 1399/471 1403/463 1406/464
f 1406/464 1407/472 1399/471
f 1399/471 1407/472 1400/503
f 1404/451 1363/449 1408/446
f 1408/446 1409/452 1404/451
f 1410/457 1404/451 1409/452
f 1404/451 1410/457 1405/456
f 1405/456 1410/457 1411/467
f 1411/467 1412/466 1405/456
f 1405/456 1412/466 1413/465
f 1413/465 1406/464 1405/456
f 1414/445 1408/446 1363/449
f 1408/446 1414/445 1415/443
f 1415/443 1416/447 1408/446
f 1409/452 1408/446 1416/447
f 1416/447 1417/453 1409/452
f 1418/458 1409/452 1417/453
f 1417/453 1409/452 1418/458
f 1418/458 1409/452 1417/453
f 1409/452 1418/458 1410/457
f 1411/467 1410/457 1418/458
f 1363/449 1356/448 1414/445
f 1414/445 1356/448 1347/444
f 1347/444 1419/442 1414/445
f 1419/442 1415/443 1414/445
f 1415/443 1419/442 1420/439
f 1420/439 1395/440 1415/443
f 1416/447 1415/443 1395/440
f 1395/440 1394/450 1416/447
f 1416/447 1394/450 1401/454
f 1401/454 1417/453 1416/447
f 29/19 1419/442 1347/444
f 1419/442 29/19 30/23
f 30/23 1420/439 1419/442
f 1420/439 30/23 31/25
f 31/25 1421/437 1420/439
f 1420/439 1421/437 1389/438
f 1389/438 1395/440 1420/439
f 1347/444 27/21 29/19
f 31/25 35/26 1422/434
f 1422/434 1421/437 31/25
f 1421/437 1422/434 1362/435
f 1362/435 1389/438 1421/437
f 35/26 28/18 1351/431
f 1351/431 1422/434 35/26
f 1362/435 1422/434 1351/431
f 1417/453 1401/454 1423/460
f 1400/503 1423/460 1401/454
f 1401/454 1423/460 1400/503
f 1400/503 1423/460 1401/454
f 1423/460 1400/503 1424/504
f 1424/504 1425/506 1423/460
f 1423/460 1425/506 1426/510
f 1426/510 1427/459 1423/460
f 1423/460 1427/459 1417/453
f 1417/453 1427/459 1418/458
f 1428/511 1418/458 1427/459
f 1418/458 1428/511 1411/467
f 1424/504 1400/503 1407/472
f 1407/472 1429/473 1424/504
f 1430/505 1424/504 1429/473
f 1425/506 1424/504 1430/505
f 1430/505 1431/507 1425/506
f 1425/506 1431/507 1426/510
f 1426/510 1431/507 1432/508
f 1432/508 1428/511 1426/510
f 1427/459 1426/510 1428/511
f 1429/473 1407/472 1406/464
f 1406/464 1413/465 1429/473
f 1430/505 1429/473 1413/465
f 1430/505 1433/509 1432/508
f 1432/508 1431/507 1430/505
f 1413/465 1433/509 1430/505
f 1433/509 1413/465 1412/466
f 1412/466 1432/508 1433/509
f 1412/466 1411/467 1432/508
f 1428/511 1432/508 1411/467
f 1384/484 1369/487 1383/483
f 1434/903 721/474 727/480
f 722/475 721/474 1434/903
f 1434/903 1435/904 722/475
f 728/481 722/475 1435/904
f 727/480 1436/905 1434/903
f 1435/904 1437/906 728/481
f 729/482 728/481 1437/906
f 1437/906 1438/907 729/482
f 732/485 729/482 1438/907
f 1438/907 1439/908 732/485
f 732/485 1439/908 1440/909
f 1440/909 735/488 732/485
f 735/488 1440/909 1441/910
f 1441/910 738/491 735/488
f 738/491 1441/910 1442/911
f 1442/911 741/494 738/491
f 741/494 1442/911 1443/912
f 1443/912 745/498 741/494
f 745/498 1443/912 1436/913
f 1436/913 727/500 745/498
f 1375/498 1381/500 1444/913
f 1444/913 1445/912 1375/498
f 1376/494 1375/498 1445/912
f 1445/912 1446/911 1376/494
f 1377/491 1376/494 1446/911
f 1446/911 1447/910 1377/491
f 1378/488 1377/491 1447/910
f 1447/910 1448/909 1378/488
f 1379/485 1378/488 1448/909
f 1448/909 1449/908 1379/485
f 1379/485 1449/908 1450/907
f 1450/907 1382/482 1379/485
f 1382/482 1450/907 1451/906
f 1451/906 1385/481 1382/482
f 1385/481 1451/906 1452/904
f 1452/904 1390/475 1385/481
f 1390/475 1452/904 1453/903
f 1453/903 1396/474 1390/475
f 1381/480 1396/474 1453/903
f 1453/903 1444/905 1381/480
f 528/300 527/301 592/309
f 436/300 442/309 437/301
f 1460/916 1455/915 1454/914
f 1455/915 1460/916 1461/917
f 1461/917 1456/918 1455/915
f 1456/918 1461/917 1462/919
f 1462/919 1457/920 1456/918
f 1457/920 1462/919 1463/921
f 1463/921 1458/922 1457/920
f 1459/923 1458/922 1463/921
f 1463/921 1464/924 1459/923
f 1465/925 1459/923 1464/924
f 1454/914 1466/926 1460/916
f 1467/927 1460/916 1466/926
f 1460/916 1467/927 1468/928
f 1468/928 1461/917 1460/916
f 1461/917 1468/928 1469/929
f 1469/929 1462/919 1461/917
f 1462/919 1469/929 1470/930
f 1470/930 1463/921 1462/919
f 1464/924 1463/921 1470/930
f 1470/930 1471/931 1464/924
f 1472/932 1464/924 1471/931
f 1464/924 1472/932 1465/925
f 1466/926 1473/933 1467/927
f 1473/933 1474/934 1467/927
f 1468/928 1467/927 1474/934
f 1474/934 1475/935 1468/928
f 1468/928 1475/935 1476/936
f 1476/936 1469/929 1468/928
f 1469/929 1476/936 1477/937
f 1470/930 1469/929 1477/937
f 1477/937 1471/931 1470/930
f 1478/938 1471/931 1477/937
f 1479/939 1471/931 1478/938
f 1471/931 1479/939 1472/932
f 1480/940 1474/934 1473/933
f 1480/940 1481/941 1474/934
f 1474/934 1481/941 1482/942
f 1482/942 1483/943 1474/934
f 1475/935 1474/934 1483/943
f 1482/942 1481/941 1484/944
f 1484/944 1485/945 1482/942
f 1482/942 1485/945 1486/946
f 1483/943 1487/947 1475/935
f 1484/944 1480/940 1488/948
f 1489/949 1484/944 1488/948
f 1490/950 1484/944 1489/949
f 1484/944 1490/950 1491/951
f 1485/945 1484/944 1491/951
f 1486/946 1485/945 1491/951
f 1491/951 1492/952 1486/946
f 1475/935 1487/947 1492/952
f 1492/952 1493/953 1475/935
f 1493/953 1494/954 1475/935
f 1475/935 1494/954 1476/936
f 1488/948 1495/955 1489/949
f 1496/956 1489/949 1495/955
f 1497/957 1489/949 1496/956
f 1489/949 1497/957 1490/950
f 1498/958 1490/950 1497/957
f 1494/954 1490/950 1498/958
f 1494/954 1493/953 1490/950
f 1490/950 1493/953 1492/952
f 1492/952 1491/951 1490/950
f 1495/955 1499/959 1496/956
f 1496/956 1500/960 1497/957
f 1501/961 1497/957 1500/960
f 1497/957 1501/961 1498/958
f 1498/958 1501/961 1502/962
f 1502/962 1503/963 1498/958
f 1494/954 1498/958 1503/963
f 1503/963 1504/964 1494/954
f 1494/954 1504/964 1477/937
f 1477/937 1476/936 1494/954
f 1500/960 1505/965 1501/961
f 1502/962 1501/961 1505/965
f 1505/965 1506/966 1502/962
f 1507/967 1502/962 1506/966
f 1502/962 1507/967 1508/968
f 1508/968 1503/963 1502/962
f 1504/964 1502/962 1503/963
f 1502/962 1504/964 1503/963
f 1504/964 1503/963 1508/968
f 1508/968 1509/969 1504/964
f 1509/969 1478/938 1504/964
f 1504/964 1478/938 1477/937
f 1506/966 1510/970 1507/967
f 1511/971 1507/967 1510/970
f 1507/967 1511/971 1512/972
f 1512/972 1508/968 1507/967
f 1509/969 1508/968 1512/972
f 1512/972 1513/973 1509/969
f 1509/969 1513/973 1514/974
f 1514/974 1478/938 1509/969
f 1478/938 1514/974 1479/939
f 1510/970 1515/975 1511/971
f 1516/976 1511/971 1515/975
f 1511/971 1516/976 1517/977
f 1517/977 1512/972 1511/971
f 1513/973 1512/972 1517/977
f 1517/977 1518/978 1513/973
f 1513/973 1518/978 1514/974
f 1514/974 1518/978 1519/979
f 1519/979 1479/939 1514/974
f 1479/939 1519/979 1520/980
f 1520/980 1472/932 1479/939
f 1515/975 1521/981 1516/976
f 1495/982 1516/976 1521/981
f 1516/976 1495/982 1488/983
f 1488/983 1517/977 1516/976
f 1518/978 1517/977 1488/983
f 1488/983 1480/984 1518/978
f 1518/978 1480/984 1473/985
f 1473/985 1519/979 1518/978
f 1519/979 1473/985 1466/986
f 1466/986 1520/980 1519/979
f 1521/981 1499/987 1495/982
f 1520/980 1466/986 1454/988
f 1454/988 1522/989 1520/980
f 1472/932 1520/980 1522/989
f 1522/989 1465/925 1472/932
f 1528/976 1524/977 1523/983
f 1524/977 1528/976 1529/971
f 1529/971 1525/972 1524/977
f 1525/972 1529/971 1530/967
f 1530/967 1526/968 1525/972
f 1526/968 1530/967 1531/962
f 1531/962 1527/963 1526/968
f 1532/958 1527/963 1531/962
f 1523/983 1533/982 1528/976
f 1534/981 1528/976 1533/982
f 1528/976 1534/981 1535/975
f 1535/975 1529/971 1528/976
f 1529/971 1535/975 1536/970
f 1536/970 1530/967 1529/971
f 1530/967 1536/970 1537/966
f 1537/966 1531/962 1530/967
f 1531/962 1537/966 1538/965
f 1538/965 1539/961 1531/962
f 1531/962 1539/961 1532/958
f 1533/982 1540/987 1534/981
f 1539/961 1538/965 1541/960
f 1541/960 1542/957 1539/961
f 1532/958 1539/961 1542/957
f 1542/957 1543/950 1532/958
f 1542/957 1541/960 1544/956
f 1544/956 1545/949 1542/957
f 1543/950 1542/957 1545/949
f 1545/949 1546/944 1543/950
f 1533/955 1545/949 1544/956
f 1545/949 1533/955 1523/948
f 1523/948 1546/944 1545/949
f 1544/956 1540/959 1533/955
f 1484/944 1481/941 1480/940
f 1486/946 1487/947 1483/943
f 1486/946 1483/943 1482/942
f 1492/952 1487/947 1486/946
f 1550/992 1549/991 1548/990
f 1551/993 1549/991 1550/992
f 1552/994 1549/991 1551/993
f 1549/991 1552/994 1553/995
f 1553/995 1554/994 1549/991
f 1554/994 1555/993 1549/991
f 1555/993 1547/992 1549/991
f 1548/998 1547/997 1556/996
f 1557/999 1556/996 1547/997
f 1558/1000 1556/996 1557/999
f 1556/996 1558/1000 1559/1001
f 1559/1001 1560/1002 1556/996
f 1556/996 1560/1002 1548/998
f 1548/998 1560/1002 1561/996
f 1561/996 1550/997 1548/998
f 1547/997 1555/1003 1557/999
f 1562/1004 1557/999 1555/1003
f 1563/1005 1557/999 1562/1004
f 1557/999 1563/1005 1558/1000
f 1555/1003 1554/1006 1562/1004
f 1564/1007 1562/1004 1554/1006
f 1565/1008 1554/1006 1562/1004
f 1554/1006 1565/1008 1562/1004
f 1565/1008 1562/1004 1564/1007
f 1562/1004 1565/1008 1563/1005
f 1554/1006 1553/1009 1564/1007
f 1564/1007 1553/1009 1552/1006
f 1552/1006 1566/1004 1564/1007
f 1564/1007 1566/1004 1567/1008
f 1567/1008 1568/1010 1564/1007
f 1564/1007 1568/1010 1565/1008
f 1566/1004 1552/1006 1551/1003
f 1551/1003 1569/999 1566/1004
f 1566/1004 1569/999 1570/1005
f 1570/1005 1567/1008 1566/1004
f 1569/999 1551/1003 1550/997
f 1550/997 1561/996 1569/999
f 1569/999 1561/996 1571/1000
f 1571/1000 1570/1005 1569/999
f 1559/1001 1571/1000 1561/996
f 1561/996 1560/1002 1559/1001
f 1558/1000 1563/1005 1572/1011
f 1572/1011 1573/1012 1558/1000
f 1559/1001 1558/1000 1573/1012
f 1563/1005 1565/1008 1574/1013
f 1574/1013 1572/1011 1563/1005
f 1572/1011 1574/1013 1575/1014
f 1575/1014 1576/1015 1572/1011
f 1573/1012 1572/1011 1576/1015
f 1565/1008 1568/1010 1577/1016
f 1577/1016 1574/1013 1565/1008
f 1574/1013 1577/1016 1578/1017
f 1578/1017 1575/1014 1574/1013
f 1579/1018 1575/1014 1578/1017
f 1576/1015 1575/1014 1579/1018
f 1580/1013 1567/1008 1570/1005
f 1567/1008 1580/1013 1577/1016
f 1577/1016 1568/1010 1567/1008
f 1581/1011 1570/1005 1571/1000
f 1570/1005 1581/1011 1580/1013
f 1582/1014 1580/1013 1581/1011
f 1580/1013 1582/1014 1578/1017
f 1578/1017 1577/1016 1580/1013
f 1583/1012 1571/1000 1559/1001
f 1571/1000 1583/1012 1581/1011
f 1584/1015 1581/1011 1583/1012
f 1581/1011 1584/1015 1582/1014
f 1585/1018 1582/1014 1584/1015
f 1582/1014 1585/1018 1586/1019
f 1586/1019 1578/1017 1582/1014
f 1578/1017 1586/1019 1579/1018
f 1584/1015 1587/1020 1585/1018
f 1587/1020 1584/1015 1588/1021
f 1588/1021 1589/1022 1587/1020
f 1589/1022 1588/1021 1590/1023
f 1590/1023 1591/1019 1589/1022
f 1592/1022 1591/1019 1590/1023
f 1590/1023 1593/1021 1592/1022
f 1594/1020 1592/1022 1593/1021
f 1583/1012 1588/1021 1584/1015
f 1588/1021 1583/1012 1595/1024
f 1595/1024 1590/1023 1588/1021
f 1593/1021 1590/1023 1595/1024
f 1595/1024 1573/1012 1593/1021
f 1576/1015 1593/1021 1573/1012
f 1593/1021 1576/1015 1594/1020
f 1579/1018 1594/1020 1576/1015
f 1559/1001 1595/1024 1583/1012
f 1573/1012 1595/1024 1559/1001
f 1548/990 1549/991 1547/992
f 1596/1027 1597/1026 1598/1025
f 1598/1025 1599/1028 1596/1027
f 1596/1027 1599/1028 1600/1029
f 1600/1029 1601/1030 1596/1027
f 1601/1030 1600/1029 1602/1031
f 1602/1031 1603/1032 1601/1030
f 1603/1032 1602/1031 1604/1033
f 1604/1033 1605/1034 1603/1032
f 1599/1028 1598/1025 1454/914
f 1454/914 1455/915 1599/1028
f 1599/1028 1455/915 1456/918
f 1456/918 1600/1029 1599/1028
f 1600/1029 1456/918 1457/920
f 1457/920 1602/1031 1600/1029
f 1602/1031 1457/920 1458/922
f 1458/922 1604/1033 1602/1031
f 1604/1033 1458/922 1459/923
f 1459/923 1606/1035 1604/1033
f 1605/1034 1604/1033 1606/1035
f 1606/1035 1607/1036 1605/1034
f 1459/923 1457/920 1458/922
f 1457/920 1459/923 1458/922
f 1606/1035 1459/923 1465/925
f 1465/925 1522/989 1608/1037
f 1608/1037 1609/1038 1465/925
f 1465/925 1609/1038 1606/1035
f 1607/1036 1606/1035 1609/1038
f 1609/1038 1610/1039 1607/1036
f 1522/989 1454/988 1598/1040
f 1598/1040 1608/1037 1522/989
f 1608/1037 1598/1040 1597/1041
f 1597/1041 1611/1042 1608/1037
f 1609/1038 1608/1037 1611/1042
f 1611/1042 1610/1039 1609/1038
f 1612/914 1613/915 1614/916
f 1614/916 1615/926 1612/914
f 1615/926 1614/916 1616/927
f 1616/927 1617/933 1615/926
f 1613/915 1618/918 1619/917
f 1619/917 1614/916 1613/915
f 1614/916 1619/917 1620/928
f 1620/928 1616/927 1614/916
f 1621/934 1616/927 1620/928
f 1617/933 1616/927 1621/934
f 1622/940 1617/933 1621/934
f 1618/918 1623/920 1624/919
f 1624/919 1619/917 1618/918
f 1619/917 1624/919 1625/929
f 1625/929 1620/928 1619/917
f 1620/928 1625/929 1626/936
f 1626/936 1627/935 1620/928
f 1620/928 1627/935 1621/934
f 1623/920 1628/922 1629/921
f 1629/921 1624/919 1623/920
f 1624/919 1629/921 1630/930
f 1630/930 1625/929 1624/919
f 1625/929 1630/930 1631/937
f 1631/937 1626/936 1625/929
f 1632/954 1626/936 1631/937
f 1627/935 1626/936 1632/954
f 1629/921 1628/922 1633/923
f 1633/923 1634/924 1629/921
f 1630/930 1629/921 1634/924
f 1634/924 1635/931 1630/930
f 1631/937 1630/930 1635/931
f 1636/938 1631/937 1635/931
f 1637/964 1631/937 1636/938
f 1631/937 1637/964 1632/954
f 1634/924 1633/923 1638/925
f 1638/925 1639/932 1634/924
f 1635/931 1634/924 1639/932
f 1639/932 1640/939 1635/931
f 1636/938 1635/931 1640/939
f 1640/939 1641/974 1636/938
f 1642/969 1636/938 1641/974
f 1637/964 1636/938 1642/969
f 1639/932 1638/925 1643/989
f 1643/989 1644/980 1639/932
f 1640/939 1639/932 1644/980
f 1644/980 1645/979 1640/939
f 1641/974 1640/939 1645/979
f 1645/979 1646/978 1641/974
f 1647/973 1641/974 1646/978
f 1641/974 1647/973 1642/969
f 1644/980 1643/989 1612/988
f 1612/988 1615/986 1644/980
f 1645/979 1644/980 1615/986
f 1615/986 1617/985 1645/979
f 1646/978 1645/979 1617/985
f 1617/985 1622/984 1646/978
f 1646/978 1622/984 1523/983
f 1523/983 1524/977 1646/978
f 1647/973 1646/978 1524/977
f 1524/977 1525/972 1647/973
f 1642/969 1647/973 1525/972
f 1525/972 1526/968 1642/969
f 1637/964 1642/969 1526/968
f 1526/968 1527/963 1637/964
f 1632/954 1637/964 1527/963
f 1527/963 1532/958 1632/954
f 1632/954 1532/958 1543/950
f 1543/950 1648/953 1632/954
f 1648/953 1627/935 1632/954
f 1649/951 1543/950 1546/944
f 1546/944 1543/950 1649/951
f 1649/951 1543/950 1546/944
f 1543/950 1649/951 1650/952
f 1650/952 1648/953 1543/950
f 1627/935 1648/953 1650/952
f 1650/952 1651/947 1627/935
f 1627/935 1651/947 1652/943
f 1652/943 1621/934 1627/935
f 1546/944 1523/948 1622/940
f 1622/940 1653/941 1546/944
f 1546/944 1653/941 1654/942
f 1654/942 1655/945 1546/944
f 1546/944 1655/945 1649/951
f 1621/934 1653/941 1622/940
f 1654/942 1653/941 1621/934
f 1621/934 1652/943 1654/942
f 1656/946 1654/942 1652/943
f 1654/942 1656/946 1655/945
f 1655/945 1656/946 1649/951
f 1649/951 1656/946 1650/952
f 1650/952 1656/946 1651/947
f 1656/946 1652/943 1651/947
f 1657/1025 1658/1026 1659/1027
f 1659/1027 1660/1028 1657/1025
f 1612/914 1657/1025 1660/1028
f 1660/1028 1613/915 1612/914
f 1661/1029 1660/1028 1659/1027
f 1660/1028 1661/1029 1618/918
f 1618/918 1613/915 1660/1028
f 1659/1027 1662/1030 1661/1029
f 1663/1031 1661/1029 1662/1030
f 1662/1030 1661/1029 1663/1031
f 1663/1031 1661/1029 1662/1030
f 1661/1029 1663/1031 1623/920
f 1623/920 1618/918 1661/1029
f 1662/1030 1664/1032 1663/1031
f 1665/1033 1663/1031 1664/1032
f 1663/1031 1665/1033 1628/922
f 1628/922 1623/920 1663/1031
f 1664/1032 1666/1034 1665/1033
f 1667/1035 1665/1033 1666/1034
f 1666/1034 1665/1033 1667/1035
f 1667/1035 1665/1033 1666/1034
f 1665/1033 1667/1035 1633/923
f 1633/923 1628/922 1665/1033
f 1666/1034 1668/1036 1667/1035
f 1669/1038 1667/1035 1668/1036
f 1668/1036 1667/1035 1669/1038
f 1669/1038 1667/1035 1668/1036
f 1667/1035 1669/1038 1638/925
f 1638/925 1633/923 1667/1035
f 1668/1036 1670/1039 1669/1038
f 1669/1038 1670/1039 1671/1042
f 1671/1042 1672/1037 1669/1038
f 1638/925 1669/1038 1672/1037
f 1672/1037 1669/1038 1638/925
f 1672/1037 1643/989 1638/925
f 1672/1037 1671/1042 1658/1041
f 1658/1041 1657/1040 1672/1037
f 1643/989 1672/1037 1657/1040
f 1657/1040 1612/988 1643/989
f 1673/1045 1674/1044 1675/1043
f 1675/1043 1676/1046 1673/1045
f 1673/1045 1676/1046 1677/1047
f 1677/1047 1678/1048 1673/1045
f 1678/1048 1677/1047 1679/1049
f 1679/1049 1680/1050 1678/1048
f 1681/1051 1680/1050 1679/1049
f 1682/1052 1676/1046 1675/1043
f 1683/1053 1677/1047 1676/1046
f 1677/1047 1683/1053 1684/1054
f 1684/1054 1679/1049 1677/1047
f 1679/1049 1684/1054 1685/1055
f 1685/1055 1686/1056 1679/1049
f 1679/1049 1686/1056 1681/1051
f 1681/1051 1686/1056 1687/1049
f 1687/1049 1688/1050 1681/1051
f 1675/1043 1689/1057 1682/1052
f 1682/1052 1689/1057 1690/1058
f 1690/1058 1691/1059 1682/1052
f 1683/1053 1682/1052 1691/1059
f 1691/1059 1684/1054 1683/1053
f 1685/1055 1684/1054 1691/1059
f 1691/1059 1692/1060 1685/1055
f 1685/1055 1692/1060 1693/1059
f 1693/1059 1694/1054 1685/1055
f 1685/1055 1694/1054 1687/1049
f 1687/1049 1686/1056 1685/1055
f 1691/1059 1690/1058 1695/1061
f 1695/1061 1692/1060 1691/1059
f 1693/1059 1692/1060 1695/1061
f 1695/1061 1696/1058 1693/1059
f 1697/1052 1693/1059 1696/1058
f 1693/1059 1697/1052 1698/1053
f 1698/1053 1694/1054 1693/1059
f 1694/1054 1698/1053 1699/1047
f 1699/1047 1687/1049 1694/1054
f 1687/1049 1699/1047 1700/1048
f 1700/1048 1688/1050 1687/1049
f 1696/1058 1701/1057 1697/1052
f 1697/1052 1701/1057 1702/1043
f 1702/1043 1703/1046 1697/1052
f 1698/1053 1697/1052 1703/1046
f 1703/1046 1699/1047 1698/1053
f 1700/1048 1699/1047 1704/1045
f 1703/1046 1704/1045 1699/1047
f 1704/1045 1703/1046 1702/1043
f 1702/1043 1705/1044 1704/1045
f 1676/1046 1682/1052 1683/1053
f 1706/1064 1707/1063 1708/1062
f 1709/1065 1708/1062 1707/1063
f 1709/1065 1710/1066 1708/1062
f 1708/1062 1710/1066 1706/1064
f 1711/1067 1706/1064 1710/1066
f 1710/1066 1712/1068 1711/1067
f 1713/1069 1711/1067 1712/1068
f 1712/1068 1714/1070 1713/1069
f 1715/1071 1713/1069 1714/1070
f 1707/1063 1716/1072 1709/1065
f 1717/1073 1709/1065 1716/1072
f 1709/1065 1717/1073 1710/1066
f 1716/1072 1718/1074 1717/1073
f 1719/1075 1717/1073 1718/1074
f 1717/1073 1719/1075 1710/1066
f 1718/1074 1720/1076 1719/1075
f 1721/1077 1719/1075 1720/1076
f 1719/1075 1721/1077 1710/1066
f 1720/1076 1722/1078 1721/1077
f 1723/1079 1721/1077 1722/1078
f 1721/1077 1723/1079 1710/1066
f 1722/1078 1724/1080 1723/1079
f 1725/1081 1723/1079 1724/1080
f 1723/1079 1725/1081 1710/1066
f 1724/1080 1726/1082 1725/1081
f 1727/1083 1725/1081 1726/1082
f 1725/1081 1727/1083 1710/1066
f 1726/1082 1728/1084 1727/1083
f 1729/1085 1727/1083 1728/1084
f 1727/1083 1729/1085 1710/1066
f 1728/1084 1730/1086 1729/1085
f 1731/1087 1729/1085 1730/1086
f 1729/1085 1731/1087 1710/1066
f 1730/1086 1732/1088 1731/1087
f 1733/1089 1731/1087 1732/1088
f 1731/1087 1733/1089 1710/1066
f 1732/1088 1734/1090 1733/1089
f 1735/1091 1733/1089 1734/1090
f 1733/1089 1735/1091 1710/1066
f 1734/1090 1736/1092 1735/1091
f 1737/1093 1735/1091 1736/1092
f 1735/1091 1737/1093 1710/1066
f 1736/1092 1738/1094 1737/1093
f 1739/1095 1737/1093 1738/1094
f 1737/1093 1739/1095 1710/1066
f 1738/1094 1740/1096 1739/1095
f 1741/1097 1739/1095 1740/1096
f 1739/1095 1741/1097 1710/1066
f 1741/1097 1742/1098 1710/1066
f 1742/1098 1743/1099 1710/1066
f 1743/1099 1744/1100 1710/1066
f 1710/1066 1744/1100 1745/1101
f 1745/1101 1714/1070 1710/1066
f 1714/1070 1712/1068 1710/1066
f 1740/1096 1746/1102 1741/1097
f 1742/1098 1741/1097 1746/1102
f 1746/1102 1747/1103 1742/1098
f 1743/1099 1742/1098 1747/1103
f 1747/1103 1748/1104 1743/1099
f 1744/1100 1743/1099 1748/1104
f 1748/1104 1749/1105 1744/1100
f 1745/1101 1744/1100 1749/1105
f 1749/1105 1715/1071 1745/1101
f 1714/1070 1745/1101 1715/1071
f 1750/1108 1751/1107 1752/1106
f 1751/1107 1750/1108 1753/1109
f 1753/1109 1754/1110 1751/1107
f 1754/1110 1753/1109 1755/1111
f 1755/1111 1756/1112 1754/1110
f 1756/1112 1755/1111 1757/1113
f 1757/1113 1758/1114 1756/1112
f 1752/1106 1759/1066 1750/1108
f 1750/1108 1759/1066 1753/1109
f 1753/1109 1759/1066 1755/1111
f 1755/1111 1759/1066 1757/1113
f 1757/1113 1759/1066 1760/1115
f 1758/1114 1757/1113 1760/1115
f 1760/1115 1761/1116 1758/1114
f 1761/1116 1760/1115 1762/1117
f 1762/1117 1763/1118 1761/1116
f 1763/1118 1762/1117 1764/1119
f 1764/1119 1765/1120 1763/1118
f 1759/1066 1752/1106 1766/1121
f 1766/1121 1767/1122 1759/1066
f 1768/1123 1759/1066 1767/1122
f 1769/1124 1759/1066 1768/1123
f 1770/1125 1759/1066 1769/1124
f 1773/1127 1759/1066 1772/1126
f 1774/1128 1759/1066 1773/1127
f 1776/1130 1759/1066 1775/1129
f 1777/1131 1759/1066 1776/1130
f 1778/1132 1759/1066 1777/1131
f 1779/1133 1759/1066 1778/1132
f 1780/1134 1759/1066 1779/1133
f 1764/1119 1759/1066 1780/1134
f 1762/1117 1759/1066 1764/1119
f 1760/1115 1759/1066 1762/1117
f 1767/1122 1766/1121 1781/1135
f 1781/1135 1768/1123 1767/1122
f 1768/1123 1781/1135 1782/1136
f 1782/1136 1769/1124 1768/1123
f 1769/1124 1782/1136 1783/1137
f 1783/1137 1770/1125 1769/1124
f 1770/1125 1783/1137 1784/1138
f 1784/1138 1771/1139 1770/1125
f 1771/1139 1784/1138 1785/1140
f 1785/1140 1772/1126 1771/1139
f 1772/1126 1785/1140 1786/1141
f 1786/1141 1773/1127 1772/1126
f 1773/1127 1786/1141 1787/1142
f 1787/1142 1774/1128 1773/1127
f 1774/1128 1787/1142 1788/1143
f 1788/1143 1775/1129 1774/1128
f 1775/1129 1788/1143 1789/1144
f 1789/1144 1776/1130 1775/1129
f 1776/1130 1789/1144 1790/1145
f 1790/1145 1777/1131 1776/1130
f 1777/1131 1790/1145 1791/1146
f 1791/1146 1778/1132 1777/1131
f 1778/1132 1791/1146 1792/1147
f 1792/1147 1779/1133 1778/1132
f 1779/1133 1792/1147 1793/1148
f 1793/1148 1780/1134 1779/1133
f 1780/1134 1793/1148 1765/1120
f 1765/1120 1764/1119 1780/1134
f 1771/1139 1772/1126 1759/1066
f 1759/1066 1770/1125 1771/1139
f 1774/1128 1775/1129 1759/1066
usemtl Texture_002
f 1891/1151 1983/1150 1984/1149
f 1814/1153 1817/1152 1983/1150
f 1817/1152 1985/1154 1983/1150
f 1985/1154 1984/1149 1983/1150
f 1984/1149 1985/1154 2009/1155
f 2011/1156 1984/1149 2009/1155
f 1815/1158 1816/1157 1814/1153
f 1816/1157 1817/1152 1814/1153
f 1816/1157 2003/1159 1817/1152
f 2003/1159 2006/1160 1817/1152
f 1817/1152 2006/1160 1985/1154
f 2006/1160 2009/1155 1985/1154
f 1815/1158 1813/1162 1812/1161
f 1815/1158 1812/1161 1816/1157
f 1816/1157 1812/1161 2002/1163
f 1816/1157 2002/1163 2003/1159
f 2003/1159 2002/1163 2017/1164
f 2004/1165 2003/1159 2017/1164
f 2003/1159 2004/1165 2005/1166
f 2006/1160 2003/1159 2005/1166
f 1812/1161 1813/1162 1810/1167
f 2002/1163 1812/1161 1811/1168
f 1812/1161 1810/1167 1811/1168
f 1810/1167 1839/1169 1811/1168
f 1839/1169 1838/1170 1811/1168
f 1811/1168 1838/1170 1999/1171
f 1811/1168 1999/1171 2002/1163
f 1839/1169 1832/1172 1838/1170
f 1832/1172 1831/1173 1838/1170
f 1831/1173 1998/1174 1838/1170
f 1838/1170 1998/1174 1999/1171
f 1998/1174 2022/1175 1999/1171
f 2022/1175 2000/1176 1999/1171
f 2000/1176 2001/1177 1999/1171
f 2001/1177 2002/1163 1999/1171
f 1794/1179 1797/1178 1832/1172
f 1797/1178 1831/1173 1832/1172
f 1797/1178 1995/1180 1831/1173
f 1995/1180 1997/1181 1831/1173
f 1997/1181 1998/1174 1831/1173
f 1998/1174 1997/1181 1830/1182
f 1836/1183 1998/1174 1830/1182
f 2022/1175 1998/1174 1836/1183
f 1794/1179 1795/1185 1796/1184
f 1794/1179 1796/1184 1797/1178
f 1797/1178 1796/1184 1996/1186
f 1797/1178 1996/1186 1995/1180
f 1995/1180 1996/1186 1804/1187
f 1802/1188 1995/1180 1804/1187
f 1995/1180 1802/1188 1830/1182
f 1997/1181 1995/1180 1830/1182
f 1795/1185 1897/1189 1796/1184
f 1897/1189 1896/1190 1796/1184
f 1796/1184 1896/1190 1996/1186
f 1896/1190 1798/1191 1996/1186
f 1996/1186 1798/1191 1804/1187
f 1896/1190 1897/1189 1895/1192
f 1894/1193 1896/1190 1895/1192
f 1896/1190 1894/1193 1799/1194
f 1896/1190 1799/1194 1798/1191
f 1798/1191 1799/1194 1800/1195
f 1798/1191 1800/1195 1808/1196
f 1808/1196 1804/1187 1798/1191
f 1895/1192 1892/1197 1894/1193
f 1892/1197 1893/1198 1894/1193
f 1893/1198 2026/1199 1894/1193
f 2026/1199 1799/1194 1894/1193
f 2026/1199 1890/1200 1799/1194
f 1799/1194 1890/1200 1800/1195
f 1994/1202 1822/1201 1800/1195
f 1800/1195 1822/1201 1808/1196
f 1823/1203 1822/1201 1994/1202
f 1821/1204 1822/1201 1823/1203
f 1821/1204 1809/1205 1822/1201
f 1809/1205 1808/1196 1822/1201
f 1808/1196 1809/1205 1807/1206
f 1841/1207 1808/1196 1807/1206
f 1808/1196 1841/1207 1804/1187
f 1823/1203 1824/1208 1821/1204
f 1863/1209 1821/1204 1824/1208
f 1809/1205 1821/1204 1863/1209
f 1854/1210 1809/1205 1863/1209
f 1809/1205 1854/1210 1855/1211
f 1809/1205 1855/1211 1807/1206
f 1850/1212 1807/1206 1855/1211
f 1850/1212 1851/1213 1807/1206
f 1851/1213 1841/1207 1807/1206
f 1824/1208 1862/1214 1863/1209
f 1862/1214 1889/1215 1863/1209
f 1863/1209 1889/1215 1854/1210
f 1889/1215 1888/1216 1854/1210
f 1854/1210 1888/1216 1855/1211
f 1888/1216 1887/1217 1855/1211
f 1887/1217 1856/1218 1855/1211
f 1856/1218 1850/1212 1855/1211
f 1862/1214 1880/1219 1889/1215
f 1880/1219 1879/1220 1889/1215
f 1889/1215 1879/1220 1888/1216
f 1879/1220 1864/1221 1888/1216
f 1888/1216 1864/1221 1887/1217
f 1864/1221 1867/1222 1887/1217
f 1887/1217 1867/1222 1856/1218
f 1867/1222 1869/1223 1856/1218
f 1869/1223 1868/1224 1856/1218
f 1856/1218 1868/1224 1869/1223
f 1869/1223 1867/1222 1868/1224
f 1867/1222 1866/1225 1868/1224
f 1868/1224 1866/1225 1872/1226
f 1879/1220 1880/1219 1877/1227
f 1881/1228 1879/1220 1877/1227
f 1864/1221 1879/1220 1881/1228
f 1865/1229 1864/1221 1881/1228
f 1864/1221 1865/1229 1866/1225
f 1867/1222 1864/1221 1866/1225
f 1881/1228 1877/1227 1878/1230
f 1886/1231 1881/1228 1878/1230
f 1865/1229 1881/1228 1886/1231
f 1882/1232 1865/1229 1886/1231
f 1865/1229 1882/1232 1883/1233
f 1865/1229 1883/1233 1866/1225
f 1866/1225 1883/1233 1872/1226
f 1872/1226 1883/1233 1827/1234
f 1883/1233 1828/1235 1827/1234
f 1828/1235 1825/1236 1827/1234
f 1825/1236 1826/1237 1827/1234
f 1886/1231 1878/1230 1885/1238
f 1882/1232 1886/1231 1885/1238
f 1825/1236 1882/1232 1885/1238
f 1882/1232 1825/1236 1828/1235
f 1883/1233 1882/1232 1828/1235
f 1878/1230 1835/1239 1885/1238
f 1835/1239 1826/1237 1885/1238
f 1826/1237 1825/1236 1885/1238
f 1819/1241 1818/1240 2011/1156
f 1819/1241 1820/1242 1818/1240
f 1818/1240 1820/1242 1824/1243
f 1823/1244 1818/1240 1824/1243
f 2011/1156 2010/1245 1819/1241
f 2010/1245 2012/1246 1819/1241
f 2012/1246 2015/1247 1819/1241
f 2015/1247 1820/1242 1819/1241
f 1820/1242 2015/1247 1859/1248
f 1861/1249 1820/1242 1859/1248
f 1861/1249 1862/1250 1820/1242
f 1862/1250 1824/1243 1820/1242
f 2011/1156 2009/1155 2010/1245
f 2009/1155 2008/1251 2010/1245
f 2008/1251 2013/1252 2010/1245
f 2013/1252 2012/1246 2010/1245
f 2013/1252 2014/1253 2012/1246
f 2014/1253 2015/1247 2012/1246
f 2014/1253 1859/1248 2015/1247
f 1859/1248 2014/1253 1986/1254
f 1858/1255 1859/1248 1986/1254
f 1860/1256 1859/1248 1858/1255
f 1860/1256 1861/1249 1859/1248
f 2007/1257 2008/1251 2009/1155
f 2007/1257 1987/1258 2008/1251
f 1987/1258 2013/1252 2008/1251
f 1987/1258 1986/1254 2013/1252
f 1986/1254 2014/1253 2013/1252
f 2006/1160 2007/1257 2009/1155
f 2007/1257 2006/1160 1988/1259
f 1987/1258 2007/1257 1988/1259
f 1986/1254 1987/1258 1988/1259
f 1858/1255 1986/1254 1988/1259
f 1849/1260 1858/1255 1988/1259
f 1857/1262 1858/1255 1850/1261
f 1857/1262 1860/1256 1858/1255
f 1874/1263 1860/1256 1857/1262
f 1860/1256 1874/1263 1861/1249
f 1846/1264 1988/1259 2006/1160
f 1846/1264 1849/1260 1988/1259
f 1848/1265 1849/1260 1846/1264
f 2006/1160 1847/1266 1846/1264
f 1846/1264 1847/1266 1848/1265
f 1848/1265 1847/1266 2020/1267
f 1910/1268 1848/1265 2020/1267
f 1910/1268 1911/1269 1848/1265
f 1911/1269 1912/1270 1848/1265
f 1912/1270 1913/1271 1848/1265
f 1913/1271 1851/1272 1848/1265
f 2006/1160 2016/1273 1847/1266
f 1847/1266 2016/1273 2020/1267
f 2020/1267 2016/1273 2019/1274
f 2020/1267 2019/1274 1910/1268
f 2019/1274 1989/1275 1910/1268
f 1989/1275 1909/1276 1910/1268
f 1910/1268 1909/1276 1911/1269
f 1909/1276 1908/1277 1911/1269
f 1911/1269 1908/1277 1923/1278
f 1912/1270 1911/1269 1923/1278
f 2005/1166 2016/1273 2006/1160
f 2016/1273 2005/1166 2004/1165
f 2018/1279 2016/1273 2004/1165
f 2016/1273 2018/1279 2019/1274
f 2019/1274 2018/1279 1989/1275
f 2018/1279 1990/1280 1989/1275
f 1990/1280 1991/1281 1989/1275
f 1991/1281 1909/1276 1989/1275
f 1909/1276 1991/1281 1845/1282
f 1852/1283 1909/1276 1845/1282
f 1909/1276 1852/1283 1908/1277
f 1990/1280 2018/1279 2004/1165
f 2017/1164 1990/1280 2004/1165
f 1991/1281 1990/1280 2017/1164
f 2002/1163 1991/1281 2017/1164
f 1842/1284 1991/1281 2002/1163
f 1842/1284 1845/1282 1991/1281
f 1844/1285 1845/1282 1842/1284
f 1845/1282 1844/1285 1852/1283
f 1844/1285 1853/1286 1852/1283
f 1853/1286 1955/1287 1852/1283
f 1852/1283 1955/1287 1853/1286
f 1853/1286 1844/1285 1955/1287
f 1844/1285 1954/1288 1955/1287
f 1967/1289 1955/1287 1954/1288
f 1843/1290 1842/1284 2002/1163
f 1843/1290 1844/1285 1842/1284
f 2025/1291 1844/1285 1843/1290
f 2025/1291 1952/1292 1844/1285
f 1844/1285 1952/1292 1953/1293
f 1844/1285 1953/1293 1954/1288
f 1954/1288 1953/1293 1965/1294
f 1966/1295 1954/1288 1965/1294
f 1967/1289 1954/1288 1966/1295
f 1968/1296 1967/1289 1966/1295
f 2021/1297 1843/1290 2002/1163
f 2021/1297 2025/1291 1843/1290
f 2024/1298 2025/1291 2021/1297
f 2024/1298 1952/1292 2025/1291
f 1952/1292 2024/1298 1992/1299
f 1837/1300 1952/1292 1992/1299
f 1952/1292 1837/1300 1951/1301
f 1953/1293 1952/1292 1951/1301
f 1965/1294 1953/1293 1951/1301
f 2001/1177 2021/1297 2002/1163
f 2021/1297 2001/1177 2000/1176
f 2023/1302 2021/1297 2000/1176
f 2021/1297 2023/1302 2024/1298
f 2023/1302 1993/1303 2024/1298
f 1993/1303 1992/1299 2024/1298
f 1993/1303 1836/1183 1992/1299
f 1836/1183 1837/1300 1992/1299
f 1837/1300 1836/1183 1829/1304
f 1951/1301 1837/1300 1829/1304
f 2023/1302 2000/1176 1993/1303
f 2000/1176 2022/1175 1993/1303
f 1993/1303 2022/1175 1836/1183
f 1836/1183 1830/1182 1829/1304
f 1830/1182 1802/1188 1829/1304
f 1802/1188 1801/1305 1829/1304
f 1949/1306 1829/1304 1801/1305
f 1950/1307 1829/1304 1949/1306
f 1950/1307 1951/1301 1829/1304
f 1963/1308 1951/1301 1950/1307
f 1963/1308 1964/1309 1951/1301
f 1951/1301 1964/1309 1965/1294
f 1802/1188 1803/1310 1801/1305
f 1949/1306 1801/1305 1803/1310
f 1948/1311 1949/1306 1803/1310
f 1949/1306 1948/1311 1978/1312
f 1977/1313 1949/1306 1978/1312
f 1949/1306 1977/1313 1950/1307
f 1977/1313 1980/1314 1950/1307
f 1980/1314 1963/1308 1950/1307
f 1980/1314 1962/1315 1963/1308
f 1963/1308 1962/1315 1964/1309
f 1802/1188 1804/1187 1803/1310
f 1804/1187 1840/1316 1803/1310
f 1840/1316 1956/1317 1803/1310
f 1956/1317 1948/1311 1803/1310
f 1948/1311 1956/1317 1978/1312
f 1956/1317 1982/1318 1978/1312
f 1982/1318 1981/1319 1978/1312
f 1981/1319 1979/1320 1978/1312
f 1978/1312 1979/1320 1977/1313
f 1979/1320 1980/1314 1977/1313
f 1979/1320 1958/1321 1980/1314
f 1980/1314 1958/1321 1962/1315
f 1804/1187 1806/1322 1840/1316
f 1853/1323 1840/1316 1806/1322
f 1806/1322 1840/1316 1853/1323
f 1806/1322 1853/1323 1840/1316
f 1840/1316 1853/1323 1956/1317
f 1956/1317 1853/1323 1955/1324
f 1956/1317 1955/1324 1982/1318
f 1982/1318 1955/1324 1967/1325
f 1982/1318 1967/1325 1981/1319
f 1981/1319 1967/1325 1968/1326
f 1969/1327 1981/1319 1968/1326
f 1979/1320 1981/1319 1969/1327
f 1805/1328 1806/1322 1804/1187
f 1806/1322 1805/1328 1905/1329
f 1906/1330 1806/1322 1905/1329
f 1852/1331 1806/1322 1906/1330
f 1852/1331 1853/1323 1806/1322
f 1841/1207 1805/1328 1804/1187
f 1841/1207 1914/1332 1805/1328
f 1914/1332 1905/1329 1805/1328
f 1905/1329 1914/1332 1936/1333
f 1906/1330 1905/1329 1936/1333
f 1935/1334 1906/1330 1936/1333
f 1906/1330 1935/1334 1907/1335
f 1852/1331 1906/1330 1907/1335
f 1851/1213 1914/1332 1841/1207
f 1851/1213 1913/1336 1914/1332
f 1913/1336 1940/1337 1914/1332
f 1940/1337 1936/1333 1914/1332
f 1936/1333 1940/1337 1939/1338
f 1937/1339 1936/1333 1939/1338
f 1935/1334 1936/1333 1937/1339
f 1938/1340 1935/1334 1937/1339
f 1907/1335 1935/1334 1938/1340
f 1921/1341 1907/1335 1938/1340
f 1920/1342 1907/1335 1921/1341
f 1920/1342 1921/1341 1907/1335
f 1920/1342 1921/1341 1938/1340
f 1913/1336 1925/1343 1940/1337
f 1925/1343 1939/1338 1940/1337
f 1925/1343 1926/1344 1939/1338
f 1926/1344 1927/1345 1939/1338
f 1939/1338 1927/1345 1937/1339
f 1927/1345 1917/1346 1937/1339
f 1917/1346 1916/1347 1937/1339
f 1916/1347 1938/1340 1937/1339
f 1916/1347 1920/1342 1938/1340
f 1919/1348 1920/1342 1916/1347
f 1915/1349 1919/1348 1916/1347
f 1900/1350 1919/1348 1915/1349
f 1926/1344 1928/1351 1927/1345
f 1928/1351 1929/1352 1927/1345
f 1927/1345 1929/1352 1917/1346
f 1929/1352 1918/1353 1917/1346
f 1918/1353 1915/1349 1917/1346
f 1915/1349 1916/1347 1917/1346
f 1929/1352 1928/1351 1934/1354
f 1918/1353 1929/1352 1934/1354
f 1898/1355 1918/1353 1934/1354
f 1918/1353 1898/1355 1901/1356
f 1918/1353 1901/1356 1915/1349
f 1915/1349 1901/1356 1900/1350
f 1901/1356 1898/1355 1900/1350
f 1898/1355 1899/1357 1900/1350
f 1898/1355 1934/1354 1899/1357
f 1934/1354 1904/1358 1899/1357
f 1904/1358 1934/1354 1928/1351
f 1969/1327 1968/1326 1970/1359
f 1971/1360 1969/1327 1970/1359
f 1959/1361 1969/1327 1971/1360
f 1959/1361 1979/1320 1969/1327
f 1979/1320 1959/1361 1958/1321
f 1959/1361 1957/1362 1958/1321
f 1958/1321 1957/1362 1961/1363
f 1962/1315 1958/1321 1961/1363
f 1976/1364 1971/1360 1970/1359
f 1976/1364 1960/1365 1971/1360
f 1971/1360 1960/1365 1959/1361
f 1960/1365 1957/1362 1959/1361
f 1944/1366 1957/1362 1960/1365
f 1944/1366 1943/1367 1957/1362
f 1943/1367 1961/1363 1957/1362
f 1943/1367 1972/1368 1961/1363
f 1972/1368 1973/1369 1961/1363
f 1973/1369 1962/1315 1961/1363
f 1973/1369 1964/1309 1962/1315
f 1947/1370 1976/1364 1970/1359
f 1976/1364 1947/1370 1942/1371
f 1941/1372 1976/1364 1942/1371
f 1976/1364 1941/1372 1960/1365
f 1941/1372 1944/1366 1960/1365
f 1943/1367 1944/1366 1941/1372
f 1942/1371 1943/1367 1941/1372
f 1972/1368 1943/1367 1942/1373
f 1946/1374 1972/1368 1942/1373
f 1972/1368 1946/1374 1974/1375
f 1973/1369 1972/1368 1974/1375
f 1964/1309 1973/1369 1974/1375
f 1965/1294 1964/1309 1974/1375
f 1966/1295 1965/1294 1974/1375
f 1975/1376 1966/1295 1974/1375
f 1968/1296 1966/1295 1975/1376
f 1970/1377 1968/1296 1975/1376
f 1945/1378 1946/1374 1942/1373
f 1946/1374 1945/1378 1974/1375
f 1945/1378 1975/1376 1974/1375
f 1945/1378 1947/1379 1975/1376
f 1947/1379 1970/1377 1975/1376
f 1947/1379 1945/1378 1942/1373
f 1852/1283 1907/1380 1908/1277
f 1908/1277 1907/1380 1921/1381
f 1922/1382 1908/1277 1921/1381
f 1922/1382 1923/1278 1908/1277
f 1932/1383 1923/1278 1922/1382
f 1932/1383 1924/1384 1923/1278
f 1923/1278 1924/1384 1912/1270
f 1924/1384 1925/1385 1912/1270
f 1912/1270 1925/1385 1913/1271
f 1920/1386 1922/1382 1921/1381
f 1931/1387 1922/1382 1920/1386
f 1931/1387 1932/1383 1922/1382
f 1932/1383 1931/1387 1930/1388
f 1903/1389 1932/1383 1930/1388
f 1932/1383 1903/1389 1902/1390
f 1933/1391 1932/1383 1902/1390
f 1932/1383 1933/1391 1924/1384
f 1924/1384 1933/1391 1926/1392
f 1924/1384 1926/1392 1925/1385
f 1919/1393 1931/1387 1920/1386
f 1930/1388 1931/1387 1919/1393
f 1900/1394 1930/1388 1919/1393
f 1930/1388 1900/1394 1899/1395
f 1903/1389 1930/1388 1899/1395
f 1902/1390 1903/1389 1899/1395
f 1904/1396 1902/1390 1899/1395
f 1933/1391 1902/1390 1904/1396
f 1928/1397 1933/1391 1904/1396
f 1933/1391 1928/1397 1926/1392
f 1856/1398 1857/1262 1850/1261
f 1869/1399 1857/1262 1856/1398
f 1869/1399 1871/1400 1857/1262
f 1857/1262 1871/1400 1874/1263
f 1874/1263 1871/1400 1875/1401
f 1873/1402 1874/1263 1875/1401
f 1873/1402 1861/1249 1874/1263
f 1880/1403 1861/1249 1873/1402
f 1880/1403 1862/1250 1861/1249
f 1869/1399 1868/1404 1871/1400
f 1868/1404 1870/1405 1871/1400
f 1871/1400 1870/1405 1875/1401
f 1870/1405 1884/1406 1875/1401
f 1884/1406 1834/1407 1875/1401
f 1834/1407 1833/1408 1875/1401
f 1833/1408 1876/1409 1875/1401
f 1876/1409 1873/1402 1875/1401
f 1877/1410 1873/1402 1876/1409
f 1877/1410 1880/1403 1873/1402
f 1868/1404 1872/1411 1870/1405
f 1870/1405 1872/1411 1884/1406
f 1872/1411 1827/1412 1884/1406
f 1827/1412 1826/1413 1884/1406
f 1826/1413 1834/1407 1884/1406
f 1834/1407 1826/1413 1833/1408
f 1826/1413 1835/1414 1833/1408
f 1833/1408 1835/1414 1876/1409
f 1835/1414 1878/1415 1876/1409
f 1878/1415 1877/1410 1876/1409
f 1848/1265 1851/1272 1849/1260
f 1849/1260 1850/1261 1858/1255
f 2036/1417 1891/1151 2037/1416
f 2036/1417 2037/1416 2038/1418
f 2038/1418 2037/1416 2034/1419
f 2038/1418 2034/1419 2068/1420
f 2068/1420 2034/1419 2048/1421
f 2047/1422 2068/1420 2048/1421
f 1984/1149 2037/1416 1891/1151
f 2037/1416 1984/1149 2034/1419
f 1984/1149 2035/1423 2034/1419
f 2034/1419 2035/1423 2033/1424
f 2033/1424 2046/1425 2034/1419
f 2046/1425 2048/1421 2034/1419
f 2049/1426 2048/1421 2046/1425
f 2048/1421 2049/1426 2047/1422
f 2049/1426 2050/1427 2047/1422
f 2035/1423 1984/1149 2011/1156
f 2036/1429 2038/1428 1892/1197
f 2038/1428 1893/1198 1892/1197
f 2038/1428 2069/1430 1893/1198
f 1893/1198 2069/1430 2026/1199
f 2026/1199 2069/1430 2054/1431
f 1890/1200 2026/1199 2054/1431
f 2055/1432 1890/1200 2054/1431
f 1800/1195 1890/1200 2055/1432
f 2068/1433 2069/1430 2038/1428
f 2069/1430 2068/1433 2047/1434
f 2051/1435 2069/1430 2047/1434
f 2069/1430 2051/1435 2054/1431
f 2051/1435 2053/1436 2054/1431
f 2055/1432 2054/1431 2053/1436
f 2056/1437 2055/1432 2053/1436
f 2040/1438 2055/1432 2056/1437
f 2040/1438 1800/1195 2055/1432
f 1994/1202 1800/1195 2040/1438
f 2047/1434 2052/1439 2051/1435
f 2051/1435 2052/1439 2053/1436
f 2053/1436 2052/1439 2070/1440
f 2056/1437 2053/1436 2070/1440
f 2064/1441 2056/1437 2070/1440
f 2041/1442 2056/1437 2064/1441
f 2041/1442 2040/1438 2056/1437
f 2039/1443 2040/1438 2041/1442
f 2039/1443 1994/1202 2040/1438
f 2047/1434 2050/1444 2052/1439
f 2050/1444 2063/1445 2052/1439
f 2052/1439 2063/1445 2070/1440
f 2070/1440 2063/1445 2067/1446
f 2064/1441 2070/1440 2067/1446
f 2028/1447 2064/1441 2067/1446
f 2057/1448 2064/1441 2028/1447
f 2057/1448 2041/1442 2064/1441
f 2041/1442 2057/1448 2058/1449
f 2042/1450 2041/1442 2058/1449
f 2041/1442 2042/1450 2039/1443
f 2062/1451 2063/1445 2050/1444
f 2067/1446 2063/1445 2062/1451
f 2066/1452 2067/1446 2062/1451
f 2067/1446 2066/1452 2029/1453
f 2028/1447 2067/1446 2029/1453
f 2027/1454 2028/1447 2029/1453
f 2027/1454 2057/1448 2028/1447
f 2057/1448 2027/1454 2030/1455
f 2058/1449 2057/1448 2030/1455
f 2029/1453 2030/1455 2027/1454
f 2035/1423 2011/1156 2033/1424
f 2011/1156 1818/1240 2033/1424
f 1994/1456 2033/1424 1818/1240
f 1994/1456 2043/1457 2033/1424
f 2046/1425 2033/1424 2043/1457
f 2045/1458 2046/1425 2043/1457
f 2045/1458 2049/1426 2046/1425
f 1818/1240 1823/1244 1994/1456
f 1994/1456 2039/1459 2043/1457
f 2039/1459 2042/1460 2043/1457
f 2042/1460 2044/1461 2043/1457
f 2044/1461 2045/1458 2043/1457
f 2060/1462 2045/1458 2044/1461
f 2060/1462 2061/1463 2045/1458
f 2061/1463 2049/1426 2045/1458
f 2061/1463 2062/1464 2049/1426
f 2062/1464 2050/1427 2049/1426
f 2042/1460 2059/1465 2044/1461
f 2044/1461 2059/1465 2060/1462
f 2059/1465 2031/1466 2060/1462
f 2031/1466 2032/1467 2060/1462
f 2032/1467 2065/1468 2060/1462
f 2065/1468 2061/1463 2060/1462
f 2065/1468 2066/1469 2061/1463
f 2066/1469 2062/1464 2061/1463
f 2058/1470 2059/1465 2042/1460
f 2058/1470 2030/1471 2059/1465
f 2030/1471 2031/1466 2059/1465
f 2031/1466 2030/1471 2029/1472
f 2032/1467 2031/1466 2029/1472
f 2065/1468 2032/1467 2029/1472
f 2066/1469 2065/1468 2029/1472
f 2120/1475 2127/1474 2123/1473
f 2113/1476 2120/1475 2123/1473
f 2109/1477 2120/1475 2113/1476
f 2099/1478 2109/1477 2113/1476
f 2095/1479 2109/1477 2099/1478
f 2085/1480 2095/1479 2099/1478
f 2081/1481 2095/1479 2085/1480
f 2071/1482 2081/1481 2085/1480
f 2114/1483 2113/1476 2123/1473
f 2114/1483 2100/1484 2113/1476
f 2100/1484 2099/1478 2113/1476
f 2100/1484 2086/1485 2099/1478
f 2086/1485 2085/1480 2099/1478
f 2085/1480 2086/1485 2071/1482
f 2086/1485 2072/1486 2071/1482
f 2072/1486 2086/1485 2073/1487
f 2086/1485 2087/1488 2073/1487
f 2073/1487 2087/1488 2074/1489
f 2123/1473 2115/1490 2114/1483
f 2114/1483 2115/1490 2100/1484
f 2115/1490 2101/1491 2100/1484
f 2101/1491 2087/1488 2100/1484
f 2087/1488 2086/1485 2100/1484
f 2123/1473 2124/1492 2115/1490
f 2116/1493 2115/1490 2124/1492
f 2116/1493 2102/1494 2115/1490
f 2102/1494 2101/1491 2115/1490
f 2102/1494 2088/1495 2101/1491
f 2088/1495 2087/1488 2101/1491
f 2088/1495 2074/1489 2087/1488
f 2084/1496 2074/1489 2088/1495
f 2098/1497 2084/1496 2088/1495
f 2084/1496 2098/1497 2096/1498
f 2082/1499 2084/1496 2096/1498
f 2116/1493 2124/1492 2128/1500
f 2121/1501 2116/1493 2128/1500
f 2112/1502 2116/1493 2121/1501
f 2116/1493 2112/1502 2102/1494
f 2102/1494 2112/1502 2098/1497
f 2088/1495 2102/1494 2098/1497
f 2121/1501 2128/1500 2126/1503
f 2119/1504 2121/1501 2126/1503
f 2110/1505 2121/1501 2119/1504
f 2110/1505 2112/1502 2121/1501
f 2098/1497 2112/1502 2110/1505
f 2098/1497 2110/1505 2096/1498
f 2096/1498 2110/1505 2107/1506
f 2093/1507 2096/1498 2107/1506
f 2082/1499 2096/1498 2093/1507
f 2082/1499 2093/1507 2079/1508
f 2079/1508 2093/1507 2094/1509
f 2080/1510 2079/1508 2094/1509
f 2119/1504 2126/1503 2118/1511
f 2119/1504 2118/1511 2108/1512
f 2107/1506 2119/1504 2108/1512
f 2107/1506 2110/1505 2119/1504
f 2118/1511 2126/1503 2125/1513
f 2117/1514 2118/1511 2125/1513
f 2106/1515 2118/1511 2117/1514
f 2106/1515 2105/1516 2118/1511
f 2118/1511 2105/1516 2108/1512
f 2105/1516 2091/1517 2108/1512
f 2091/1517 2094/1509 2108/1512
f 2094/1509 2093/1507 2108/1512
f 2093/1507 2107/1506 2108/1512
f 2125/1513 2122/1518 2117/1514
f 2104/1519 2117/1514 2122/1518
f 2104/1519 2103/1520 2117/1514
f 2117/1514 2103/1520 2106/1515
f 2103/1520 2089/1521 2106/1515
f 2089/1521 2092/1522 2106/1515
f 2106/1515 2092/1522 2105/1516
f 2092/1522 2091/1517 2105/1516
f 2125/1513 2127/1523 2122/1518
f 2122/1518 2127/1523 2120/1524
f 2120/1524 2111/1525 2122/1518
f 2122/1518 2111/1525 2104/1519
f 2111/1525 2090/1526 2104/1519
f 2104/1519 2090/1526 2089/1521
f 2103/1520 2104/1519 2089/1521
f 2120/1524 2109/1527 2111/1525
f 2109/1527 2097/1528 2111/1525
f 2111/1525 2097/1528 2090/1526
f 2097/1528 2083/1529 2090/1526
f 2083/1529 2076/1530 2090/1526
f 2076/1530 2075/1531 2090/1526
f 2075/1531 2089/1521 2090/1526
f 2089/1521 2075/1531 2092/1522
f 2075/1531 2078/1532 2092/1522
f 2078/1532 2077/1533 2092/1522
f 2077/1533 2091/1517 2092/1522
f 2095/1534 2097/1528 2109/1527
f 2083/1529 2097/1528 2095/1534
f 2081/1535 2083/1529 2095/1534
f 2091/1517 2077/1533 2080/1510
f 2094/1509 2091/1517 2080/1510
f 2036/1417 2082/1537 2079/1536
f 1891/1151 2036/1417 2079/1536
f 1983/1150 1891/1151 2079/1536
f 2080/1538 1983/1150 2079/1536
f 1814/1153 1983/1150 2080/1538
f 2077/1539 1814/1153 2080/1538
f 1815/1158 1814/1153 2077/1539
f 2078/1540 1815/1158 2077/1539
f 1815/1158 2078/1540 2075/1541
f 1813/1162 1815/1158 2075/1541
f 1813/1162 2075/1541 2076/1542
f 1810/1167 1813/1162 2076/1542
f 2076/1542 2083/1543 1810/1167
f 2083/1543 1839/1169 1810/1167
f 2083/1543 2081/1544 1839/1169
f 2081/1544 1832/1172 1839/1169
f 2081/1544 2071/1545 1832/1172
f 2071/1545 1794/1179 1832/1172
f 2071/1545 1795/1185 1794/1179
f 2071/1545 2072/1546 1795/1185
f 2072/1546 2073/1547 1795/1185
f 2073/1547 1897/1189 1795/1185
f 1897/1189 2073/1547 2074/1548
f 1895/1192 1897/1189 2074/1548
f 2074/1548 2084/1549 1895/1192
f 2084/1549 1892/1197 1895/1192
f 2084/1549 2082/1550 1892/1197
f 2082/1550 2036/1429 1892/1197
f 1851/1272 1850/1261 1849/1260
f 2318/1150 2226/1151 2319/1149
f 2152/1152 2149/1153 2318/1150
f 2320/1154 2152/1152 2318/1150
f 2319/1149 2320/1154 2318/1150
f 2320/1154 2319/1149 2344/1155
f 2319/1149 2346/1156 2344/1155
f 2151/1157 2150/1158 2149/1153
f 2152/1152 2151/1157 2149/1153
f 2338/1159 2151/1157 2152/1152
f 2341/1160 2338/1159 2152/1152
f 2341/1160 2152/1152 2320/1154
f 2344/1155 2341/1160 2320/1154
f 2148/1162 2150/1158 2147/1161
f 2147/1161 2150/1158 2151/1157
f 2147/1161 2151/1157 2337/1163
f 2337/1163 2151/1157 2338/1159
f 2337/1163 2338/1159 2352/1164
f 2338/1159 2339/1165 2352/1164
f 2339/1165 2338/1159 2340/1166
f 2338/1159 2341/1160 2340/1166
f 2148/1162 2147/1161 2145/1167
f 2147/1161 2337/1163 2146/1168
f 2145/1167 2147/1161 2146/1168
f 2174/1169 2145/1167 2146/1168
f 2173/1170 2174/1169 2146/1168
f 2173/1170 2146/1168 2334/1171
f 2334/1171 2146/1168 2337/1163
f 2167/1172 2174/1169 2173/1170
f 2166/1173 2167/1172 2173/1170
f 2333/1174 2166/1173 2173/1170
f 2333/1174 2173/1170 2334/1171
f 2357/1175 2333/1174 2334/1171
f 2335/1176 2357/1175 2334/1171
f 2336/1177 2335/1176 2334/1171
f 2337/1163 2336/1177 2334/1171
f 2132/1178 2129/1179 2167/1172
f 2166/1173 2132/1178 2167/1172
f 2330/1180 2132/1178 2166/1173
f 2332/1181 2330/1180 2166/1173
f 2333/1174 2332/1181 2166/1173
f 2332/1181 2333/1174 2165/1182
f 2333/1174 2171/1183 2165/1182
f 2333/1174 2357/1175 2171/1183
f 2130/1185 2129/1179 2131/1184
f 2131/1184 2129/1179 2132/1178
f 2131/1184 2132/1178 2331/1186
f 2331/1186 2132/1178 2330/1180
f 2331/1186 2330/1180 2139/1187
f 2330/1180 2137/1188 2139/1187
f 2137/1188 2330/1180 2165/1182
f 2330/1180 2332/1181 2165/1182
f 2232/1189 2130/1185 2131/1184
f 2231/1190 2232/1189 2131/1184
f 2231/1190 2131/1184 2331/1186
f 2133/1191 2231/1190 2331/1186
f 2133/1191 2331/1186 2139/1187
f 2232/1189 2231/1190 2230/1192
f 2231/1190 2229/1193 2230/1192
f 2229/1193 2231/1190 2134/1194
f 2134/1194 2231/1190 2133/1191
f 2134/1194 2133/1191 2135/1195
f 2135/1195 2133/1191 2143/1196
f 2139/1187 2143/1196 2133/1191
f 2227/1197 2230/1192 2229/1193
f 2228/1198 2227/1197 2229/1193
f 2361/1199 2228/1198 2229/1193
f 2134/1194 2361/1199 2229/1193
f 2225/1200 2361/1199 2134/1194
f 2225/1200 2134/1194 2135/1195
f 2157/1201 2329/1202 2135/1195
f 2157/1201 2135/1195 2143/1196
f 2157/1201 2158/1203 2329/1202
f 2157/1201 2156/1204 2158/1203
f 2144/1205 2156/1204 2157/1201
f 2143/1196 2144/1205 2157/1201
f 2144/1205 2143/1196 2142/1206
f 2143/1196 2176/1207 2142/1206
f 2176/1207 2143/1196 2139/1187
f 2159/1208 2158/1203 2156/1204
f 2156/1204 2198/1209 2159/1208
f 2156/1204 2144/1205 2198/1209
f 2144/1205 2189/1210 2198/1209
f 2189/1210 2144/1205 2190/1211
f 2190/1211 2144/1205 2142/1206
f 2142/1206 2185/1212 2190/1211
f 2186/1213 2185/1212 2142/1206
f 2176/1207 2186/1213 2142/1206
f 2197/1214 2159/1208 2198/1209
f 2224/1215 2197/1214 2198/1209
f 2224/1215 2198/1209 2189/1210
f 2223/1216 2224/1215 2189/1210
f 2223/1216 2189/1210 2190/1211
f 2222/1217 2223/1216 2190/1211
f 2191/1218 2222/1217 2190/1211
f 2185/1212 2191/1218 2190/1211
f 2215/1219 2197/1214 2224/1215
f 2214/1220 2215/1219 2224/1215
f 2214/1220 2224/1215 2223/1216
f 2199/1221 2214/1220 2223/1216
f 2199/1221 2223/1216 2222/1217
f 2202/1222 2199/1221 2222/1217
f 2202/1222 2222/1217 2191/1218
f 2204/1223 2202/1222 2191/1218
f 2203/1224 2204/1223 2191/1218
f 2203/1224 2191/1218 2204/1223
f 2202/1222 2204/1223 2203/1224
f 2201/1225 2202/1222 2203/1224
f 2201/1225 2203/1224 2207/1226
f 2215/1219 2214/1220 2212/1227
f 2214/1220 2216/1228 2212/1227
f 2214/1220 2199/1221 2216/1228
f 2199/1221 2200/1229 2216/1228
f 2200/1229 2199/1221 2201/1225
f 2199/1221 2202/1222 2201/1225
f 2212/1227 2216/1228 2213/1230
f 2216/1228 2221/1231 2213/1230
f 2216/1228 2200/1229 2221/1231
f 2200/1229 2217/1232 2221/1231
f 2217/1232 2200/1229 2218/1233
f 2218/1233 2200/1229 2201/1225
f 2218/1233 2201/1225 2207/1226
f 2218/1233 2207/1226 2162/1234
f 2163/1235 2218/1233 2162/1234
f 2160/1236 2163/1235 2162/1234
f 2161/1237 2160/1236 2162/1234
f 2213/1230 2221/1231 2220/1238
f 2221/1231 2217/1232 2220/1238
f 2217/1232 2160/1236 2220/1238
f 2160/1236 2217/1232 2163/1235
f 2217/1232 2218/1233 2163/1235
f 2170/1239 2213/1230 2220/1238
f 2161/1237 2170/1239 2220/1238
f 2160/1236 2161/1237 2220/1238
f 2153/1240 2154/1241 2346/1156
f 2155/1242 2154/1241 2153/1240
f 2155/1242 2153/1240 2159/1243
f 2153/1240 2158/1244 2159/1243
f 2345/1245 2346/1156 2154/1241
f 2347/1246 2345/1245 2154/1241
f 2350/1247 2347/1246 2154/1241
f 2155/1242 2350/1247 2154/1241
f 2350/1247 2155/1242 2194/1248
f 2155/1242 2196/1249 2194/1248
f 2197/1250 2196/1249 2155/1242
f 2159/1243 2197/1250 2155/1242
f 2344/1155 2346/1156 2345/1245
f 2343/1251 2344/1155 2345/1245
f 2348/1252 2343/1251 2345/1245
f 2347/1246 2348/1252 2345/1245
f 2349/1253 2348/1252 2347/1246
f 2350/1247 2349/1253 2347/1246
f 2194/1248 2349/1253 2350/1247
f 2349/1253 2194/1248 2321/1254
f 2194/1248 2193/1255 2321/1254
f 2194/1248 2195/1256 2193/1255
f 2196/1249 2195/1256 2194/1248
f 2343/1251 2342/1257 2344/1155
f 2322/1258 2342/1257 2343/1251
f 2348/1252 2322/1258 2343/1251
f 2321/1254 2322/1258 2348/1252
f 2349/1253 2321/1254 2348/1252
f 2342/1257 2341/1160 2344/1155
f 2341/1160 2342/1257 2323/1259
f 2342/1257 2322/1258 2323/1259
f 2322/1258 2321/1254 2323/1259
f 2321/1254 2193/1255 2323/1259
f 2193/1255 2184/1260 2323/1259
f 2193/1255 2192/1262 2185/1261
f 2195/1256 2192/1262 2193/1255
f 2195/1256 2209/1263 2192/1262
f 2209/1263 2195/1256 2196/1249
f 2323/1259 2181/1264 2341/1160
f 2184/1260 2181/1264 2323/1259
f 2184/1260 2183/1265 2181/1264
f 2182/1266 2341/1160 2181/1264
f 2182/1266 2181/1264 2183/1265
f 2182/1266 2183/1265 2355/1267
f 2183/1265 2245/1268 2355/1267
f 2246/1269 2245/1268 2183/1265
f 2247/1270 2246/1269 2183/1265
f 2248/1271 2247/1270 2183/1265
f 2186/1272 2248/1271 2183/1265
f 2351/1273 2341/1160 2182/1266
f 2351/1273 2182/1266 2355/1267
f 2351/1273 2355/1267 2354/1274
f 2354/1274 2355/1267 2245/1268
f 2324/1275 2354/1274 2245/1268
f 2244/1276 2324/1275 2245/1268
f 2244/1276 2245/1268 2246/1269
f 2243/1277 2244/1276 2246/1269
f 2243/1277 2246/1269 2258/1278
f 2246/1269 2247/1270 2258/1278
f 2351/1273 2340/1166 2341/1160
f 2340/1166 2351/1273 2339/1165
f 2351/1273 2353/1279 2339/1165
f 2353/1279 2351/1273 2354/1274
f 2353/1279 2354/1274 2324/1275
f 2325/1280 2353/1279 2324/1275
f 2326/1281 2325/1280 2324/1275
f 2244/1276 2326/1281 2324/1275
f 2326/1281 2244/1276 2180/1282
f 2244/1276 2187/1283 2180/1282
f 2187/1283 2244/1276 2243/1277
f 2353/1279 2325/1280 2339/1165
f 2325/1280 2352/1164 2339/1165
f 2325/1280 2326/1281 2352/1164
f 2326/1281 2337/1163 2352/1164
f 2326/1281 2177/1284 2337/1163
f 2180/1282 2177/1284 2326/1281
f 2180/1282 2179/1285 2177/1284
f 2179/1285 2180/1282 2187/1283
f 2188/1286 2179/1285 2187/1283
f 2290/1287 2188/1286 2187/1283
f 2290/1287 2187/1283 2188/1286
f 2179/1285 2188/1286 2290/1287
f 2289/1288 2179/1285 2290/1287
f 2290/1287 2302/1289 2289/1288
f 2177/1284 2178/1290 2337/1163
f 2179/1285 2178/1290 2177/1284
f 2179/1285 2360/1291 2178/1290
f 2287/1292 2360/1291 2179/1285
f 2287/1292 2179/1285 2288/1293
f 2288/1293 2179/1285 2289/1288
f 2288/1293 2289/1288 2300/1294
f 2289/1288 2301/1295 2300/1294
f 2289/1288 2302/1289 2301/1295
f 2302/1289 2303/1296 2301/1295
f 2178/1290 2356/1297 2337/1163
f 2360/1291 2356/1297 2178/1290
f 2360/1291 2359/1298 2356/1297
f 2287/1292 2359/1298 2360/1291
f 2359/1298 2287/1292 2327/1299
f 2287/1292 2172/1300 2327/1299
f 2172/1300 2287/1292 2286/1301
f 2287/1292 2288/1293 2286/1301
f 2288/1293 2300/1294 2286/1301
f 2356/1297 2336/1177 2337/1163
f 2336/1177 2356/1297 2335/1176
f 2356/1297 2358/1302 2335/1176
f 2358/1302 2356/1297 2359/1298
f 2328/1303 2358/1302 2359/1298
f 2327/1299 2328/1303 2359/1298
f 2171/1183 2328/1303 2327/1299
f 2172/1300 2171/1183 2327/1299
f 2171/1183 2172/1300 2164/1304
f 2172/1300 2286/1301 2164/1304
f 2335/1176 2358/1302 2328/1303
f 2357/1175 2335/1176 2328/1303
f 2357/1175 2328/1303 2171/1183
f 2165/1182 2171/1183 2164/1304
f 2137/1188 2165/1182 2164/1304
f 2136/1305 2137/1188 2164/1304
f 2164/1304 2284/1306 2136/1305
f 2164/1304 2285/1307 2284/1306
f 2286/1301 2285/1307 2164/1304
f 2286/1301 2298/1308 2285/1307
f 2299/1309 2298/1308 2286/1301
f 2299/1309 2286/1301 2300/1294
f 2138/1310 2137/1188 2136/1305
f 2136/1305 2284/1306 2138/1310
f 2284/1306 2283/1311 2138/1310
f 2283/1311 2284/1306 2313/1312
f 2284/1306 2312/1313 2313/1312
f 2312/1313 2284/1306 2285/1307
f 2315/1314 2312/1313 2285/1307
f 2298/1308 2315/1314 2285/1307
f 2297/1315 2315/1314 2298/1308
f 2297/1315 2298/1308 2299/1309
f 2139/1187 2137/1188 2138/1310
f 2175/1316 2139/1187 2138/1310
f 2291/1317 2175/1316 2138/1310
f 2283/1311 2291/1317 2138/1310
f 2291/1317 2283/1311 2313/1312
f 2317/1318 2291/1317 2313/1312
f 2316/1319 2317/1318 2313/1312
f 2314/1320 2316/1319 2313/1312
f 2314/1320 2313/1312 2312/1313
f 2315/1314 2314/1320 2312/1313
f 2293/1321 2314/1320 2315/1314
f 2293/1321 2315/1314 2297/1315
f 2141/1322 2139/1187 2175/1316
f 2175/1316 2188/1323 2141/1322
f 2175/1316 2141/1322 2188/1323
f 2188/1323 2141/1322 2175/1316
f 2188/1323 2175/1316 2291/1317
f 2188/1323 2291/1317 2290/1324
f 2290/1324 2291/1317 2317/1318
f 2290/1324 2317/1318 2302/1325
f 2302/1325 2317/1318 2316/1319
f 2302/1325 2316/1319 2303/1326
f 2316/1319 2304/1327 2303/1326
f 2316/1319 2314/1320 2304/1327
f 2141/1322 2140/1328 2139/1187
f 2140/1328 2141/1322 2240/1329
f 2141/1322 2241/1330 2240/1329
f 2141/1322 2187/1331 2241/1330
f 2188/1323 2187/1331 2141/1322
f 2140/1328 2176/1207 2139/1187
f 2249/1332 2176/1207 2140/1328
f 2240/1329 2249/1332 2140/1328
f 2249/1332 2240/1329 2271/1333
f 2240/1329 2241/1330 2271/1333
f 2241/1330 2270/1334 2271/1333
f 2270/1334 2241/1330 2242/1335
f 2241/1330 2187/1331 2242/1335
f 2249/1332 2186/1213 2176/1207
f 2248/1336 2186/1213 2249/1332
f 2275/1337 2248/1336 2249/1332
f 2271/1333 2275/1337 2249/1332
f 2275/1337 2271/1333 2274/1338
f 2271/1333 2272/1339 2274/1338
f 2271/1333 2270/1334 2272/1339
f 2270/1334 2273/1340 2272/1339
f 2270/1334 2242/1335 2273/1340
f 2242/1335 2256/1341 2273/1340
f 2242/1335 2255/1342 2256/1341
f 2256/1341 2255/1342 2242/1335
f 2256/1341 2255/1342 2273/1340
f 2260/1343 2248/1336 2275/1337
f 2274/1338 2260/1343 2275/1337
f 2261/1344 2260/1343 2274/1338
f 2262/1345 2261/1344 2274/1338
f 2262/1345 2274/1338 2272/1339
f 2252/1346 2262/1345 2272/1339
f 2251/1347 2252/1346 2272/1339
f 2273/1340 2251/1347 2272/1339
f 2255/1342 2251/1347 2273/1340
f 2255/1342 2254/1348 2251/1347
f 2254/1348 2250/1349 2251/1347
f 2254/1348 2235/1350 2250/1349
f 2263/1351 2261/1344 2262/1345
f 2264/1352 2263/1351 2262/1345
f 2264/1352 2262/1345 2252/1346
f 2253/1353 2264/1352 2252/1346
f 2250/1349 2253/1353 2252/1346
f 2251/1347 2250/1349 2252/1346
f 2263/1351 2264/1352 2269/1354
f 2264/1352 2253/1353 2269/1354
f 2253/1353 2233/1355 2269/1354
f 2233/1355 2253/1353 2236/1356
f 2236/1356 2253/1353 2250/1349
f 2236/1356 2250/1349 2235/1350
f 2233/1355 2236/1356 2235/1350
f 2234/1357 2233/1355 2235/1350
f 2269/1354 2233/1355 2234/1357
f 2239/1358 2269/1354 2234/1357
f 2269/1354 2239/1358 2263/1351
f 2303/1326 2304/1327 2305/1359
f 2304/1327 2306/1360 2305/1359
f 2304/1327 2294/1361 2306/1360
f 2314/1320 2294/1361 2304/1327
f 2294/1361 2314/1320 2293/1321
f 2292/1362 2294/1361 2293/1321
f 2292/1362 2293/1321 2296/1363
f 2293/1321 2297/1315 2296/1363
f 2306/1360 2311/1364 2305/1359
f 2295/1365 2311/1364 2306/1360
f 2295/1365 2306/1360 2294/1361
f 2292/1362 2295/1365 2294/1361
f 2292/1362 2279/1366 2295/1365
f 2278/1367 2279/1366 2292/1362
f 2296/1363 2278/1367 2292/1362
f 2307/1368 2278/1367 2296/1363
f 2308/1369 2307/1368 2296/1363
f 2297/1315 2308/1369 2296/1363
f 2299/1309 2308/1369 2297/1315
f 2311/1364 2282/1370 2305/1359
f 2282/1370 2311/1364 2277/1371
f 2311/1364 2276/1372 2277/1371
f 2276/1372 2311/1364 2295/1365
f 2279/1366 2276/1372 2295/1365
f 2279/1366 2278/1367 2276/1372
f 2278/1367 2277/1371 2276/1372
f 2278/1367 2307/1368 2277/1373
f 2307/1368 2281/1374 2277/1373
f 2281/1374 2307/1368 2309/1375
f 2307/1368 2308/1369 2309/1375
f 2308/1369 2299/1309 2309/1375
f 2299/1309 2300/1294 2309/1375
f 2300/1294 2301/1295 2309/1375
f 2301/1295 2310/1376 2309/1375
f 2301/1295 2303/1296 2310/1376
f 2303/1296 2305/1377 2310/1376
f 2281/1374 2280/1378 2277/1373
f 2280/1378 2281/1374 2309/1375
f 2310/1376 2280/1378 2309/1375
f 2282/1379 2280/1378 2310/1376
f 2305/1377 2282/1379 2310/1376
f 2280/1378 2282/1379 2277/1373
f 2242/1380 2187/1283 2243/1277
f 2242/1380 2243/1277 2256/1381
f 2243/1277 2257/1382 2256/1381
f 2258/1278 2257/1382 2243/1277
f 2258/1278 2267/1383 2257/1382
f 2259/1384 2267/1383 2258/1278
f 2259/1384 2258/1278 2247/1270
f 2260/1385 2259/1384 2247/1270
f 2260/1385 2247/1270 2248/1271
f 2257/1382 2255/1386 2256/1381
f 2257/1382 2266/1387 2255/1386
f 2267/1383 2266/1387 2257/1382
f 2266/1387 2267/1383 2265/1388
f 2267/1383 2238/1389 2265/1388
f 2238/1389 2267/1383 2237/1390
f 2267/1383 2268/1391 2237/1390
f 2268/1391 2267/1383 2259/1384
f 2268/1391 2259/1384 2261/1392
f 2261/1392 2259/1384 2260/1385
f 2266/1387 2254/1393 2255/1386
f 2266/1387 2265/1388 2254/1393
f 2265/1388 2235/1394 2254/1393
f 2235/1394 2265/1388 2234/1395
f 2265/1388 2238/1389 2234/1395
f 2238/1389 2237/1390 2234/1395
f 2237/1390 2239/1396 2234/1395
f 2237/1390 2268/1391 2239/1396
f 2268/1391 2263/1397 2239/1396
f 2263/1397 2268/1391 2261/1392
f 2192/1262 2191/1398 2185/1261
f 2192/1262 2204/1399 2191/1398
f 2206/1400 2204/1399 2192/1262
f 2206/1400 2192/1262 2209/1263
f 2206/1400 2209/1263 2210/1401
f 2209/1263 2208/1402 2210/1401
f 2196/1249 2208/1402 2209/1263
f 2196/1249 2215/1403 2208/1402
f 2197/1250 2215/1403 2196/1249
f 2203/1404 2204/1399 2206/1400
f 2205/1405 2203/1404 2206/1400
f 2205/1405 2206/1400 2210/1401
f 2219/1406 2205/1405 2210/1401
f 2169/1407 2219/1406 2210/1401
f 2168/1408 2169/1407 2210/1401
f 2211/1409 2168/1408 2210/1401
f 2208/1402 2211/1409 2210/1401
f 2208/1402 2212/1410 2211/1409
f 2215/1403 2212/1410 2208/1402
f 2207/1411 2203/1404 2205/1405
f 2207/1411 2205/1405 2219/1406
f 2162/1412 2207/1411 2219/1406
f 2161/1413 2162/1412 2219/1406
f 2169/1407 2161/1413 2219/1406
f 2161/1413 2169/1407 2168/1408
f 2170/1414 2161/1413 2168/1408
f 2170/1414 2168/1408 2211/1409
f 2213/1415 2170/1414 2211/1409
f 2212/1410 2213/1415 2211/1409
f 2186/1272 2183/1265 2184/1260
f 2185/1261 2184/1260 2193/1255
f 2226/1151 2371/1417 2372/1416
f 2372/1416 2371/1417 2373/1418
f 2372/1416 2373/1418 2369/1419
f 2369/1419 2373/1418 2403/1420
f 2369/1419 2403/1420 2383/1421
f 2403/1420 2382/1422 2383/1421
f 2372/1416 2319/1149 2226/1151
f 2319/1149 2372/1416 2369/1419
f 2370/1423 2319/1149 2369/1419
f 2370/1423 2369/1419 2368/1424
f 2381/1425 2368/1424 2369/1419
f 2383/1421 2381/1425 2369/1419
f 2383/1421 2384/1426 2381/1425
f 2384/1426 2383/1421 2382/1422
f 2385/1427 2384/1426 2382/1422
f 2319/1149 2370/1423 2346/1156
f 2373/1428 2371/1429 2227/1197
f 2228/1198 2373/1428 2227/1197
f 2404/1430 2373/1428 2228/1198
f 2404/1430 2228/1198 2361/1199
f 2404/1430 2361/1199 2389/1431
f 2361/1199 2225/1200 2389/1431
f 2225/1200 2390/1432 2389/1431
f 2225/1200 2135/1195 2390/1432
f 2404/1430 2403/1433 2373/1428
f 2403/1433 2404/1430 2382/1434
f 2404/1430 2386/1435 2382/1434
f 2386/1435 2404/1430 2389/1431
f 2388/1436 2386/1435 2389/1431
f 2389/1431 2390/1432 2388/1436
f 2390/1432 2391/1437 2388/1436
f 2390/1432 2375/1438 2391/1437
f 2135/1195 2375/1438 2390/1432
f 2135/1195 2329/1202 2375/1438
f 2387/1439 2382/1434 2386/1435
f 2387/1439 2386/1435 2388/1436
f 2387/1439 2388/1436 2405/1440
f 2388/1436 2391/1437 2405/1440
f 2391/1437 2399/1441 2405/1440
f 2391/1437 2376/1442 2399/1441
f 2375/1438 2376/1442 2391/1437
f 2375/1438 2374/1443 2376/1442
f 2329/1202 2374/1443 2375/1438
f 2385/1444 2382/1434 2387/1439
f 2398/1445 2385/1444 2387/1439
f 2398/1445 2387/1439 2405/1440
f 2398/1445 2405/1440 2402/1446
f 2405/1440 2399/1441 2402/1446
f 2399/1441 2363/1447 2402/1446
f 2399/1441 2392/1448 2363/1447
f 2376/1442 2392/1448 2399/1441
f 2392/1448 2376/1442 2393/1449
f 2376/1442 2377/1450 2393/1449
f 2377/1450 2376/1442 2374/1443
f 2398/1445 2397/1451 2385/1444
f 2398/1445 2402/1446 2397/1451
f 2402/1446 2401/1452 2397/1451
f 2401/1452 2402/1446 2364/1453
f 2402/1446 2363/1447 2364/1453
f 2363/1447 2362/1454 2364/1453
f 2392/1448 2362/1454 2363/1447
f 2362/1454 2392/1448 2365/1455
f 2392/1448 2393/1449 2365/1455
f 2365/1455 2364/1453 2362/1454
f 2346/1156 2370/1423 2368/1424
f 2153/1240 2346/1156 2368/1424
f 2368/1424 2329/1456 2153/1240
f 2378/1457 2329/1456 2368/1424
f 2368/1424 2381/1425 2378/1457
f 2381/1425 2380/1458 2378/1457
f 2384/1426 2380/1458 2381/1425
f 2158/1244 2153/1240 2329/1456
f 2374/1459 2329/1456 2378/1457
f 2377/1460 2374/1459 2378/1457
f 2379/1461 2377/1460 2378/1457
f 2380/1458 2379/1461 2378/1457
f 2380/1458 2395/1462 2379/1461
f 2396/1463 2395/1462 2380/1458
f 2384/1426 2396/1463 2380/1458
f 2397/1464 2396/1463 2384/1426
f 2385/1427 2397/1464 2384/1426
f 2394/1465 2377/1460 2379/1461
f 2394/1465 2379/1461 2395/1462
f 2366/1466 2394/1465 2395/1462
f 2367/1467 2366/1466 2395/1462
f 2400/1468 2367/1467 2395/1462
f 2396/1463 2400/1468 2395/1462
f 2401/1469 2400/1468 2396/1463
f 2397/1464 2401/1469 2396/1463
f 2394/1465 2393/1470 2377/1460
f 2365/1471 2393/1470 2394/1465
f 2366/1466 2365/1471 2394/1465
f 2365/1471 2366/1466 2364/1472
f 2366/1466 2367/1467 2364/1472
f 2367/1467 2400/1468 2364/1472
f 2400/1468 2401/1469 2364/1472
f 2462/1474 2455/1475 2458/1473
f 2455/1475 2448/1476 2458/1473
f 2455/1475 2444/1477 2448/1476
f 2444/1477 2434/1478 2448/1476
f 2444/1477 2430/1479 2434/1478
f 2430/1479 2420/1480 2434/1478
f 2430/1479 2416/1481 2420/1480
f 2416/1481 2406/1482 2420/1480
f 2448/1476 2449/1483 2458/1473
f 2435/1484 2449/1483 2448/1476
f 2434/1478 2435/1484 2448/1476
f 2421/1485 2435/1484 2434/1478
f 2420/1480 2421/1485 2434/1478
f 2421/1485 2420/1480 2406/1482
f 2407/1486 2421/1485 2406/1482
f 2421/1485 2407/1486 2408/1487
f 2422/1488 2421/1485 2408/1487
f 2422/1488 2408/1487 2409/1489
f 2450/1490 2458/1473 2449/1483
f 2450/1490 2449/1483 2435/1484
f 2436/1491 2450/1490 2435/1484
f 2422/1488 2436/1491 2435/1484
f 2421/1485 2422/1488 2435/1484
f 2459/1492 2458/1473 2450/1490
f 2450/1490 2451/1493 2459/1492
f 2437/1494 2451/1493 2450/1490
f 2436/1491 2437/1494 2450/1490
f 2423/1495 2437/1494 2436/1491
f 2422/1488 2423/1495 2436/1491
f 2409/1489 2423/1495 2422/1488
f 2409/1489 2419/1496 2423/1495
f 2419/1496 2433/1497 2423/1495
f 2433/1497 2419/1496 2431/1498
f 2419/1496 2417/1499 2431/1498
f 2459/1492 2451/1493 2463/1500
f 2451/1493 2456/1501 2463/1500
f 2451/1493 2447/1502 2456/1501
f 2447/1502 2451/1493 2437/1494
f 2447/1502 2437/1494 2433/1497
f 2437/1494 2423/1495 2433/1497
f 2463/1500 2456/1501 2461/1503
f 2456/1501 2454/1504 2461/1503
f 2456/1501 2445/1505 2454/1504
f 2447/1502 2445/1505 2456/1501
f 2447/1502 2433/1497 2445/1505
f 2445/1505 2433/1497 2431/1498
f 2445/1505 2431/1498 2442/1506
f 2431/1498 2428/1507 2442/1506
f 2431/1498 2417/1499 2428/1507
f 2428/1507 2417/1499 2414/1508
f 2428/1507 2414/1508 2429/1509
f 2414/1508 2415/1510 2429/1509
f 2461/1503 2454/1504 2453/1511
f 2453/1511 2454/1504 2443/1512
f 2454/1504 2442/1506 2443/1512
f 2445/1505 2442/1506 2454/1504
f 2461/1503 2453/1511 2460/1513
f 2453/1511 2452/1514 2460/1513
f 2453/1511 2441/1515 2452/1514
f 2440/1516 2441/1515 2453/1511
f 2440/1516 2453/1511 2443/1512
f 2426/1517 2440/1516 2443/1512
f 2429/1509 2426/1517 2443/1512
f 2428/1507 2429/1509 2443/1512
f 2442/1506 2428/1507 2443/1512
f 2457/1518 2460/1513 2452/1514
f 2452/1514 2439/1519 2457/1518
f 2438/1520 2439/1519 2452/1514
f 2438/1520 2452/1514 2441/1515
f 2424/1521 2438/1520 2441/1515
f 2427/1522 2424/1521 2441/1515
f 2427/1522 2441/1515 2440/1516
f 2426/1517 2427/1522 2440/1516
f 2462/1523 2460/1513 2457/1518
f 2462/1523 2457/1518 2455/1524
f 2446/1525 2455/1524 2457/1518
f 2446/1525 2457/1518 2439/1519
f 2425/1526 2446/1525 2439/1519
f 2425/1526 2439/1519 2424/1521
f 2439/1519 2438/1520 2424/1521
f 2444/1527 2455/1524 2446/1525
f 2432/1528 2444/1527 2446/1525
f 2432/1528 2446/1525 2425/1526
f 2418/1529 2432/1528 2425/1526
f 2411/1530 2418/1529 2425/1526
f 2410/1531 2411/1530 2425/1526
f 2424/1521 2410/1531 2425/1526
f 2410/1531 2424/1521 2427/1522
f 2413/1532 2410/1531 2427/1522
f 2412/1533 2413/1532 2427/1522
f 2426/1517 2412/1533 2427/1522
f 2432/1528 2430/1534 2444/1527
f 2432/1528 2418/1529 2430/1534
f 2418/1529 2416/1535 2430/1534
f 2412/1533 2426/1517 2415/1510
f 2426/1517 2429/1509 2415/1510
f 2417/1537 2371/1417 2414/1536
f 2371/1417 2226/1151 2414/1536
f 2226/1151 2318/1150 2414/1536
f 2318/1150 2415/1538 2414/1536
f 2318/1150 2149/1153 2415/1538
f 2149/1153 2412/1539 2415/1538
f 2149/1153 2150/1158 2412/1539
f 2150/1158 2413/1540 2412/1539
f 2413/1540 2150/1158 2410/1541
f 2150/1158 2148/1162 2410/1541
f 2410/1541 2148/1162 2411/1542
f 2148/1162 2145/1167 2411/1542
f 2418/1543 2411/1542 2145/1167
f 2174/1169 2418/1543 2145/1167
f 2416/1544 2418/1543 2174/1169
f 2167/1172 2416/1544 2174/1169
f 2406/1545 2416/1544 2167/1172
f 2129/1179 2406/1545 2167/1172
f 2130/1185 2406/1545 2129/1179
f 2407/1546 2406/1545 2130/1185
f 2408/1547 2407/1546 2130/1185
f 2232/1189 2408/1547 2130/1185
f 2408/1547 2232/1189 2409/1548
f 2232/1189 2230/1192 2409/1548
f 2419/1549 2409/1548 2230/1192
f 2227/1197 2419/1549 2230/1192
f 2417/1550 2419/1549 2227/1197
f 2371/1429 2417/1550 2227/1197
f 2185/1261 2186/1272 2184/1260
# 4777 elements

