# Created by Metasequoia

mtllib Model.mtl

v -0.196517 1.088150 0.394829
v -0.196337 1.110380 0.411628
v -0.208417 1.087540 0.403392
v -0.184628 1.085380 0.406551
v -0.229708 1.090100 0.398507
v -0.243208 1.119330 0.396502
v -0.239297 1.094810 0.379004
v -0.260537 1.091500 0.383590
v 0.200402 1.110380 0.411628
v 0.200583 1.088150 0.394829
v 0.212483 1.087540 0.403392
v 0.188693 1.085380 0.406551
v 0.247273 1.119330 0.396502
v 0.233773 1.090110 0.398507
v 0.243362 1.094810 0.379004
v 0.264602 1.091500 0.383590
v -0.201523 1.097550 0.430693
v -0.190318 1.121470 0.436268
v -0.198918 1.123550 0.425058
v -0.209968 1.123000 0.433728
v -0.245108 1.077100 0.412300
v -0.229108 1.125510 0.428498
v -0.246458 1.129110 0.409458
v -0.262108 1.125590 0.417238
v 0.194383 1.121470 0.436268
v 0.205588 1.097550 0.430693
v 0.202983 1.123550 0.425058
v 0.214033 1.123000 0.433728
v 0.233172 1.125510 0.428498
v 0.249172 1.077100 0.412300
v 0.250522 1.129110 0.409458
v 0.266173 1.125590 0.417238
v -0.387043 1.064040 0.375822
v -0.377551 1.069890 0.347932
v -0.375311 1.064010 0.346851
v 0.381616 1.069890 0.347932
v 0.391108 1.064040 0.375822
v 0.379376 1.064010 0.346851
v -0.124098 1.081310 0.416109
v -0.195597 1.072120 0.408171
v -0.125308 1.036670 0.406970
v 0.002032 1.034210 0.417110
v 0.002033 1.081150 0.424172
v 0.128163 1.081310 0.416109
v 0.129372 1.036670 0.406970
v 0.199663 1.072120 0.408171
v -0.190618 1.041870 0.400426
v -0.247028 1.043630 0.392471
v -0.246828 1.072210 0.396776
v -0.320108 1.042840 0.342554
v -0.310888 1.082730 0.341861
v -0.371897 1.091550 0.228186
v 0.194682 1.041870 0.400426
v 0.251093 1.043630 0.392471
v 0.250892 1.072210 0.396776
v 0.324172 1.042840 0.342554
v 0.314952 1.082730 0.341861
v 0.375962 1.091550 0.228186
v -0.346108 1.101580 0.215593
v -0.284168 1.051630 0.298500
v -0.293398 1.093220 0.320869
v -0.233788 1.096500 0.368941
v -0.225788 1.044050 0.336706
v -0.189568 1.042440 0.344420
v -0.196228 1.090940 0.378845
v -0.124258 1.040650 0.352767
v -0.123607 1.086350 0.382860
v 0.002033 1.085840 0.395790
v 0.002032 1.038280 0.363574
v 0.128323 1.040650 0.352767
v 0.127672 1.086350 0.382860
v 0.200293 1.090940 0.378845
v 0.193633 1.042440 0.344420
v 0.237853 1.096500 0.368941
v 0.229853 1.044050 0.336706
v 0.288232 1.051630 0.298500
v 0.297463 1.093220 0.320869
v 0.350172 1.101580 0.215593
v -0.246858 1.145060 0.438450
v -0.310888 1.124220 0.372648
v -0.320108 1.181290 0.401598
v -0.371897 1.127990 0.260408
v -0.247028 1.176090 0.455210
v -0.200538 1.131990 0.446983
v -0.190618 1.175140 0.462738
v -0.134218 1.174180 0.472428
v -0.124098 1.125550 0.449848
v 0.002032 1.172920 0.485058
v 0.002032 1.122240 0.461005
v 0.128162 1.125550 0.449848
v 0.138282 1.174180 0.472428
v 0.204602 1.131990 0.446983
v 0.194682 1.175140 0.462738
v 0.251093 1.176090 0.455210
v 0.250922 1.145060 0.438450
v 0.324172 1.181290 0.401598
v 0.314952 1.124220 0.372648
v 0.375962 1.127990 0.260408
v -0.123607 1.121130 0.414828
v 0.002032 1.117630 0.426738
v 0.127672 1.121130 0.414828
v -0.196228 1.125340 0.410648
v -0.246248 1.130640 0.397748
v -0.293398 1.116090 0.347238
v -0.346108 1.120960 0.242438
v 0.200293 1.125340 0.410648
v 0.250312 1.130640 0.397748
v 0.297462 1.116090 0.347238
v 0.350172 1.120960 0.242438
v -0.284168 1.186000 0.351308
v -0.245978 1.182010 0.393978
v -0.189568 1.181080 0.403758
v -0.133168 1.180160 0.413528
v 0.002032 1.178940 0.426288
v 0.137232 1.180160 0.413528
v 0.193633 1.181080 0.403758
v 0.250042 1.182010 0.393978
v 0.288232 1.186000 0.351308
v -0.021228 0.861178 0.425031
v -0.070564 0.857981 0.423417
v -0.063185 0.890560 0.434587
v -0.064542 0.828018 0.413188
v -1.359810 0.552516 0.201564
v -1.316400 0.554307 0.256622
v -1.246970 0.574495 0.237108
v -1.285880 0.543604 0.126824
v -1.149420 0.608649 0.238585
v -1.160560 0.562280 0.106375
v -1.055850 0.668377 0.230958
v -1.049960 0.646387 0.110465
v -0.958323 0.777737 0.188424
v -1.347660 0.512903 0.136728
v -1.369890 0.532235 0.069338
v -1.289740 0.546985 0.071663
v -1.300690 0.533936 0.010754
v -1.176450 0.570450 -0.014526
v -1.054760 0.638487 -0.012339
v -0.942916 0.749406 0.088239
v -0.907644 0.850789 0.150896
v -1.359090 0.500818 0.005435
v -1.369410 0.513186 -0.070786
v -1.296890 0.541714 -0.079996
v -1.198860 0.578132 -0.087786
v -1.081370 0.646468 -0.097692
v -0.968619 0.750133 -0.113734
v -0.947721 0.743694 -0.026122
v -1.401450 0.490592 0.005983
v -1.405940 0.493357 -0.047522
v -1.407700 0.562957 -0.090003
v -1.360250 0.596992 -0.137941
v -1.271030 0.645171 -0.203757
v -1.149740 0.725913 -0.231890
v -1.418180 0.498817 -0.038202
v -1.448460 0.535567 -0.048658
v -1.446630 0.540979 -0.064205
v -1.443970 0.617543 -0.079347
v -1.416530 0.660527 -0.107612
v -1.351000 0.712107 -0.204739
v -1.414390 0.495174 0.006130
v -1.478730 0.572317 -0.032682
v -1.480460 0.580577 -0.053872
v -1.459900 0.659167 -0.014601
v -1.450610 0.685609 -0.009680
v -1.421370 0.699876 -0.097044
v -1.367490 0.735281 -0.185013
v -1.485870 0.601747 -0.003382
v -1.494150 0.623647 -0.005172
v -1.472990 0.596197 0.051988
v -1.452670 0.635307 0.063628
v -1.455940 0.684404 0.060317
v -1.453460 0.702288 -0.007939
v -1.424070 0.716213 -0.095535
v -1.473530 0.581567 0.034458
v -1.436570 0.542252 0.048241
v -1.434970 0.553117 0.059481
v -1.409660 0.576947 0.066693
v -1.454570 0.555254 0.087290
v -1.489460 0.600851 0.100244
v -1.467150 0.680664 0.132413
v -1.411510 0.511960 0.045142
v -1.401520 0.518401 0.058481
v -1.427170 0.513157 0.090944
v -1.456500 0.546415 0.103209
v -1.495670 0.590256 0.115325
v -1.498250 0.618257 0.148238
v -1.506700 0.640157 0.147598
v -1.477920 0.612697 0.201328
v -1.432410 0.654142 0.200477
v -1.425350 0.719579 0.204343
v -1.449540 0.696117 0.123511
v -1.480740 0.600026 0.187727
v -1.444000 0.558826 0.192922
v -1.440910 0.569786 0.204582
v -1.389810 0.598437 0.195762
v -1.423620 0.582505 0.227707
v -1.459800 0.627176 0.232438
v -1.425920 0.708216 0.257865
v -1.418300 0.526820 0.189661
v -1.401570 0.526537 0.198358
v -1.384670 0.540716 0.223418
v -1.421970 0.577988 0.242251
v -1.451810 0.620486 0.253908
v -1.422310 0.514097 0.150310
v -1.407620 0.507468 0.147674
v -1.451580 0.646447 0.281641
v -1.455090 0.670216 0.279191
v -1.420830 0.650730 0.330294
v -1.383230 0.703219 0.312075
v -1.368220 0.777337 0.281514
v -1.406730 0.740010 0.237571
v -1.426930 0.635866 0.317484
v -1.394820 0.600784 0.323955
v -1.381900 0.612522 0.335554
v -1.335660 0.657859 0.332900
v -1.282300 0.812908 0.349520
v -1.288140 0.838817 0.319173
v -1.376450 0.789636 0.278792
v -1.414120 0.752988 0.230725
v -1.368530 0.569379 0.315254
v -1.352970 0.570192 0.323539
v -1.300920 0.602476 0.311154
v -1.233200 0.671395 0.335722
v -1.271930 0.718352 0.348792
v -1.378390 0.551742 0.271823
v -1.358570 0.542308 0.270440
v -1.155680 0.672787 0.320737
v -1.161750 0.696136 0.357710
v -1.217510 0.689567 0.358328
v -1.248010 0.732358 0.373168
v -1.256040 0.800887 0.396368
v -1.218700 0.892404 0.324986
v -1.207010 0.705844 0.371308
v -1.230470 0.738142 0.379608
v -1.237540 0.795440 0.398236
v -1.208560 0.836177 0.400048
v -1.214870 0.854947 0.398719
v -1.167200 0.707174 0.368274
v -1.156810 0.825898 0.399658
v -1.153820 0.843268 0.384233
v -1.130380 0.786381 0.386977
v -1.115950 0.794086 0.379508
v -1.091770 0.820537 0.327887
v -1.132540 0.871334 0.331217
v -1.124810 0.736197 0.369139
v -1.113930 0.728050 0.358405
v -1.089700 0.730368 0.317501
v -0.997722 0.836797 0.272923
v -1.039370 0.892891 0.299771
v -1.083690 0.931452 0.307893
v -0.943334 0.898509 0.221743
v -0.984591 0.957362 0.263605
v -1.023020 0.998168 0.258281
v -1.127690 0.969800 0.298342
v -0.885799 0.954651 0.184235
v -0.929949 1.002740 0.215912
v -0.975094 1.046050 0.212828
v -1.062850 1.034240 0.246540
v -1.135150 0.979493 0.298585
v -0.851224 0.917646 0.124739
v -0.792687 0.966376 0.112042
v -0.832004 1.007820 0.167810
v -0.883882 1.058900 0.187294
v -0.944301 1.108660 0.168350
v -1.024710 1.101610 0.178971
v -1.071990 1.045560 0.245136
v -0.779907 1.057760 0.167174
v -0.833870 1.113500 0.181384
v -0.892081 1.166580 0.157788
v -0.972657 1.180270 0.102555
v -1.009350 1.143640 0.131957
v -1.038570 1.111160 0.180303
v -0.737302 1.012450 0.113187
v -0.723895 1.105550 0.182168
v -0.778122 1.169040 0.199098
v -0.838898 1.227500 0.174960
v -0.899911 1.257070 0.117950
v -0.947959 1.208710 0.103287
v -0.684743 1.051140 0.126360
v -0.621627 1.080470 0.155822
v -0.658925 1.155950 0.214881
v -0.716126 1.235510 0.233428
v -0.766379 1.298040 0.214032
v -0.870155 1.292490 0.135146
v -0.912591 1.267960 0.108644
v -0.956135 1.216080 0.100538
v -0.980559 1.190820 0.099636
v -1.021000 1.154850 0.132307
v -0.875169 1.305680 0.130119
v -0.928074 1.274750 -0.006239
v -0.969024 1.222760 -0.003393
v -0.997715 1.191380 -0.003063
v -1.060400 1.152310 0.057760
v -1.068560 1.115540 0.154314
v -0.905130 1.301880 -0.009325
v -0.929140 1.267100 -0.130893
v -0.972753 1.215700 -0.119643
v -0.998650 1.187150 -0.116893
v -1.035540 1.150120 -0.133898
v -1.065730 1.146210 -0.037266
v -1.090790 1.151830 0.054454
v -0.898065 1.292180 -0.145180
v -0.918356 1.259550 -0.131263
v -0.963408 1.208030 -0.123773
v -0.987659 1.184110 -0.119292
v -1.024430 1.139360 -0.139123
v -1.055260 1.095650 -0.173970
v -1.091130 1.095180 -0.132222
v -0.891055 1.282590 -0.145545
v -0.840333 1.193270 -0.197791
v -0.886264 1.145300 -0.193767
v -0.928822 1.105520 -0.194675
v -1.037700 1.086740 -0.172264
v -1.064940 1.016370 -0.215088
v -1.082340 1.024520 -0.220906
v -0.801297 1.237120 -0.213602
v -0.688636 1.150110 -0.219353
v -0.749265 1.104220 -0.198325
v -0.799702 1.061430 -0.190317
v -0.846469 1.015030 -0.192513
v -0.892832 0.958613 -0.200686
v -0.969178 1.047210 -0.218181
v -1.025270 1.003140 -0.247152
v -0.587811 1.053510 -0.140007
v -0.677455 1.030850 -0.136611
v -0.729919 0.994214 -0.127484
v -0.784890 0.945931 -0.125077
v -0.847477 0.888232 -0.127190
v -0.904248 0.838277 -0.124929
v -0.945708 0.899437 -0.224600
v -0.659329 1.007850 -0.043976
v -0.711271 0.979127 -0.048085
v -0.769978 0.942379 -0.042644
v -0.834167 0.890023 -0.035629
v -0.892869 0.821102 -0.032792
v -0.606264 1.032440 -0.039837
v -0.662372 1.016000 0.045825
v -0.712828 0.987217 0.035060
v -0.776770 0.943544 0.032247
v -0.833637 0.895876 0.043097
v -0.891327 0.825971 0.066708
v -0.611267 1.039800 0.059398
v -1.028400 0.823736 -0.236640
v -1.108490 0.914005 -0.274070
v -1.131480 0.924001 -0.257165
v -1.196010 0.827532 -0.281768
v -1.214850 0.853137 -0.268032
v -1.147790 0.938901 -0.256199
v -1.190930 0.975525 -0.232473
v -1.127050 1.041670 -0.194389
v -1.279320 0.761543 -0.253441
v -1.284640 0.792976 -0.237208
v -1.226590 0.867784 -0.268366
v -1.259920 0.909450 -0.237434
v -1.280980 0.934348 -0.226335
v -1.216660 0.995620 -0.220073
v -1.299670 0.802321 -0.236983
v -1.324930 0.846742 -0.211513
v -1.341820 0.872268 -0.204140
v -1.346990 0.883254 -0.187836
v -1.285830 0.943420 -0.208863
v -1.375230 0.750072 -0.181136
v -1.386470 0.794100 -0.163091
v -1.398540 0.818539 -0.157496
v -1.395310 0.833274 -0.142489
v -1.430710 0.757331 -0.085236
v -1.439020 0.783367 -0.080070
v -1.431620 0.801473 -0.074876
v -1.449940 0.738837 0.011758
v -1.455920 0.765010 0.008697
v -1.446710 0.781306 0.007657
v -1.459670 0.701647 0.059088
v -1.442640 0.744675 0.103989
v -1.449670 0.768825 0.100959
v -1.440890 0.785071 0.094133
v -1.452210 0.710756 0.122108
v -1.430040 0.734855 0.198352
v -1.417240 0.774288 0.190893
v -1.422090 0.798743 0.183966
v -1.415070 0.813181 0.171902
v -1.368750 0.823173 0.258386
v -1.375530 0.845224 0.248157
v -1.371290 0.856411 0.232220
v -1.298260 0.853048 0.315778
v -1.306210 0.877589 0.296196
v -1.314400 0.899751 0.286809
v -1.314800 0.908688 0.267562
v -1.222160 0.911851 0.323722
v -1.242390 0.930720 0.304539
v -1.248700 0.960969 0.294271
v -1.253090 0.965453 0.274810
v -1.167990 1.001530 0.279484
v -1.183410 1.019910 0.270253
v -1.191590 1.020250 0.252570
v -1.104250 1.062420 0.231086
v -1.130380 1.076510 0.218444
v -1.141590 1.073300 0.204182
v -1.098220 1.124010 0.145403
v -1.111550 1.117220 0.135462
v -1.105470 1.141140 0.054671
v -1.095280 1.144510 -0.037382
v -1.112990 1.135640 -0.034181
v -1.134590 1.095770 -0.114621
v -1.115360 1.101420 -0.123849
v -1.169350 1.054760 -0.169143
v -1.154990 1.055590 -0.185578
v -1.225650 1.000200 -0.201626
v -1.393120 0.548221 0.242696
v -1.435960 0.515317 0.104488
v -0.063297 0.886979 0.445105
v -0.021339 0.857583 0.435543
v -0.070675 0.854386 0.433929
v -0.064652 0.824409 0.423696
v -1.141610 0.655205 0.441247
v -1.137450 0.640273 0.485074
v -1.126780 0.649345 0.485547
v -1.114680 0.672088 0.443686
v -1.127150 0.657458 0.494271
v -1.137720 0.648333 0.498315
v -1.152810 0.647129 0.494296
v -1.148480 0.641147 0.485506
v -1.160520 0.699074 0.412951
v -1.127980 0.718176 0.416164
v -1.120850 0.701107 0.460650
v -1.131960 0.665459 0.500884
v -1.142470 0.662672 0.504920
v -1.126090 0.744345 0.439564
v -1.137500 0.718999 0.482075
v -1.163020 0.715745 0.487846
v -1.188460 0.698845 0.478923
v -1.153320 0.657272 0.501730
v -1.150190 0.772886 0.451500
v -1.147830 0.766670 0.463945
v -1.144860 0.749811 0.466254
v -1.176330 0.750523 0.478496
v -1.206640 0.729411 0.467533
v -1.184360 0.777836 0.457455
v -1.182680 0.768579 0.474879
v -1.210920 0.746236 0.464195
v -1.210990 0.710304 0.436588
v -1.215370 0.752089 0.446053
v -1.194440 0.695728 0.416100
v -1.185310 0.675580 0.456982
v -1.169660 0.653184 0.443626
v -1.453000 0.433110 0.018850
v -1.475510 0.392326 0.021871
v -1.478110 0.395099 0.031910
v -1.457980 0.442507 0.043021
v -1.485870 0.400326 0.035750
v -1.489420 0.393126 0.022635
v -1.479180 0.390545 0.010832
v -1.452920 0.471065 0.015099
v -1.456690 0.481283 0.040897
v -1.481950 0.450827 0.048473
v -1.494820 0.404442 0.033016
v -1.502420 0.402418 0.022882
v -1.497080 0.398237 0.011261
v -1.488260 0.395124 0.008862
v -1.480150 0.494166 0.045386
v -1.498430 0.450865 0.041439
v -1.510150 0.442653 0.019239
v -1.501370 0.439753 -0.003816
v -1.479320 0.441219 -0.013969
v -1.500980 0.518890 0.038890
v -1.511640 0.505750 0.040036
v -1.507370 0.492452 0.043124
v -1.518020 0.524057 0.009752
v -1.528050 0.506832 0.012940
v -1.521670 0.490839 0.016860
v -1.509060 0.488920 -0.009092
v -1.477430 0.480623 -0.019310
v -1.506580 0.510699 -0.016741
v -1.515360 0.499969 -0.013003
v -1.459060 0.472042 -0.009523
v -1.458460 0.432936 -0.005202
v -0.210682 -0.004926 0.204605
v -0.206796 -0.006350 0.203260
v -0.218253 0.002830 0.164216
v -0.233817 0.003385 0.169255
v -0.227641 -0.003664 0.141358
v -0.244997 0.000330 0.156027
v -0.236089 0.014864 0.176939
v -0.248464 0.018939 0.160044
v -0.240876 0.046554 0.163319
v -0.211332 -0.001685 0.205650
v -0.226498 0.025809 0.189774
v -0.229229 0.032212 0.188192
v -0.232444 0.033840 0.179704
v -0.221752 0.054738 0.164163
v -0.216921 0.041047 0.176775
v -0.203594 0.046523 0.150976
v -0.205663 -0.001319 0.206542
v -0.206405 0.005302 0.205249
v -0.210307 0.002560 0.207046
v -0.212335 0.028749 0.190327
v -0.213613 0.037400 0.186966
v -0.202910 -0.004789 0.201916
v -0.201456 -0.001152 0.202414
v -0.202259 0.002920 0.203374
v -0.198541 0.027123 0.180459
v -0.197414 0.033615 0.177221
v -0.199675 0.034621 0.168591
v -0.200372 0.006098 0.158428
v -0.197300 0.018144 0.166196
v -0.194850 0.023609 0.143017
v -0.200159 0.003427 0.137792
v -0.304704 0.000997 0.187796
v -0.302842 -0.002957 0.155538
v -0.328066 0.002112 0.161627
v -0.320981 0.003347 0.188058
v -0.323324 0.016389 0.196473
v -0.331342 0.022153 0.168046
v -0.322257 0.034419 0.197976
v -0.326723 0.044786 0.176005
v -0.304204 0.056678 0.184755
v -0.303816 -0.007514 0.228272
v -0.307981 -0.005252 0.228312
v -0.310453 -0.001764 0.229431
v -0.307891 0.002594 0.230829
v -0.318139 0.025841 0.210408
v -0.319651 0.033120 0.206048
v -0.303301 0.044383 0.198911
v -0.282568 0.045691 0.176131
v -0.303712 -0.002261 0.232298
v -0.303559 0.005432 0.231739
v -0.302858 0.030972 0.213540
v -0.303335 0.042249 0.207854
v -0.287638 0.032627 0.206158
v -0.287095 0.035367 0.197801
v -0.274714 0.020084 0.167490
v -0.299141 -0.005518 0.228226
v -0.297486 -0.002316 0.229254
v -0.298651 0.002518 0.230805
v -0.289579 0.026201 0.210031
v -0.283761 0.004297 0.187458
v -0.282935 0.015585 0.194909
v -0.278592 0.003065 0.161976
v -0.397758 0.002437 0.172916
v -0.388133 -0.001332 0.137910
v -0.414881 0.004729 0.133607
v -0.414020 0.004780 0.169728
v -0.412168 -0.004253 0.212535
v -0.415339 -0.003229 0.211833
v -0.133577 0.005124 -0.053160
v -0.131541 0.004037 0.021048
v -0.127077 0.035683 0.029471
v -0.132819 0.055586 -0.049955
v -0.135157 0.093084 0.038141
v -0.146863 0.098542 -0.036714
v -0.143394 0.145834 -0.028396
v -0.131690 0.140744 0.042160
v -0.115847 0.180932 0.042614
v -0.165941 0.004037 -0.103982
v -0.173334 0.062067 -0.106132
v -0.181055 0.109785 -0.098956
v -0.181932 0.146855 -0.088402
v -0.174154 0.188058 -0.092548
v -0.125119 0.186034 -0.031533
v -0.108638 0.221867 0.036248
v -0.262498 0.003953 -0.160196
v -0.262180 0.062801 -0.161327
v -0.260110 0.114353 -0.150782
v -0.258110 0.148147 -0.129410
v -0.255382 0.191713 -0.136180
v -0.247967 0.260641 -0.146996
v -0.164115 0.235604 -0.099292
v -0.378806 0.004759 -0.157496
v -0.380503 0.059958 -0.165495
v -0.377018 0.118069 -0.156046
v -0.370358 0.154447 -0.131203
v -0.363927 0.213572 -0.138042
v -0.355854 0.280430 -0.152179
v -0.473900 0.004037 -0.103982
v -0.473920 0.061197 -0.102072
v -0.466534 0.113997 -0.087522
v -0.460777 0.165173 -0.065777
v -0.458630 0.230165 -0.085821
v -0.449058 0.321288 -0.118942
v -0.492992 0.004128 0.022206
v -0.498227 0.057258 0.025380
v -0.484977 0.119677 0.030244
v -0.494145 0.209242 0.004644
v -0.493581 0.249100 -0.051285
v -0.449725 0.004037 0.099223
v -0.449241 0.029384 0.103123
v -0.449128 0.053137 0.106172
v -0.435972 0.113197 0.117324
v -0.479563 0.191446 0.077727
v -0.424750 0.025721 0.128950
v -0.417233 0.056649 0.135727
v -0.386067 0.108090 0.167549
v -0.449077 0.159138 0.133157
v -0.448660 0.213003 0.155600
v -0.489489 0.193527 0.080618
v -0.421626 0.002151 0.121604
v -0.421397 0.024431 0.137637
v -0.415514 0.053334 0.146501
v -0.390522 0.079587 0.164241
v -0.362844 0.055752 0.156121
v -0.306308 0.109276 0.187218
v -0.382827 0.155362 0.189065
v -0.419364 0.001564 0.131359
v -0.416496 0.022929 0.139281
v -0.411323 0.047504 0.148079
v -0.392025 0.061196 0.168092
v -0.392483 0.068964 0.169444
v -0.368766 0.053171 0.164364
v -0.382762 -0.003291 0.125804
v -0.387190 -0.005929 0.136676
v -0.356076 -0.001263 0.151385
v -0.360732 -0.001906 0.157863
v -0.366744 0.002090 0.155217
v -0.359460 0.022707 0.163549
v -0.365033 0.022711 0.161029
v -0.353299 0.022734 0.158568
v -0.372761 0.048433 0.163317
v -0.342299 0.023224 0.162662
v -0.337087 0.054892 0.165164
v -0.337350 -0.004075 0.154540
v -0.336784 0.022154 0.168204
v -0.329879 0.049064 0.177125
v -0.304219 0.070150 0.182964
v -0.332376 -0.002011 0.160165
v -0.304147 0.062805 0.186354
v -0.278237 0.049323 0.177018
v -0.272988 0.051811 0.159222
v -0.302626 -0.007866 0.145976
v -0.303293 -0.006994 0.154174
v -0.273608 -0.003316 0.154124
v -0.275183 -0.000887 0.160711
v -0.267125 0.022781 0.158481
v -0.270618 0.021535 0.167816
v -0.260525 0.021894 0.157352
v -0.253219 0.056703 0.159506
v -0.257586 -0.004972 0.149645
v -0.253264 0.017911 0.162725
v -0.244931 0.051847 0.165666
v -0.223919 0.072202 0.156778
v -0.220164 0.106792 0.177947
v -0.249848 -0.004983 0.158365
v -0.222204 0.063516 0.166701
v -0.196712 0.056789 0.138283
v -0.232343 -0.006125 0.126348
v -0.229328 -0.008699 0.136206
v -0.195795 -0.001348 0.128061
v -0.196586 -0.000440 0.136086
v -0.186371 0.027467 0.130502
v -0.190081 0.023289 0.141436
v -0.165932 0.031811 0.117391
v -0.165921 0.053857 0.122768
v -0.200159 0.051814 0.150483
v -0.170339 0.003063 0.111096
v -0.148825 0.003811 0.077446
v -0.144383 0.032522 0.085062
v -0.145787 0.045872 0.089548
v -0.178062 0.101407 0.133864
v -0.171017 0.142155 0.153326
v -0.224583 0.150840 0.191122
v -0.148173 0.097401 0.095101
v -0.136605 0.141518 0.104775
v -0.167490 0.191535 0.173450
v -0.224203 0.204264 0.210636
v -0.306356 0.148284 0.206148
v -0.129306 0.179892 0.113708
v -0.161027 0.241862 0.184268
v -0.218549 0.256287 0.224569
v -0.297414 0.208646 0.237473
v -0.369063 0.214394 0.226546
v -0.127118 0.220279 0.116576
v -0.152996 0.284649 0.179701
v -0.206628 0.332923 0.235293
v -0.287291 0.353677 0.279444
v -0.293362 0.273963 0.266138
v -0.358809 0.276796 0.263190
v -0.124427 0.248523 0.116512
v -0.114488 0.316352 0.182949
v -0.173485 0.419753 0.246167
v -0.278479 0.421618 0.267717
v -0.355324 0.349173 0.277883
v -0.417775 0.269065 0.209534
v -0.079418 0.246009 0.024451
v -0.098903 0.286661 0.123805
v -0.064201 0.325797 0.202711
v -0.138095 0.443473 0.260287
v -0.223655 0.551653 0.257296
v -0.256941 0.515864 0.244571
v -0.349352 0.415298 0.267085
v -0.053628 0.299809 0.135969
v 0.002032 0.322507 0.198608
v 0.002032 0.347014 0.235150
v -0.031768 0.357242 0.241085
v -0.057601 0.431708 0.274568
v -0.040980 0.256867 0.024988
v 0.002032 0.300777 0.133150
v 0.057693 0.299809 0.135969
v 0.068266 0.325797 0.202711
v 0.035833 0.357242 0.241085
v 0.002032 0.424493 0.281168
v 0.002032 0.264870 0.024988
v 0.045046 0.256867 0.024988
v 0.083483 0.246009 0.024451
v 0.102968 0.286661 0.123805
v 0.118553 0.316352 0.182949
v 0.142160 0.443473 0.260287
v 0.061666 0.431708 0.274568
v 0.002032 0.570507 0.336396
v 0.128492 0.248523 0.116512
v 0.157061 0.284649 0.179701
v 0.210693 0.332923 0.235293
v 0.177550 0.419753 0.246167
v 0.112703 0.221867 0.036248
v 0.131183 0.220279 0.116576
v 0.165092 0.241862 0.184268
v 0.222614 0.256287 0.224569
v 0.291356 0.353677 0.279444
v 0.133371 0.179892 0.113708
v 0.171555 0.191535 0.173450
v 0.228268 0.204264 0.210636
v 0.301479 0.208646 0.237473
v 0.297427 0.273963 0.266138
v 0.119912 0.180932 0.042614
v 0.135755 0.140744 0.042160
v 0.140670 0.141518 0.104775
v 0.175082 0.142155 0.153326
v 0.228648 0.150840 0.191122
v 0.310421 0.148284 0.206148
v 0.152238 0.097401 0.095101
v 0.182127 0.101407 0.133864
v 0.224229 0.106792 0.177947
v 0.310373 0.109276 0.187218
v 0.386892 0.155362 0.189065
v 0.139222 0.093084 0.038141
v 0.149852 0.045872 0.089548
v 0.169985 0.053857 0.122768
v 0.200777 0.056789 0.138283
v 0.227984 0.072202 0.156778
v 0.257284 0.056703 0.159506
v 0.277053 0.051811 0.159222
v 0.131142 0.035683 0.029471
v 0.148447 0.032522 0.085062
v 0.169997 0.031811 0.117391
v 0.190436 0.027467 0.130502
v 0.194146 0.023289 0.141436
v 0.204224 0.051814 0.150483
v 0.226269 0.063516 0.166701
v 0.135606 0.004037 0.021048
v 0.152890 0.003811 0.077446
v 0.174404 0.003063 0.111096
v 0.199860 -0.001348 0.128061
v 0.200651 -0.000440 0.136086
v 0.198915 0.023609 0.143017
v 0.207659 0.046523 0.150976
v 0.225816 0.054738 0.164163
v 0.248996 0.051847 0.165666
v 0.233393 -0.008699 0.136206
v 0.204224 0.003427 0.137792
v 0.236408 -0.006125 0.126348
v 0.253913 -0.004983 0.158365
v 0.231706 -0.003664 0.141358
v 0.261651 -0.004972 0.149645
v 0.257329 0.017911 0.162725
v 0.252529 0.018939 0.160044
v 0.249062 0.000330 0.156027
v 0.264590 0.021894 0.157352
v 0.244940 0.046554 0.163319
v 0.277673 -0.003316 0.154124
v 0.271190 0.022781 0.158481
v 0.279248 -0.000887 0.160711
v 0.274683 0.021535 0.167816
v 0.307358 -0.006994 0.154174
v 0.282657 0.003065 0.161976
v 0.278779 0.020084 0.167490
v 0.286633 0.045691 0.176131
v 0.282301 0.049323 0.177018
v 0.308284 0.070150 0.182964
v 0.306691 -0.007866 0.145976
v 0.336441 -0.002011 0.160165
v 0.306906 -0.002957 0.155538
v 0.341415 -0.004075 0.154540
v 0.340849 0.022154 0.168204
v 0.335407 0.022153 0.168046
v 0.332131 0.002112 0.161627
v 0.346363 0.023224 0.162662
v 0.333944 0.049064 0.177125
v 0.330788 0.044786 0.176005
v 0.360141 -0.001263 0.151385
v 0.357364 0.022734 0.158568
v 0.341152 0.054892 0.165164
v 0.308211 0.062805 0.186354
v 0.308269 0.056678 0.184755
v 0.363525 0.022707 0.163549
v 0.366908 0.055752 0.156121
v 0.364797 -0.001906 0.157863
v 0.369098 0.022711 0.161029
v 0.376825 0.048433 0.163317
v 0.372831 0.053171 0.164364
v 0.394586 0.079587 0.164241
v 0.390132 0.108090 0.167549
v 0.391255 -0.005929 0.136676
v 0.370809 0.002090 0.155217
v 0.386827 -0.003291 0.125804
v 0.423428 0.001564 0.131359
v 0.392198 -0.001332 0.137910
v 0.425691 0.002151 0.121604
v 0.425462 0.024431 0.137637
v 0.420561 0.022929 0.139281
v 0.418945 0.004729 0.133607
v 0.428814 0.025721 0.128950
v 0.419579 0.053334 0.146501
v 0.415388 0.047504 0.148079
v 0.453790 0.004037 0.099223
v 0.453305 0.029384 0.103123
v 0.421298 0.056649 0.135727
v 0.396548 0.068964 0.169444
v 0.396090 0.061196 0.168092
v 0.502292 0.057258 0.025380
v 0.453193 0.053137 0.106172
v 0.440037 0.113197 0.117324
v 0.497057 0.004128 0.022206
v 0.477985 0.061197 -0.102072
v 0.470599 0.113997 -0.087522
v 0.489042 0.119677 0.030244
v 0.483628 0.191446 0.077727
v 0.453142 0.159138 0.133157
v 0.477965 0.004037 -0.103982
v 0.384568 0.059958 -0.165495
v 0.381083 0.118069 -0.156046
v 0.374423 0.154447 -0.131203
v 0.464842 0.165173 -0.065777
v 0.498210 0.209242 0.004644
v 0.382871 0.004759 -0.157496
v 0.266245 0.062801 -0.161327
v 0.264175 0.114353 -0.150782
v 0.262174 0.148147 -0.129410
v 0.367991 0.213572 -0.138042
v 0.462695 0.230165 -0.085821
v 0.497646 0.249100 -0.051285
v 0.266563 0.003953 -0.160196
v 0.177399 0.062067 -0.106132
v 0.185120 0.109785 -0.098956
v 0.185997 0.146855 -0.088402
v 0.178219 0.188058 -0.092548
v 0.259447 0.191713 -0.136180
v 0.170006 0.004037 -0.103982
v 0.136884 0.055586 -0.049955
v 0.150928 0.098542 -0.036714
v 0.147459 0.145834 -0.028396
v 0.129184 0.186034 -0.031533
v 0.168180 0.235604 -0.099292
v 0.252032 0.260641 -0.146996
v 0.137642 0.005124 -0.053160
v 0.126069 0.229823 -0.043215
v 0.100441 0.268055 -0.064481
v 0.150727 0.292331 -0.108521
v 0.238240 0.323174 -0.155755
v 0.359919 0.280430 -0.152179
v 0.062547 0.290988 -0.054918
v 0.120134 0.349226 -0.174692
v 0.225369 0.388534 -0.157770
v 0.307409 0.439320 -0.174322
v 0.343597 0.373528 -0.172105
v 0.002032 0.300826 -0.057404
v 0.037678 0.319565 -0.117684
v 0.049438 0.345938 -0.183969
v 0.062319 0.404684 -0.269256
v 0.132521 0.412678 -0.248541
v -0.058482 0.290988 -0.054918
v -0.033613 0.319565 -0.117684
v 0.002032 0.316870 -0.127491
v 0.002032 0.345070 -0.178905
v 0.002032 0.404534 -0.258129
v -0.096376 0.268055 -0.064481
v -0.116069 0.349226 -0.174692
v -0.045373 0.345938 -0.183969
v -0.058254 0.404684 -0.269256
v 0.002032 0.476885 -0.289540
v -0.122004 0.229823 -0.043215
v -0.146662 0.292331 -0.108521
v -0.221305 0.388534 -0.157770
v -0.128456 0.412678 -0.248541
v -0.234175 0.323174 -0.155755
v -0.303344 0.439320 -0.174322
v -0.285206 0.480894 -0.186097
v -0.203338 0.441334 -0.215352
v -0.339532 0.373528 -0.172105
v -0.402007 0.553417 -0.145011
v -0.329142 0.606790 -0.201317
v -0.259871 0.524950 -0.210186
v -0.187650 0.492299 -0.246225
v -0.431677 0.420299 -0.144666
v -0.466854 0.440617 -0.117933
v -0.454358 0.539754 -0.104295
v -0.446003 0.622500 -0.053838
v -0.419607 0.646975 -0.120141
v -0.373703 0.684562 -0.190679
v -0.481693 0.340227 -0.099875
v -0.499272 0.341954 -0.096559
v -0.483335 0.446964 -0.117526
v -0.470493 0.543217 -0.104521
v -0.457964 0.621175 -0.052714
v -0.509469 0.250709 -0.047349
v -0.516949 0.354006 -0.090096
v -0.503151 0.451246 -0.105747
v -0.488969 0.541871 -0.092011
v -0.477304 0.613460 -0.045990
v -0.508833 0.210170 0.008198
v -0.518370 0.226868 0.013013
v -0.525429 0.264612 -0.037174
v -0.520573 0.271093 -0.031290
v -0.512567 0.355759 -0.081347
v -0.499980 0.451459 -0.098250
v -0.499668 0.207954 0.086439
v -0.496793 0.221646 0.087971
v -0.514237 0.237975 0.016151
v -0.462774 0.217783 0.159853
v -0.481069 0.233313 0.156941
v -0.480609 0.243984 0.150408
v -0.434606 0.274449 0.218687
v -0.453621 0.283114 0.215257
v -0.455712 0.292585 0.205276
v -0.408901 0.350848 0.246935
v -0.430938 0.356387 0.244005
v -0.434543 0.360548 0.229668
v -0.391472 0.348903 0.247222
v -0.382523 0.407111 0.253435
v -0.398164 0.405461 0.255042
v -0.420473 0.406852 0.251737
v -0.425318 0.409765 0.240363
v -0.376821 0.471088 0.250322
v -0.392534 0.473556 0.253040
v -0.413346 0.475803 0.250906
v -0.418244 0.474914 0.240908
v -0.339131 0.497872 0.254157
v -0.377694 0.568169 0.216245
v -0.394141 0.569159 0.221457
v -0.415591 0.564762 0.222599
v -0.415743 0.559727 0.215364
v -0.429387 0.625716 0.158083
v -0.330521 0.609627 0.236095
v -0.394059 0.636520 0.165063
v -0.410003 0.642381 0.164339
v -0.426849 0.633124 0.164092
v -0.440598 0.651922 0.099689
v -0.439604 0.661800 0.098828
v -0.460243 0.646893 0.024860
v -0.290370 0.640307 0.250016
v -0.365925 0.726395 0.208364
v -0.414637 0.759477 0.146293
v -0.418386 0.671188 0.082775
v -0.426054 0.672405 0.088813
v -0.461007 0.655847 0.022625
v -0.474749 0.607015 -0.041053
v -0.222438 0.610243 0.284901
v -0.300988 0.738211 0.263789
v -0.384606 0.845766 0.239311
v -0.438956 0.841068 0.158297
v -0.452382 0.765432 0.051303
v -0.123361 0.585047 0.316822
v -0.132229 0.802631 0.360229
v -0.227831 0.760304 0.319590
v -0.240741 0.855592 0.340705
v -0.314956 0.853184 0.291259
v -0.420776 0.949126 0.288775
v -0.056609 0.576527 0.336549
v -0.045789 0.726852 0.355405
v -0.092105 0.752176 0.355698
v -0.100915 0.817959 0.380899
v -0.147807 0.857740 0.377933
v -0.260033 0.920707 0.360192
v 0.002032 0.718705 0.355058
v -0.036468 0.762744 0.369197
v -0.077493 0.784789 0.371421
v -0.091867 0.825040 0.377465
v -0.110787 0.856631 0.395858
v -0.139664 0.918524 0.396487
v 0.049854 0.726852 0.355405
v 0.040533 0.762744 0.369197
v 0.002032 0.754690 0.365892
v -0.035147 0.775473 0.365487
v -0.069887 0.795039 0.367038
v 0.060674 0.576527 0.336549
v 0.127425 0.585047 0.316822
v 0.096170 0.752176 0.355698
v 0.081558 0.784789 0.371421
v 0.073952 0.795039 0.367038
v 0.039212 0.775473 0.365487
v 0.226502 0.610243 0.284901
v 0.136294 0.802631 0.360229
v 0.104980 0.817959 0.380899
v 0.095932 0.825040 0.377465
v 0.227720 0.551653 0.257296
v 0.294435 0.640307 0.250016
v 0.305053 0.738211 0.263789
v 0.231896 0.760304 0.319590
v 0.151872 0.857740 0.377933
v 0.114852 0.856631 0.395858
v 0.103972 0.859082 0.390846
v 0.261006 0.515864 0.244571
v 0.334586 0.609627 0.236095
v 0.369990 0.726395 0.208364
v 0.388671 0.845766 0.239311
v 0.319021 0.853184 0.291259
v 0.244806 0.855592 0.340705
v 0.282544 0.421618 0.267717
v 0.353416 0.415298 0.267085
v 0.343196 0.497872 0.254157
v 0.381759 0.568169 0.216245
v 0.398124 0.636520 0.165063
v 0.359388 0.349173 0.277883
v 0.395537 0.348903 0.247222
v 0.386588 0.407111 0.253435
v 0.380886 0.471088 0.250322
v 0.398206 0.569159 0.221457
v 0.414067 0.642381 0.164339
v 0.362874 0.276796 0.263190
v 0.421840 0.269065 0.209534
v 0.412966 0.350848 0.246935
v 0.402229 0.405461 0.255042
v 0.396599 0.473556 0.253040
v 0.373128 0.214394 0.226546
v 0.452724 0.213003 0.155600
v 0.466839 0.217783 0.159853
v 0.438671 0.274449 0.218687
v 0.435003 0.356387 0.244005
v 0.424538 0.406852 0.251737
v 0.493554 0.193527 0.080618
v 0.503733 0.207954 0.086439
v 0.485134 0.233313 0.156941
v 0.457686 0.283114 0.215257
v 0.438608 0.360548 0.229668
v 0.429383 0.409765 0.240363
v 0.512898 0.210170 0.008198
v 0.522435 0.226868 0.013013
v 0.500858 0.221646 0.087971
v 0.484674 0.243984 0.150408
v 0.459777 0.292585 0.205276
v 0.513534 0.250709 -0.047349
v 0.529494 0.264612 -0.037174
v 0.518302 0.237975 0.016151
v 0.485757 0.340227 -0.099875
v 0.503337 0.341954 -0.096559
v 0.521014 0.354006 -0.090096
v 0.524638 0.271093 -0.031290
v 0.453123 0.321288 -0.118942
v 0.435742 0.420299 -0.144666
v 0.470919 0.440617 -0.117933
v 0.487888 0.446964 -0.117526
v 0.507216 0.451246 -0.105747
v 0.516632 0.355759 -0.081347
v 0.406072 0.553417 -0.145011
v 0.458423 0.539754 -0.104295
v 0.474558 0.543217 -0.104521
v 0.289271 0.480894 -0.186097
v 0.333207 0.606790 -0.201317
v 0.377768 0.684562 -0.190679
v 0.423672 0.646975 -0.120141
v 0.450068 0.622500 -0.053838
v 0.462029 0.621175 -0.052714
v 0.207403 0.441334 -0.215352
v 0.263936 0.524950 -0.210186
v 0.255772 0.546604 -0.217475
v 0.335232 0.616794 -0.220472
v 0.191715 0.492299 -0.246225
v 0.216867 0.538571 -0.227488
v 0.257608 0.559157 -0.230697
v 0.320470 0.624393 -0.230011
v 0.379524 0.689398 -0.210569
v 0.143916 0.483255 -0.268827
v 0.140275 0.540987 -0.256728
v 0.224894 0.549976 -0.240987
v 0.243703 0.574492 -0.241153
v 0.060294 0.481252 -0.294701
v 0.058787 0.547606 -0.276695
v 0.144502 0.547940 -0.267394
v 0.225161 0.571580 -0.244624
v 0.248449 0.594616 -0.280519
v 0.301506 0.633689 -0.277162
v 0.002032 0.553375 -0.277801
v 0.057628 0.557239 -0.287343
v 0.148749 0.579221 -0.267112
v 0.162049 0.606447 -0.312564
v 0.170081 0.659429 -0.380873
v 0.259493 0.641090 -0.322641
v -0.056229 0.481252 -0.294701
v -0.054722 0.547606 -0.276695
v -0.053563 0.557239 -0.287343
v 0.002032 0.562344 -0.286920
v 0.060018 0.592054 -0.286078
v -0.139851 0.483255 -0.268827
v -0.136210 0.540987 -0.256728
v -0.140437 0.547940 -0.267394
v -0.144684 0.579221 -0.267112
v -0.055953 0.592054 -0.286078
v 0.002032 0.596319 -0.287553
v -0.212802 0.538571 -0.227488
v -0.220829 0.549976 -0.240987
v -0.221097 0.571580 -0.244624
v -0.244384 0.594616 -0.280519
v -0.157985 0.606447 -0.312564
v -0.059669 0.622625 -0.332392
v -0.251707 0.546604 -0.217475
v -0.253543 0.559157 -0.230697
v -0.239638 0.574492 -0.241153
v -0.297441 0.633689 -0.277162
v -0.255428 0.641090 -0.322641
v -0.166017 0.659429 -0.380873
v -0.331167 0.616793 -0.220472
v -0.316405 0.624393 -0.230011
v -0.336815 0.704856 -0.279935
v -0.271962 0.722347 -0.354333
v -0.182187 0.760104 -0.422993
v -0.375459 0.689398 -0.210569
v -0.355270 0.698554 -0.223933
v -0.351861 0.794727 -0.291965
v -0.275822 0.813579 -0.366841
v -0.410009 0.788599 -0.189066
v -0.377129 0.804066 -0.224147
v -0.348458 0.836505 -0.294182
v -0.274857 0.880786 -0.359849
v -0.176043 0.961787 -0.443399
v -0.181835 0.884378 -0.439266
v -0.408970 0.779512 -0.172095
v -0.427123 0.860316 -0.168300
v -0.425139 0.860958 -0.185910
v -0.349227 0.871876 -0.242431
v -0.268584 0.930789 -0.330768
v -0.169066 1.002580 -0.416919
v -0.436431 0.751473 -0.075089
v -0.480756 0.838397 -0.098492
v -0.528008 0.937999 -0.115347
v -0.470535 0.949720 -0.186778
v -0.464233 0.945263 -0.203879
v -0.434398 0.663877 0.008659
v -0.458278 0.765695 -0.003688
v -0.493050 0.836395 -0.018108
v -0.544949 0.928082 -0.024476
v -0.583762 1.011080 -0.035470
v -0.442842 0.665824 0.016043
v -0.480825 0.837086 0.064416
v -0.531798 0.935501 0.072499
v -0.573782 1.018350 0.073714
v -0.486088 0.538787 -0.084550
v -0.487369 0.947569 0.198862
v -0.547219 1.070380 0.243603
v -0.461060 1.067970 0.333976
v -0.528846 1.242030 0.345651
v -0.594205 1.195220 0.281890
v -0.337486 0.939931 0.344752
v -0.378534 1.185250 0.437688
v -0.448288 1.201200 0.398278
v -0.310239 1.043250 0.401454
v -0.256792 1.045880 0.426804
v -0.198549 1.051280 0.449437
v -0.097481 0.964878 0.421609
v -0.102855 1.041120 0.467276
v -0.044672 0.990517 0.432920
v -0.046289 1.039330 0.473063
v 0.002033 1.036580 0.473840
v -0.080706 0.938179 0.421161
v -0.042693 0.958215 0.434070
v 0.002032 0.967173 0.439882
v 0.002032 0.997716 0.440328
v 0.048737 0.990752 0.433029
v 0.050354 1.039330 0.473063
v 0.106920 1.041120 0.467276
v -0.105954 0.898632 0.410402
v -0.093878 0.898780 0.405039
v -0.072814 0.931894 0.413382
v -0.039469 0.952711 0.424809
v 0.002032 0.959444 0.429496
v -0.099907 0.859082 0.390846
v 0.046758 0.958802 0.434379
v 0.101546 0.965108 0.421730
v 0.202614 1.051280 0.449437
v 0.143729 0.918524 0.396487
v 0.260857 1.045880 0.426803
v 0.314304 1.043250 0.401454
v 0.043534 0.952711 0.424809
v 0.076879 0.931894 0.413382
v 0.084771 0.938179 0.421161
v 0.110019 0.898632 0.410402
v 0.264098 0.920707 0.360192
v 0.097943 0.898780 0.405039
v 0.341551 0.939931 0.344752
v 0.465125 1.067970 0.333976
v 0.382599 1.185250 0.437688
v 0.326675 1.115920 0.424495
v 0.324949 1.187790 0.454870
v 0.269490 1.201330 0.464410
v 0.273189 1.140190 0.455251
v 0.424841 0.949126 0.288775
v 0.551284 1.070380 0.243603
v 0.532911 1.242030 0.345651
v 0.452353 1.201200 0.398278
v 0.366880 1.273750 0.451532
v 0.313771 1.278110 0.468034
v 0.443021 0.841068 0.158297
v 0.491433 0.947569 0.198862
v 0.577847 1.018350 0.073714
v 0.625692 1.080470 0.155822
v 0.598270 1.195220 0.281890
v 0.418702 0.759477 0.146293
v 0.456447 0.765432 0.051303
v 0.484890 0.837086 0.064416
v 0.535863 0.935501 0.072499
v 0.422451 0.671188 0.082775
v 0.438463 0.663877 0.008659
v 0.462343 0.765695 -0.003688
v 0.497115 0.836395 -0.018108
v 0.549014 0.928082 -0.024476
v 0.430119 0.672405 0.088813
v 0.446907 0.665824 0.016043
v 0.440496 0.751473 -0.075089
v 0.484821 0.838397 -0.098492
v 0.430914 0.633124 0.164092
v 0.443669 0.661800 0.098828
v 0.465072 0.655847 0.022625
v 0.481369 0.613460 -0.045990
v 0.493034 0.541871 -0.092011
v 0.419656 0.564762 0.222599
v 0.433452 0.625716 0.158083
v 0.444663 0.651922 0.099689
v 0.464308 0.646893 0.024861
v 0.478814 0.607015 -0.041053
v 0.417410 0.475803 0.250906
v 0.422309 0.474914 0.240908
v 0.419808 0.559727 0.215364
v 0.490153 0.538787 -0.084550
v 0.504045 0.451459 -0.098250
v 0.413035 0.779512 -0.172095
v 0.431188 0.860316 -0.168300
v 0.532072 0.937999 -0.115347
v 0.587826 1.011080 -0.035470
v 0.414074 0.788599 -0.189066
v 0.429204 0.860958 -0.185910
v 0.474600 0.949720 -0.186778
v 0.591876 1.053510 -0.140007
v 0.610329 1.032440 -0.039837
v 0.615332 1.039800 0.059398
v 0.381194 0.804066 -0.224147
v 0.353292 0.871876 -0.242431
v 0.468298 0.945263 -0.203879
v 0.525820 1.101750 -0.222183
v 0.692700 1.150110 -0.219353
v 0.621178 1.212780 -0.259422
v 0.805362 1.237120 -0.213602
v 0.359334 0.698554 -0.223933
v 0.355926 0.794727 -0.291965
v 0.352522 0.836505 -0.294182
v 0.340880 0.704856 -0.279935
v 0.276027 0.722347 -0.354333
v 0.279887 0.813579 -0.366841
v 0.278922 0.880786 -0.359849
v 0.272649 0.930789 -0.330768
v 0.186252 0.760104 -0.422993
v 0.185900 0.884378 -0.439266
v 0.180108 0.961787 -0.443399
v 0.173131 1.002580 -0.416919
v 0.172056 1.046780 -0.402372
v 0.271460 0.989202 -0.326122
v 0.089126 0.793539 -0.454010
v 0.091816 0.926988 -0.469575
v 0.079963 1.024870 -0.475573
v 0.077230 1.064870 -0.436931
v 0.076635 0.688489 -0.398570
v 0.002032 0.808312 -0.467304
v 0.002032 0.945777 -0.482124
v 0.002032 1.051830 -0.490176
v 0.002032 1.097940 -0.443802
v 0.081064 1.103330 -0.435203
v 0.063734 0.622625 -0.332392
v 0.002032 0.701138 -0.418376
v -0.072570 0.688489 -0.398570
v -0.085061 0.793539 -0.454010
v -0.087751 0.926988 -0.469575
v -0.075898 1.024870 -0.475573
v 0.002032 0.633237 -0.337817
v -0.073165 1.064870 -0.436931
v -0.076999 1.103330 -0.435203
v 0.002032 1.133860 -0.445202
v -0.167991 1.046780 -0.402372
v -0.181532 1.078490 -0.445742
v -0.085612 1.139810 -0.475153
v 0.002032 1.177770 -0.490498
v 0.089677 1.139810 -0.475153
v 0.185597 1.078490 -0.445742
v -0.267395 0.989202 -0.326122
v -0.274569 1.021110 -0.371665
v -0.287509 1.090520 -0.428615
v -0.193815 1.155450 -0.482395
v -0.093895 1.211020 -0.515366
v 0.002032 1.240060 -0.528734
v -0.345670 0.958957 -0.275692
v -0.354378 0.988285 -0.330169
v -0.370979 1.043200 -0.386879
v -0.390057 1.139670 -0.412825
v -0.305212 1.199290 -0.468071
v -0.207997 1.257350 -0.514604
v -0.414434 0.993951 -0.259764
v -0.406815 1.016540 -0.325652
v -0.441049 1.109830 -0.371563
v -0.405838 1.274440 -0.448099
v -0.321027 1.327050 -0.484666
v -0.518991 1.097280 -0.237346
v -0.464603 1.102010 -0.306675
v -0.469002 1.251460 -0.408222
v -0.461763 1.352800 -0.434743
v -0.409976 1.356170 -0.445205
v -0.521755 1.101750 -0.222183
v -0.574998 1.225980 -0.284377
v -0.569932 1.222900 -0.300361
v -0.489180 1.246210 -0.353590
v -0.484331 1.357000 -0.389422
v -0.617113 1.212780 -0.259422
v -0.610199 1.289810 -0.307470
v -0.606296 1.292250 -0.319861
v -0.658143 1.402780 -0.349383
v -0.550760 1.477450 -0.397578
v -0.372491 1.511440 -0.398955
v -0.762081 1.301790 -0.245185
v -0.692965 1.309960 -0.284987
v -0.641374 1.309660 -0.306329
v -0.644117 1.319930 -0.316406
v -0.767659 1.316430 -0.251334
v -0.695332 1.323610 -0.294640
v -0.780118 1.350490 -0.252231
v -0.673930 1.436420 -0.352497
v -0.850132 1.329080 -0.136358
v -0.792185 1.387940 -0.261852
v -0.673663 1.445290 -0.325151
v -0.567230 1.511810 -0.403833
v -0.432574 1.570790 -0.399902
v -0.888552 1.323350 -0.009154
v -0.893529 1.356120 -0.013610
v -0.860101 1.362050 -0.143704
v -0.776316 1.402750 -0.242570
v -0.835589 1.382630 -0.135312
v -0.866100 1.370680 -0.014310
v -0.565643 1.516090 -0.376209
v -0.455499 1.598960 -0.397771
v -0.334740 1.664530 -0.354582
v -0.262533 1.627720 -0.375765
v -0.457279 1.599660 -0.370788
v -0.357077 1.682830 -0.340193
v -0.255205 1.742220 -0.246315
v -0.110216 1.747700 -0.256155
v -0.098264 1.746710 -0.309888
v -0.237630 1.620830 -0.417156
v -0.354107 1.506683 -0.441995
v -0.369666 1.676700 -0.319492
v -0.287464 1.764750 -0.243554
v -0.203774 1.793470 -0.130998
v -0.105646 1.798210 -0.133058
v 0.002032 1.806220 -0.135269
v 0.002032 1.775720 -0.220342
v 0.002032 1.769500 -0.280499
v -0.302267 1.740010 -0.231897
v -0.236547 1.809480 -0.127462
v -0.258161 1.789190 -0.122766
v 0.097960 1.211020 -0.515366
v 0.197880 1.155450 -0.482395
v 0.291574 1.090520 -0.428615
v 0.278634 1.021110 -0.371665
v 0.108347 1.311250 -0.540489
v 0.212062 1.257350 -0.514604
v 0.309277 1.199290 -0.468071
v 0.394122 1.139670 -0.412825
v 0.375044 1.043200 -0.386879
v 0.358443 0.988285 -0.330169
v 0.002032 1.348050 -0.556660
v 0.117604 1.441410 -0.536586
v 0.230697 1.389150 -0.519519
v 0.325092 1.327050 -0.484666
v 0.409903 1.274440 -0.448099
v 0.445114 1.109830 -0.371563
v -0.104282 1.311250 -0.540489
v -0.113539 1.441410 -0.536586
v 0.002032 1.488580 -0.552129
v 0.002032 1.621630 -0.493160
v 0.118972 1.577620 -0.484825
v 0.236687 1.518990 -0.478707
v -0.226632 1.389150 -0.519519
v -0.232622 1.518990 -0.478707
v -0.114907 1.577620 -0.484825
v -0.336188 1.431290 -0.465161
v -0.110133 1.664700 -0.407400
v 0.002032 1.703280 -0.405009
v 0.114198 1.664700 -0.407400
v 0.241694 1.620830 -0.417156
v 0.102329 1.746710 -0.309888
v 0.266598 1.627720 -0.375765
v 0.376556 1.511440 -0.398955
v 0.358172 1.506683 -0.441995
v 0.340253 1.431290 -0.465161
v 0.114281 1.747700 -0.256155
v 0.338805 1.664530 -0.354582
v 0.436639 1.570790 -0.399902
v 0.554825 1.477450 -0.397578
v 0.488396 1.357000 -0.389422
v 0.465828 1.352800 -0.434743
v 0.109711 1.798210 -0.133058
v 0.207839 1.793470 -0.130998
v 0.259270 1.742220 -0.246315
v 0.361141 1.682830 -0.340193
v 0.459564 1.598960 -0.397771
v 0.571295 1.511810 -0.403833
v 0.291529 1.764750 -0.243554
v 0.373731 1.676700 -0.319492
v 0.461344 1.599660 -0.370788
v 0.569708 1.516090 -0.376209
v 0.677728 1.445290 -0.325151
v 0.677995 1.436420 -0.352497
v 0.240612 1.809480 -0.127462
v 0.306332 1.740010 -0.231897
v 0.262226 1.789190 -0.122766
v 0.662990 1.155950 0.214881
v 0.720191 1.235510 0.233428
v 0.663388 1.322750 0.259417
v 0.589582 1.346020 0.303418
v 0.473415 1.318680 0.374249
v 0.420497 1.289660 0.415976
v 0.770444 1.298040 0.214032
v 0.771744 1.318010 0.219032
v 0.670988 1.340190 0.275070
v 0.604356 1.357770 0.314982
v 0.509024 1.383080 0.349370
v 0.879234 1.305680 0.130119
v 0.866427 1.330720 0.119973
v 0.787791 1.353790 0.230114
v 0.662538 1.407570 0.311620
v 0.518781 1.394030 0.359455
v 0.470385 1.394170 0.363581
v 0.874220 1.292490 0.135146
v -0.322610 1.115920 0.424495
v -0.320884 1.187790 0.454870
v -0.309706 1.278110 0.468034
v -0.362815 1.273750 0.451532
v -0.416432 1.289660 0.415976
v -0.469350 1.318680 0.374249
v -0.265426 1.201330 0.464410
v -0.246353 1.313230 0.469972
v -0.299106 1.339820 0.451299
v -0.341146 1.339930 0.435776
v -0.384314 1.346040 0.409602
v -0.269124 1.140180 0.455251
v -0.214703 1.213260 0.486369
v -0.230664 1.323590 0.471310
v -0.248167 1.320470 0.475617
v -0.275697 1.347260 0.461918
v -0.274795 1.339810 0.460440
v -0.213022 1.155540 0.483749
v -0.122560 1.219150 0.502970
v -0.140224 1.306380 0.500509
v -0.155451 1.379300 0.489127
v -0.257385 1.382370 0.454882
v -0.260146 1.351080 0.458322
v -0.238735 1.326680 0.477449
v -0.099315 1.156830 0.506372
v -0.055760 1.212880 0.508191
v -0.063433 1.302850 0.506450
v -0.073148 1.378680 0.498882
v -0.097544 1.448600 0.486780
v -0.170536 1.457290 0.469502
v -0.047600 1.154580 0.507569
v 0.002032 1.211950 0.509701
v 0.002032 1.153140 0.509446
v 0.051665 1.154580 0.507569
v 0.059825 1.212880 0.508191
v 0.103380 1.156830 0.506372
v 0.126625 1.219150 0.502970
v 0.067498 1.302850 0.506450
v 0.059865 1.305800 0.521095
v 0.053396 1.217040 0.520250
v 0.002032 1.217420 0.523421
v 0.217087 1.155540 0.483749
v 0.218768 1.213260 0.486369
v 0.234729 1.323590 0.471310
v 0.144289 1.306380 0.500509
v 0.159516 1.379300 0.489127
v 0.077213 1.378680 0.498882
v 0.069249 1.383100 0.513556
v 0.250418 1.313230 0.469972
v 0.252232 1.320470 0.475617
v 0.242799 1.326680 0.477449
v 0.264211 1.351080 0.458322
v 0.261450 1.382370 0.454882
v 0.303171 1.339820 0.451299
v 0.278860 1.339810 0.460440
v 0.279762 1.347260 0.461918
v 0.273058 1.354280 0.464573
v 0.345699 1.339930 0.435776
v 0.345766 1.343810 0.446757
v 0.303308 1.344980 0.452541
v 0.280380 1.355770 0.457683
v 0.269258 1.384280 0.460843
v 0.388379 1.346040 0.409602
v 0.386360 1.351670 0.427117
v 0.345562 1.354810 0.446675
v 0.306534 1.352810 0.451075
v 0.283995 1.363480 0.448568
v 0.279219 1.385320 0.454918
v 0.425587 1.359770 0.384567
v 0.423581 1.367390 0.401568
v 0.378856 1.362820 0.437274
v 0.345475 1.368100 0.442024
v 0.309785 1.360060 0.444308
v 0.471244 1.406260 0.373314
v 0.407101 1.382640 0.416468
v 0.369528 1.377630 0.433888
v 0.545629 1.446370 0.360586
v 0.473847 1.477660 0.372435
v 0.436027 1.411670 0.395830
v 0.387105 1.394040 0.424757
v 0.559215 1.472860 0.361158
v 0.459712 1.547630 0.368318
v 0.390240 1.545930 0.388104
v 0.428469 1.459420 0.389616
v 0.401008 1.417500 0.408364
v 0.681645 1.435570 0.312197
v 0.577013 1.499730 0.360421
v 0.466986 1.590450 0.365613
v 0.358579 1.688110 0.324988
v 0.337029 1.664620 0.331092
v 0.793591 1.390560 0.228215
v 0.684438 1.445370 0.287510
v 0.583283 1.505610 0.333306
v 0.472753 1.595700 0.338704
v 0.870552 1.368430 0.120543
v 0.789102 1.402150 0.209250
v 0.892617 1.323350 -0.009154
v 0.897593 1.356120 -0.013610
v 0.870165 1.370680 -0.014310
v 0.846758 1.379550 0.110282
v 0.909195 1.301880 -0.009325
v 0.367721 1.689840 0.295765
v 0.307751 1.750510 0.210598
v 0.284447 1.759470 0.226278
v 0.254442 1.747220 0.236908
v 0.240777 1.671550 0.335199
v 0.301195 1.588130 0.404300
v 0.339946 1.526570 0.410623
v 0.260376 1.789020 0.106805
v 0.241431 1.807820 0.113612
v 0.208273 1.792250 0.115668
v 0.109522 1.752430 0.253285
v 0.122675 1.677320 0.347145
v 0.134733 1.612420 0.414832
v 0.246581 1.616740 0.396921
v 0.241244 1.797800 -0.007310
v 0.220747 1.817260 -0.008383
v 0.191537 1.803890 -0.011065
v 0.102688 1.817020 -0.012124
v 0.104964 1.804190 0.124708
v 0.002032 1.809990 0.133748
v 0.002032 1.752300 0.257558
v 0.002032 1.825530 -0.013390
v -0.100899 1.804190 0.124708
v -0.105457 1.752430 0.253285
v -0.118610 1.677320 0.347145
v 0.002032 1.680720 0.356408
v -0.098623 1.817020 -0.012124
v -0.204209 1.792250 0.115668
v -0.250378 1.747220 0.236908
v -0.236712 1.671550 0.335199
v -0.130669 1.612420 0.414832
v 0.002032 1.600750 0.430288
v -0.187472 1.803890 -0.011065
v -0.237366 1.807820 0.113612
v -0.280382 1.759470 0.226278
v -0.354514 1.688110 0.324988
v -0.332964 1.664620 0.331092
v -0.216682 1.817260 -0.008383
v -0.237179 1.797800 -0.007310
v -0.256311 1.789020 0.106805
v -0.303686 1.750510 0.210598
v -0.363656 1.689840 0.295765
v -0.468688 1.595700 0.338704
v -0.462921 1.590450 0.365613
v -0.455647 1.547630 0.368318
v -0.390334 1.545930 0.364401
v -0.335881 1.526570 0.410623
v -0.297130 1.588130 0.404300
v -0.572948 1.499730 0.360421
v -0.555150 1.472860 0.361158
v -0.473940 1.477660 0.348732
v -0.428563 1.459420 0.365913
v -0.394398 1.483130 0.379938
v -0.358247 1.483080 0.420712
v -0.579218 1.505610 0.333306
v -0.677580 1.435570 0.312197
v -0.658473 1.407570 0.311620
v -0.541564 1.446370 0.360586
v -0.467179 1.406260 0.373314
v -0.431962 1.411670 0.395830
v -0.680373 1.445370 0.287510
v -0.789526 1.390560 0.228215
v -0.783726 1.353790 0.230114
v -0.666923 1.340190 0.275070
v -0.600291 1.357770 0.314982
v -0.514717 1.394030 0.359455
v -0.785038 1.402150 0.209250
v -0.866487 1.368430 0.120543
v -0.862362 1.330720 0.119973
v -0.767680 1.318010 0.219032
v -0.659323 1.322750 0.259417
v -0.585517 1.346020 0.303418
v -0.504959 1.383080 0.349370
v -0.842694 1.379550 0.110282
v -0.466320 1.394170 0.363581
v -0.421523 1.359770 0.384567
v -0.419517 1.367390 0.401568
v -0.403036 1.382640 0.416468
v -0.382295 1.351670 0.427117
v -0.374791 1.362820 0.437274
v -0.365463 1.377630 0.433888
v -0.383040 1.394040 0.424757
v -0.396943 1.417500 0.408364
v -0.341701 1.343810 0.446757
v -0.341497 1.354810 0.446675
v -0.341410 1.368100 0.442024
v -0.299243 1.344980 0.452541
v -0.302469 1.352810 0.451075
v -0.305720 1.360060 0.444308
v -0.276315 1.355770 0.457683
v -0.279930 1.363480 0.448568
v -0.268993 1.354280 0.464573
v -0.265193 1.384280 0.460843
v -0.275154 1.385320 0.454918
v -0.282325 1.386160 0.448046
v -0.294023 1.412680 0.450761
v -0.284282 1.420800 0.455632
v -0.312493 1.428460 0.448742
v -0.255676 1.426150 0.447535
v -0.264956 1.427630 0.457251
v -0.216244 1.511250 0.450195
v -0.268118 1.473740 0.439194
v -0.277891 1.474900 0.449537
v -0.301121 1.445800 0.448568
v -0.337852 1.439680 0.438895
v -0.163153 1.524380 0.446897
v -0.249328 1.571830 0.412673
v -0.263396 1.541920 0.420335
v -0.292663 1.508140 0.421913
v -0.304294 1.507680 0.431065
v -0.326604 1.468540 0.437190
v -0.363205 1.441720 0.427210
v -0.160394 1.535680 0.454660
v -0.249992 1.582660 0.422767
v -0.288690 1.574530 0.397983
v -0.320306 1.521260 0.402409
v -0.091568 1.455700 0.498751
v 0.002032 1.528650 0.467380
v -0.242516 1.616740 0.396921
v -0.065184 1.383100 0.513556
v 0.002032 1.467690 0.489241
v 0.095633 1.455700 0.498751
v 0.164458 1.535680 0.454660
v 0.254057 1.582660 0.422767
v -0.055800 1.305800 0.521095
v 0.002032 1.304670 0.522483
v 0.002032 1.388610 0.513972
v -0.049331 1.217040 0.520250
v 0.253393 1.571830 0.412673
v 0.292755 1.574530 0.397983
v 0.324371 1.521260 0.402409
v 0.308359 1.507680 0.431065
v 0.362312 1.483080 0.420712
v 0.167218 1.524380 0.446897
v 0.220309 1.511250 0.450195
v 0.267461 1.541920 0.420335
v 0.296728 1.508140 0.421913
v 0.281956 1.474900 0.449537
v 0.330668 1.468540 0.437190
v 0.101609 1.448600 0.486780
v 0.174601 1.457290 0.469502
v 0.259741 1.426150 0.447535
v 0.272183 1.473740 0.439194
v 0.269021 1.427630 0.457251
v 0.305186 1.445800 0.448568
v 0.288347 1.420800 0.455632
v 0.316558 1.428460 0.448742
v 0.341916 1.439680 0.438895
v 0.367269 1.441720 0.427210
v 0.298088 1.412680 0.450761
v 0.286390 1.386160 0.448046
v -0.390078 1.441600 0.410256
v -0.402763 1.439850 0.397201
v 0.406828 1.439850 0.397201
v 0.394304 1.483130 0.403642
v 0.394143 1.441600 0.410256
v 0.002032 0.766824 0.362019
v -0.050505 0.804148 0.416511
v 0.002032 0.857549 0.434549
v -0.049820 0.903017 0.451275
v -0.026063 0.918299 0.456906
v 0.002032 0.923494 0.459139
v 0.030128 0.918299 0.456906
v 0.053885 0.903017 0.451275
v -0.025868 0.789614 0.411696
v 0.002032 0.784622 0.410083
v 0.029933 0.789614 0.411696
v 0.054570 0.804148 0.416511
v 0.025404 0.857583 0.435543
v 0.067362 0.886979 0.445105
v 0.068717 0.824409 0.423696
v -1.465810 0.453497 0.163002
v -1.490200 0.407742 0.175601
v -1.491170 0.410918 0.187983
v -1.465430 0.455622 0.186743
v -1.502160 0.413550 0.191229
v -1.503970 0.407084 0.178415
v -1.504110 0.409746 0.163203
v -1.494120 0.408052 0.163914
v -1.465020 0.490536 0.160490
v -1.463370 0.497747 0.188653
v -1.490680 0.463089 0.197418
v -1.510710 0.417261 0.188019
v -1.515680 0.417941 0.178133
v -1.513280 0.414383 0.167397
v -1.486840 0.509314 0.195884
v -1.510340 0.463326 0.193462
v -1.519320 0.456428 0.176505
v -1.518990 0.455659 0.157992
v -1.493210 0.451737 0.142879
v -1.502710 0.533732 0.194882
v -1.512580 0.521262 0.196227
v -1.510430 0.505094 0.195811
v -1.518620 0.535430 0.167652
v -1.527180 0.523463 0.170587
v -1.523670 0.505218 0.172503
v -1.521990 0.497540 0.146448
v -1.495330 0.499075 0.133776
v -1.516060 0.524771 0.138005
v -1.525030 0.514170 0.142313
v -1.474840 0.488419 0.135370
v -1.475030 0.448238 0.145971
v -1.409300 0.489620 0.299922
v -1.432300 0.446943 0.320031
v -1.430710 0.451297 0.331376
v -1.411920 0.498625 0.330301
v -1.440290 0.455445 0.334297
v -1.443250 0.447418 0.321509
v -1.446690 0.448325 0.305352
v -1.435660 0.443942 0.310003
v -1.416840 0.524608 0.295482
v -1.411660 0.534248 0.323291
v -1.429770 0.506503 0.341753
v -1.449810 0.459388 0.331386
v -1.456090 0.455224 0.321314
v -1.428350 0.543241 0.338099
v -1.456880 0.539345 0.336283
v -1.455650 0.501126 0.337688
v -1.466000 0.490902 0.317999
v -1.454170 0.451529 0.309694
v -1.476710 0.534802 0.314861
v -1.464950 0.492337 0.297446
v -1.445700 0.494798 0.279732
v -1.428780 0.486625 0.282397
v -1.460850 0.551487 0.337408
v -1.483010 0.549697 0.314613
v -1.475430 0.529188 0.287697
v -1.446620 0.527154 0.270228
v -1.428300 0.521766 0.273639
v -1.450580 0.566733 0.333832
v -1.472620 0.566711 0.309512
v -1.479970 0.540174 0.286381
v -1.470430 0.555914 0.280979
v -0.408855 -0.003725 0.213145
v -0.383420 0.004407 0.181423
v -0.318451 1.065810 0.384921
v -0.317911 1.062870 0.416811
v -0.262420 1.075490 0.448461
v -0.262860 1.078480 0.416542
v -0.207271 1.091200 0.447139
v -0.206941 1.088140 0.479096
v -0.101842 1.077800 0.457377
v -0.101571 1.074280 0.495265
v -0.033940 1.077370 0.464625
v -0.046434 1.074250 0.498085
v 0.002033 1.074160 0.500989
v 0.002033 1.077220 0.468953
v 0.038005 1.077370 0.464625
v 0.050499 1.074250 0.498085
v 0.105636 1.074280 0.495265
v 0.105907 1.077800 0.457377
v 0.211006 1.088140 0.479096
v 0.211336 1.091200 0.447139
v 0.266485 1.075490 0.448461
v 0.266925 1.078480 0.416542
v 0.322516 1.065810 0.384921
v 0.321976 1.062870 0.416811
v -0.320421 1.095290 0.394348
v -0.320870 1.097050 0.427348
v -0.264891 1.110920 0.458448
v -0.264521 1.109140 0.425438
v -0.208611 1.122980 0.455512
v -0.208920 1.124790 0.488522
v -0.095991 1.111510 0.505116
v -0.095801 1.109720 0.466118
v -0.046979 1.111400 0.507782
v -0.043177 1.109590 0.472223
v 0.002032 1.109480 0.477468
v 0.002032 1.111290 0.510448
v 0.051044 1.111400 0.507782
v 0.047242 1.109590 0.472223
v 0.099866 1.109720 0.466118
v 0.100056 1.111510 0.505116
v 0.212676 1.122980 0.455512
v 0.212985 1.124790 0.488522
v 0.268955 1.110920 0.458448
v 0.268585 1.109140 0.425438
v 0.324486 1.095290 0.394348
v 0.324935 1.097050 0.427348
v -0.377361 1.054070 0.321869
v -0.376311 1.074080 0.129160
v -0.317311 1.069763 0.170709
v -0.318361 1.034760 0.353831
v -0.206131 1.058850 0.226725
v -0.207181 1.041440 0.409404
v -0.093941 1.056910 0.238239
v -0.094991 1.032330 0.416443
v 0.002032 1.056420 0.241092
v 0.002032 1.031740 0.418852
v 0.099056 1.032330 0.416443
v 0.098005 1.056910 0.238239
v 0.211246 1.041440 0.409404
v 0.210195 1.058850 0.226725
v 0.322425 1.034760 0.353831
v 0.321376 1.069763 0.170709
v 0.381426 1.054070 0.321869
v 0.380376 1.074080 0.129160
v -0.379601 1.172480 0.373573
v -0.378551 1.192110 0.150438
v -0.320331 1.168320 0.414963
v -0.319281 1.187600 0.196608
v -0.208521 1.162640 0.456262
v -0.207480 1.181790 0.255248
v -0.095711 1.160700 0.472538
v -0.094661 1.180610 0.264728
v 0.002032 1.159930 0.480128
v 0.002032 1.179180 0.279708
v 0.098726 1.180610 0.264728
v 0.099776 1.160700 0.472538
v 0.211545 1.181790 0.255248
v 0.212585 1.162640 0.456262
v 0.323345 1.187600 0.196608
v 0.324396 1.168320 0.414963
v 0.382615 1.192110 0.150438
v 0.383666 1.172480 0.373573
v 0.074629 0.857981 0.423417
v 0.025293 0.861178 0.425031
v 0.067250 0.890560 0.434587
v 0.068607 0.828018 0.413188
v 1.320470 0.554307 0.256622
v 1.363880 0.552516 0.201564
v 1.251030 0.574495 0.237108
v 1.289940 0.543604 0.126824
v 1.351730 0.512903 0.136728
v 1.373950 0.532235 0.069337
v 1.293810 0.546985 0.071663
v 1.304760 0.533936 0.010754
v 1.363160 0.500818 0.005435
v 1.153480 0.608650 0.238585
v 1.164620 0.562280 0.106375
v 1.180520 0.570450 -0.014526
v 1.300950 0.541714 -0.079996
v 1.373480 0.513186 -0.070786
v 1.405510 0.490592 0.005983
v 1.059910 0.668377 0.230958
v 1.054030 0.646387 0.110465
v 1.058830 0.638487 -0.012339
v 1.202930 0.578132 -0.087786
v 1.364320 0.596992 -0.137941
v 1.411760 0.562957 -0.090003
v 1.410010 0.493357 -0.047522
v 0.962388 0.777737 0.188424
v 0.946981 0.749406 0.088239
v 0.951786 0.743694 -0.026122
v 0.972684 0.750133 -0.113734
v 1.085430 0.646468 -0.097692
v 1.153800 0.725913 -0.231890
v 1.275090 0.645171 -0.203757
v 0.911709 0.850789 0.150896
v 0.895392 0.825972 0.066708
v 0.896934 0.821102 -0.032792
v 0.908313 0.838277 -0.124929
v 1.032470 0.823736 -0.236640
v 0.855289 0.917646 0.124739
v 0.837702 0.895876 0.043097
v 0.838231 0.890023 -0.035629
v 0.851542 0.888232 -0.127190
v 0.896897 0.958613 -0.200686
v 0.949773 0.899438 -0.224600
v 0.780835 0.943544 0.032248
v 0.774043 0.942379 -0.042644
v 0.788954 0.945931 -0.125077
v 0.850534 1.015030 -0.192513
v 0.932887 1.105520 -0.194675
v 0.973243 1.047210 -0.218181
v 0.796752 0.966376 0.112042
v 0.741367 1.012450 0.113187
v 0.716893 0.987218 0.035060
v 0.715336 0.979127 -0.048085
v 0.733983 0.994214 -0.127484
v 0.803767 1.061430 -0.190317
v 0.890329 1.145300 -0.193767
v 0.688808 1.051140 0.126360
v 0.666437 1.016000 0.045825
v 0.663394 1.007850 -0.043976
v 0.681520 1.030850 -0.136611
v 0.753330 1.104220 -0.198325
v 0.844398 1.193270 -0.197791
v 0.895120 1.282590 -0.145545
v 0.922420 1.259550 -0.131263
v 0.967473 1.208030 -0.123773
v 0.991723 1.184110 -0.119292
v 1.041770 1.086740 -0.172264
v 0.902130 1.292180 -0.145180
v 0.933204 1.267100 -0.130893
v 0.976818 1.215710 -0.119643
v 1.002720 1.187150 -0.116893
v 1.028500 1.139360 -0.139123
v 0.932139 1.274750 -0.006239
v 0.973089 1.222760 -0.003393
v 1.001780 1.191380 -0.003063
v 1.039600 1.150120 -0.133898
v 1.059320 1.095650 -0.173970
v 0.916655 1.267960 0.108644
v 0.960200 1.216080 0.100538
v 0.984624 1.190820 0.099636
v 1.064470 1.152310 0.057760
v 1.069790 1.146210 -0.037266
v 1.095190 1.095180 -0.132222
v 0.903976 1.257070 0.117950
v 0.952024 1.208710 0.103287
v 0.976722 1.180270 0.102555
v 1.013410 1.143640 0.131957
v 1.025070 1.154850 0.132307
v 0.841985 1.227500 0.174960
v 0.896146 1.166580 0.157788
v 0.948366 1.108660 0.168350
v 1.028770 1.101610 0.178971
v 1.042630 1.111160 0.180303
v 1.072620 1.115550 0.154314
v 0.782187 1.169040 0.199098
v 0.837935 1.113500 0.181384
v 0.887946 1.058900 0.187294
v 0.979159 1.046050 0.212828
v 1.066920 1.034240 0.246540
v 1.076060 1.045560 0.245136
v 0.727960 1.105550 0.182168
v 0.783971 1.057760 0.167174
v 0.836069 1.007830 0.167810
v 0.934014 1.002740 0.215912
v 1.027080 0.998168 0.258281
v 0.889864 0.954652 0.184235
v 0.988656 0.957362 0.263605
v 1.043440 0.892891 0.299771
v 1.087750 0.931452 0.307893
v 1.131750 0.969800 0.298342
v 0.947399 0.898509 0.221743
v 1.001790 0.836797 0.272923
v 1.095830 0.820537 0.327887
v 1.136610 0.871334 0.331217
v 1.222770 0.892404 0.324986
v 1.139210 0.979493 0.298585
v 1.093760 0.730368 0.317501
v 1.120020 0.794086 0.379508
v 1.157890 0.843268 0.384233
v 1.159740 0.672788 0.320737
v 1.118000 0.728050 0.358405
v 1.128880 0.736197 0.369139
v 1.134450 0.786381 0.386977
v 1.160870 0.825898 0.399658
v 1.218940 0.854947 0.398719
v 1.165810 0.696136 0.357710
v 1.171260 0.707174 0.368274
v 1.212630 0.836177 0.400048
v 1.260110 0.800887 0.396368
v 1.286370 0.812908 0.349520
v 1.292200 0.838817 0.319173
v 1.302320 0.853048 0.315778
v 1.226230 0.911851 0.323722
v 1.241610 0.795440 0.398236
v 1.252070 0.732359 0.373168
v 1.276000 0.718352 0.348792
v 1.339730 0.657859 0.332900
v 1.387290 0.703219 0.312075
v 1.372290 0.777337 0.281514
v 1.380520 0.789636 0.278792
v 1.234540 0.738142 0.379608
v 1.221580 0.689567 0.358328
v 1.237270 0.671395 0.335722
v 1.304980 0.602477 0.311154
v 1.385960 0.612522 0.335554
v 1.424890 0.650730 0.330294
v 1.429980 0.708216 0.257865
v 1.211070 0.705844 0.371308
v 1.362640 0.542308 0.270440
v 1.357040 0.570192 0.323539
v 1.372590 0.569380 0.315254
v 1.398880 0.600784 0.323955
v 1.382450 0.551742 0.271823
v 1.431000 0.635866 0.317484
v 1.459150 0.670216 0.279192
v 1.463870 0.627177 0.232438
v 1.436480 0.654142 0.200477
v 1.429420 0.719579 0.204343
v 1.410790 0.740010 0.237571
v 1.455640 0.646447 0.281641
v 1.455880 0.620487 0.253908
v 1.427680 0.582505 0.227707
v 1.393870 0.598437 0.195762
v 1.444970 0.569785 0.204582
v 1.481990 0.612697 0.201328
v 1.471220 0.680665 0.132413
v 1.426040 0.577988 0.242251
v 1.388740 0.540717 0.223418
v 1.405640 0.526537 0.198358
v 1.422360 0.526820 0.189661
v 1.448070 0.558826 0.192922
v 1.397180 0.548221 0.242696
v 1.484810 0.600026 0.187727
v 1.510770 0.640157 0.147598
v 1.493530 0.600851 0.100244
v 1.456740 0.635307 0.063628
v 1.460000 0.684404 0.060317
v 1.453610 0.696117 0.123511
v 1.502320 0.618257 0.148238
v 1.499730 0.590256 0.115325
v 1.458630 0.555254 0.087290
v 1.413720 0.576947 0.066693
v 1.439040 0.553117 0.059481
v 1.477060 0.596197 0.051988
v 1.463970 0.659167 -0.014601
v 1.460560 0.546415 0.103209
v 1.431230 0.513157 0.090944
v 1.405580 0.518401 0.058480
v 1.415570 0.511959 0.045142
v 1.440640 0.542252 0.048240
v 1.440030 0.515317 0.104488
v 1.411680 0.507468 0.147674
v 1.426370 0.514097 0.150310
v 1.477600 0.581567 0.034458
v 1.498220 0.623647 -0.005172
v 1.484530 0.580577 -0.053872
v 1.448040 0.617543 -0.079347
v 1.420600 0.660527 -0.107612
v 1.454670 0.685609 -0.009680
v 1.489940 0.601747 -0.003382
v 1.482800 0.572317 -0.032682
v 1.450690 0.540979 -0.064205
v 1.355060 0.712107 -0.204739
v 1.371560 0.735281 -0.185013
v 1.425440 0.699877 -0.097044
v 1.452520 0.535567 -0.048658
v 1.422250 0.498817 -0.038202
v 1.418460 0.495173 0.006130
v 1.283390 0.761543 -0.253441
v 1.288700 0.792976 -0.237208
v 1.303730 0.802321 -0.236983
v 1.379300 0.750072 -0.181136
v 1.428140 0.716214 -0.095535
v 1.200070 0.827532 -0.281768
v 1.218910 0.853137 -0.268032
v 1.230650 0.867784 -0.268366
v 1.263990 0.909450 -0.237434
v 1.328990 0.846742 -0.211513
v 1.390530 0.794100 -0.163091
v 1.112550 0.914005 -0.274070
v 1.135540 0.924001 -0.257165
v 1.151850 0.938901 -0.256199
v 1.195000 0.975525 -0.232473
v 1.285040 0.934348 -0.226335
v 1.345880 0.872268 -0.204140
v 1.029330 1.003140 -0.247152
v 1.069010 1.016370 -0.215088
v 1.086400 1.024520 -0.220906
v 1.131110 1.041670 -0.194389
v 1.220720 0.995620 -0.220073
v 1.159060 1.055590 -0.185578
v 1.229710 1.000200 -0.201626
v 1.289900 0.943420 -0.208863
v 1.351060 0.883254 -0.187836
v 1.119430 1.101420 -0.123849
v 1.173410 1.054760 -0.169143
v 1.099350 1.144510 -0.037383
v 1.138650 1.095770 -0.114621
v 1.094850 1.151830 0.054454
v 1.109530 1.141140 0.054671
v 1.117060 1.135640 -0.034181
v 1.102290 1.124010 0.145403
v 1.115620 1.117220 0.135462
v 1.134440 1.076510 0.218444
v 1.145660 1.073300 0.204182
v 1.187480 1.019910 0.270253
v 1.195660 1.020250 0.252570
v 1.108310 1.062420 0.231086
v 1.172050 1.001530 0.279484
v 1.252760 0.960969 0.294271
v 1.257150 0.965453 0.274810
v 1.318470 0.899751 0.286809
v 1.318870 0.908688 0.267562
v 1.246460 0.930720 0.304539
v 1.310280 0.877589 0.296196
v 1.379600 0.845225 0.248157
v 1.375360 0.856411 0.232220
v 1.426160 0.798744 0.183966
v 1.419130 0.813181 0.171902
v 1.372810 0.823173 0.258386
v 1.421310 0.774288 0.190893
v 1.453740 0.768825 0.100959
v 1.444960 0.785071 0.094133
v 1.459980 0.765010 0.008697
v 1.450770 0.781306 0.007657
v 1.418180 0.752988 0.230725
v 1.434100 0.734856 0.198352
v 1.446710 0.744675 0.103989
v 1.454010 0.738837 0.011758
v 1.434780 0.757331 -0.085236
v 1.443090 0.783368 -0.080070
v 1.435690 0.801473 -0.074876
v 1.456280 0.710756 0.122108
v 1.463730 0.701647 0.059088
v 1.457530 0.702288 -0.007939
v 1.402610 0.818539 -0.157496
v 1.399380 0.833274 -0.142489
v 0.074740 0.854386 0.433929
v 1.130840 0.649345 0.485547
v 1.141520 0.640273 0.485074
v 1.145680 0.655205 0.441247
v 1.118740 0.672088 0.443686
v 1.164580 0.699074 0.412951
v 1.132050 0.718176 0.416164
v 1.130150 0.744345 0.439564
v 1.131210 0.657458 0.494271
v 1.124920 0.701107 0.460650
v 1.141560 0.718999 0.482075
v 1.148930 0.749811 0.466254
v 1.151900 0.766670 0.463945
v 1.154260 0.772886 0.451500
v 1.141790 0.648334 0.498315
v 1.136030 0.665459 0.500884
v 1.146530 0.662672 0.504920
v 1.167080 0.715745 0.487846
v 1.180400 0.750523 0.478496
v 1.186740 0.768579 0.474879
v 1.156870 0.647129 0.494296
v 1.152540 0.641147 0.485506
v 1.189370 0.675580 0.456982
v 1.194473 0.698845 0.478923
v 1.157390 0.657272 0.501730
v 1.210710 0.729411 0.467533
v 1.214980 0.746236 0.464195
v 1.188420 0.777837 0.457455
v 1.173730 0.653185 0.443626
v 1.198510 0.695728 0.416100
v 1.215060 0.710304 0.436588
v 1.219440 0.752089 0.446053
v 1.482170 0.395099 0.031910
v 1.479580 0.392326 0.021871
v 1.457070 0.433110 0.018850
v 1.462040 0.442507 0.043021
v 1.456990 0.471065 0.015099
v 1.460750 0.481283 0.040897
v 1.489930 0.400326 0.035749
v 1.486020 0.450827 0.048473
v 1.484210 0.494166 0.045386
v 1.493480 0.393126 0.022635
v 1.498880 0.404441 0.033016
v 1.502490 0.450865 0.041438
v 1.511430 0.492452 0.043124
v 1.515710 0.505750 0.040036
v 1.505050 0.518890 0.038890
v 1.483240 0.390545 0.010832
v 1.492330 0.395124 0.008862
v 1.501140 0.398237 0.011261
v 1.506480 0.402417 0.022882
v 1.514220 0.442653 0.019239
v 1.525740 0.490839 0.016860
v 1.532110 0.506832 0.012940
v 1.483380 0.441219 -0.013969
v 1.505430 0.439753 -0.003816
v 1.462520 0.432936 -0.005202
v 1.463130 0.472042 -0.009523
v 1.481490 0.480623 -0.019310
v 1.513130 0.488920 -0.009092
v 1.510650 0.510699 -0.016742
v 1.519420 0.499969 -0.013003
v 1.522090 0.524057 0.009752
v 0.222318 0.002830 0.164216
v 0.210861 -0.006350 0.203260
v 0.214747 -0.004926 0.204605
v 0.237882 0.003385 0.169255
v 0.215397 -0.001685 0.205650
v 0.209728 -0.001319 0.206542
v 0.206975 -0.004789 0.201916
v 0.240154 0.014864 0.176939
v 0.230563 0.025809 0.189774
v 0.214372 0.002560 0.207046
v 0.210470 0.005302 0.205249
v 0.205521 -0.001152 0.202414
v 0.204436 0.006098 0.158428
v 0.236509 0.033840 0.179704
v 0.233294 0.032212 0.188192
v 0.216400 0.028749 0.190327
v 0.220986 0.041047 0.176775
v 0.217677 0.037400 0.186966
v 0.201479 0.033615 0.177221
v 0.202606 0.027123 0.180459
v 0.206324 0.002920 0.203374
v 0.203739 0.034621 0.168591
v 0.201365 0.018144 0.166196
v 0.308769 0.000997 0.187796
v 0.325046 0.003347 0.188058
v 0.307881 -0.007514 0.228272
v 0.312046 -0.005252 0.228312
v 0.314518 -0.001764 0.229431
v 0.307777 -0.002261 0.232298
v 0.303206 -0.005518 0.228226
v 0.327389 0.016389 0.196473
v 0.311955 0.002594 0.230829
v 0.307624 0.005432 0.231739
v 0.301551 -0.002316 0.229254
v 0.287825 0.004297 0.187458
v 0.326322 0.034419 0.197976
v 0.323716 0.033120 0.206048
v 0.322204 0.025841 0.210408
v 0.306923 0.030972 0.213540
v 0.293644 0.026201 0.210031
v 0.302716 0.002518 0.230805
v 0.307366 0.044383 0.198911
v 0.307400 0.042249 0.207854
v 0.291160 0.035367 0.197801
v 0.291703 0.032627 0.206158
v 0.287000 0.015585 0.194909
v 0.401823 0.002437 0.172916
v 0.418085 0.004780 0.169728
v 0.416233 -0.004253 0.212535
v 0.419404 -0.003229 0.211833
v 1.495240 0.410918 0.187983
v 1.494260 0.407742 0.175601
v 1.469880 0.453497 0.163002
v 1.469490 0.455622 0.186743
v 1.469080 0.490536 0.160490
v 1.467440 0.497747 0.188653
v 1.506230 0.413550 0.191229
v 1.494750 0.463089 0.197418
v 1.490900 0.509314 0.195884
v 1.508040 0.407084 0.178415
v 1.519740 0.417941 0.178133
v 1.514770 0.417261 0.188019
v 1.514410 0.463326 0.193462
v 1.508180 0.409746 0.163203
v 1.517350 0.414383 0.167397
v 1.523380 0.456428 0.176505
v 1.498180 0.408052 0.163914
v 1.479100 0.448238 0.145971
v 1.497280 0.451737 0.142879
v 1.523060 0.455658 0.157992
v 1.527730 0.505218 0.172503
v 1.514490 0.505094 0.195811
v 1.478900 0.488419 0.135370
v 1.499400 0.499075 0.133776
v 1.526050 0.497540 0.146448
v 1.529090 0.514170 0.142313
v 1.531240 0.523463 0.170587
v 1.516640 0.521262 0.196227
v 1.520120 0.524771 0.138005
v 1.522680 0.535430 0.167652
v 1.506780 0.533732 0.194882
v 1.434770 0.451297 0.331376
v 1.436370 0.446943 0.320031
v 1.413370 0.489620 0.299922
v 1.415980 0.498625 0.330301
v 1.420910 0.524608 0.295482
v 1.415720 0.534249 0.323292
v 1.444360 0.455445 0.334297
v 1.433840 0.506503 0.341753
v 1.432410 0.543241 0.338099
v 1.447310 0.447418 0.321509
v 1.453870 0.459388 0.331386
v 1.459710 0.501127 0.337688
v 1.460950 0.539345 0.336283
v 1.464910 0.551487 0.337408
v 1.454650 0.566733 0.333832
v 1.450750 0.448326 0.305352
v 1.460150 0.455224 0.321314
v 1.470060 0.490902 0.317999
v 1.480770 0.534802 0.314861
v 1.487070 0.549697 0.314613
v 1.476690 0.566711 0.309513
v 1.439720 0.443942 0.310003
v 1.449770 0.494798 0.279732
v 1.469020 0.492337 0.297446
v 1.458240 0.451529 0.309694
v 1.479490 0.529188 0.287697
v 1.484040 0.540174 0.286381
v 1.432840 0.486625 0.282397
v 1.450680 0.527154 0.270228
v 1.432370 0.521766 0.273639
v 1.474490 0.555914 0.280979
v 0.412920 -0.003725 0.213145
v 0.387485 0.004407 0.181423
v 0.854197 1.329080 -0.136358
v 0.864165 1.362050 -0.143704
v 0.839654 1.382630 -0.135312
v 0.780381 1.402750 -0.242570
v 0.771724 1.316430 -0.251334
v 0.784183 1.350490 -0.252231
v 0.796250 1.387940 -0.261852
v 0.766146 1.301790 -0.245185
v 0.697030 1.309960 -0.284987
v 0.699396 1.323610 -0.294640
v 0.662208 1.402780 -0.349383
v 0.645439 1.309660 -0.306329
v 0.648182 1.319930 -0.316406
v 0.610361 1.292250 -0.319861
v 0.614264 1.289810 -0.307470
v 0.579063 1.225980 -0.284377
v 0.573997 1.222900 -0.300361
v 0.493245 1.246210 -0.353590
v 0.473067 1.251460 -0.408222
v 0.523056 1.097280 -0.237346
v 0.468668 1.102010 -0.306675
v 0.414041 1.356170 -0.445205
v 0.418499 0.993951 -0.259764
v 0.410880 1.016540 -0.325652
v 0.349735 0.958957 -0.275692
v -0.409681 1.408950 0.362588
v -0.404567 1.434400 0.361922
v -0.396266 1.430670 0.384217
v -0.386500 1.448920 0.386051
v -0.392364 1.457200 0.364214
v -0.372016 1.463270 0.390073
v -0.374266 1.475130 0.369239
v -0.354232 1.472310 0.395889
v -0.352043 1.486430 0.376506
v -0.400358 1.410300 0.384751
v -0.378356 1.423380 0.409713
v -0.372602 1.434130 0.410794
v -0.364067 1.442590 0.413164
v -0.353588 1.447920 0.416591
v -0.407204 1.383340 0.366148
v -0.398376 1.389810 0.387599
v -0.380768 1.411380 0.410028
v -0.347060 1.411420 0.431504
v -0.342190 1.451553 0.420739
v -0.334889 1.475160 0.402930
v -0.397379 1.360090 0.372251
v -0.390513 1.371200 0.392483
v -0.379600 1.399310 0.411706
v -0.381168 1.341470 0.380301
v -0.377540 1.356300 0.398926
v -0.374966 1.388340 0.414584
v -0.360158 1.329310 0.389511
v -0.360726 1.346560 0.406296
v -0.367322 1.379560 0.418381
v -0.336405 1.324780 0.398978
v -0.341717 1.342940 0.413872
v -0.357414 1.373820 0.422723
v -0.312235 1.328340 0.407775
v -0.322373 1.345790 0.420913
v -0.346213 1.371690 0.427187
v -0.290012 1.339640 0.415042
v -0.304589 1.354840 0.426729
v -0.334815 1.373370 0.431336
v -0.271914 1.357570 0.420068
v -0.290105 1.369180 0.430751
v -0.324336 1.378700 0.434763
v -0.259711 1.380380 0.422360
v -0.280339 1.387440 0.432585
v -0.315802 1.387150 0.437133
v -0.254597 1.405830 0.421693
v -0.276247 1.407800 0.432051
v -0.310047 1.397910 0.438214
v -0.257074 1.431430 0.418134
v -0.278229 1.428290 0.429203
v -0.307636 1.409910 0.437899
v -0.308804 1.421980 0.436221
v -0.313437 1.432950 0.433343
v -0.321081 1.441730 0.429546
v -0.330989 1.447460 0.425204
v -0.266899 1.454680 0.412031
v -0.286092 1.446900 0.424319
v -0.283110 1.473300 0.403980
v -0.299065 1.461800 0.417876
v -0.304120 1.485470 0.394771
v -0.315880 1.471540 0.410506
v -0.327873 1.491943 0.385304
v 0.396167 1.433750 0.384903
v 0.404390 1.437440 0.362819
v 0.409455 1.412240 0.363479
v 0.386494 1.451830 0.386719
v 0.372728 1.437190 0.411227
v 0.378428 1.426530 0.410157
v 0.400221 1.413580 0.385431
v 0.407002 1.386880 0.367004
v 0.398257 1.393280 0.388252
v 0.397270 1.363850 0.373050
v 0.392303 1.460030 0.365089
v 0.372148 1.466040 0.390703
v 0.364274 1.445560 0.413574
v 0.347429 1.414680 0.431741
v 0.380816 1.414650 0.410468
v 0.379659 1.402690 0.412130
v 0.390469 1.374850 0.393090
v 0.381213 1.345410 0.381024
v 0.374376 1.477790 0.370066
v 0.354532 1.475000 0.396463
v 0.353894 1.450840 0.416969
v 0.352364 1.488990 0.377265
v 0.335372 1.477820 0.403437
v 0.342605 1.452500 0.421078
v 0.328423 1.492510 0.385979
v 0.316544 1.474230 0.410942
v 0.331510 1.450390 0.425500
v 0.304896 1.488030 0.395356
v 0.299889 1.464590 0.418242
v 0.321696 1.444710 0.429802
v 0.284085 1.475980 0.404478
v 0.287039 1.449830 0.424623
v 0.314124 1.436010 0.433562
v 0.268028 1.457540 0.412452
v 0.279251 1.431400 0.429461
v 0.309535 1.425150 0.436413
v 0.258296 1.434510 0.418497
v 0.277287 1.411110 0.432283
v 0.308378 1.413190 0.438075
v 0.255843 1.409150 0.422023
v 0.281341 1.390930 0.432811
v 0.310767 1.401300 0.438387
v 0.260908 1.383940 0.422683
v 0.291014 1.372850 0.430994
v 0.316466 1.390650 0.437316
v 0.272995 1.361350 0.420413
v 0.305360 1.358640 0.427011
v 0.324920 1.382280 0.434969
v 0.290922 1.343590 0.415435
v 0.322976 1.349680 0.421250
v 0.335300 1.377000 0.431574
v 0.312933 1.332400 0.408237
v 0.342136 1.346860 0.414276
v 0.346590 1.375330 0.427465
v 0.357685 1.377450 0.423043
v 0.367498 1.383130 0.418742
v 0.375070 1.391830 0.414981
v 0.336874 1.328870 0.399523
v 0.360964 1.350450 0.406772
v 0.360402 1.333350 0.390146
v 0.377619 1.360090 0.399472
v -0.267733 -0.006218 0.137738
v -0.241501 -0.010437 0.112350
v -0.185348 -0.004876 0.103531
v -0.302309 -0.010767 0.126455
v -0.307551 -0.003583 0.021018
v -0.162623 -0.004202 0.071842
v -0.344711 -0.006231 0.138842
v -0.375850 -0.011576 0.112403
v -0.415725 -0.003583 0.106746
v -0.486289 -0.003492 0.022235
v -0.464380 -0.003583 -0.095812
v -0.376521 0.003214 -0.139701
v -0.267608 -0.003179 -0.140940
v -0.175131 -0.003583 -0.095812
v -0.144117 -0.002496 -0.049059
v -0.139766 -0.003583 0.021078
v -0.324078 1.110550 0.429731
v -0.269060 1.132400 0.463657
v -0.213401 1.150410 0.495034
v -0.098727 1.150200 0.513600
v -0.046789 1.149280 0.515233
v 0.002032 1.148240 0.517288
v 0.050854 1.149280 0.515233
v 0.102791 1.150200 0.513600
v 0.217466 1.150410 0.495034
v 0.273125 1.132400 0.463657
v 0.328143 1.110550 0.429731
v -0.313687 1.051080 0.413415
v -0.256521 1.053950 0.440535
v -0.201211 1.057260 0.468271
v -0.102277 1.047070 0.487864
v -0.044731 1.045650 0.491194
v 0.002033 1.042030 0.495100
v 0.048796 1.045650 0.491194
v 0.106343 1.047070 0.487864
v 0.205276 1.057260 0.468271
v 0.260586 1.053950 0.440535
v 0.317753 1.051080 0.413414
v -0.340179 1.447670 0.411323
v -0.369425 1.457970 0.392349
v -0.302631 1.411900 0.299958
v -0.312696 1.436620 0.426182
v -0.287395 1.418230 0.433102
v -0.401111 1.448350 0.378090
v -0.393637 1.428040 0.392431
v -0.382011 1.403540 0.399862
v -0.365297 1.383190 0.407620
v -0.339069 1.370360 0.417675
v -0.303077 1.360180 0.427575
v -0.280492 1.366870 0.427469
v -0.272478 1.390100 0.428845
v -0.412493 -0.001030 0.214581
v -0.407925 -0.000655 0.214406
v -0.412342 0.005077 0.215230
v -0.416672 -0.000216 0.212640
v -0.417473 0.017282 0.175150
v -0.382767 0.017115 0.187195
v -0.408899 0.003072 0.215349
v -0.391298 0.027210 0.198214
v -0.404534 0.031070 0.195946
v -0.418011 0.028529 0.189268
v -0.415715 0.003471 0.213950
v -0.384312 0.037230 0.186283
v -0.388336 0.033083 0.194225
v -0.398711 0.043880 0.181589
v -0.402904 0.040687 0.191235
v -0.415887 0.037133 0.176235
v -0.417879 0.034334 0.185229
v -0.056766 0.797621 0.419414
v -0.075238 0.820241 0.427406
v -0.029448 0.780278 0.413640
v 0.002032 0.774090 0.411848
v 0.033514 0.780278 0.413640
v 0.060831 0.797621 0.419414
v 0.079303 0.820241 0.427406
v 0.085467 0.853920 0.439407
v 0.078254 0.886556 0.450615
v 0.060760 0.910008 0.458937
v 0.033422 0.927118 0.465280
v 0.002032 0.933029 0.467742
v -0.029357 0.927118 0.465280
v -0.056695 0.910008 0.458937
v -0.074189 0.886556 0.450615
v -0.081402 0.853920 0.439407
v -0.031987 0.766470 0.394687
v -0.065099 0.787164 0.401624
v 0.002032 0.758834 0.392526
v 0.036052 0.766470 0.394687
v -0.087100 0.818205 0.412250
v -0.094899 0.854618 0.424914
v -0.087365 0.891660 0.438018
v -0.065357 0.922787 0.449183
v -0.032454 0.943710 0.456945
v 0.002032 0.950983 0.459957
v 0.036519 0.943710 0.456945
v 0.069423 0.922787 0.449183
v 0.091430 0.891660 0.438018
v 0.098964 0.854618 0.424914
v 0.091165 0.818205 0.412250
v 0.069164 0.787164 0.401624
v -0.337717 1.818080 -0.114999
v -0.371857 1.776240 -0.215722
v -0.441268 1.796570 -0.180759
v -0.415679 1.828900 -0.099740
v -0.323812 1.832440 -0.007623
v -0.336250 1.816660 0.097397
v -0.427587 1.714070 -0.295734
v -0.489132 1.753820 -0.243249
v -0.561891 1.798030 -0.162950
v -0.508661 1.814290 -0.139078
v -0.497941 1.827850 -0.080126
v -0.406665 1.843000 -0.009946
v -0.508068 1.645180 -0.341175
v -0.562130 1.702180 -0.279253
v -0.623786 1.768080 -0.184249
v -0.637410 1.797660 -0.074255
v -0.571075 1.817210 -0.076877
v -0.607923 1.567000 -0.351783
v -0.646395 1.646140 -0.282457
v -0.688985 1.727700 -0.177180
v -0.696011 1.765920 -0.065769
v -0.622107 1.806750 0.025541
v -0.558343 1.824860 0.007805
v -0.702387 1.511060 -0.305321
v -0.729799 1.601290 -0.248395
v -0.747278 1.686930 -0.152456
v -0.747792 1.729170 -0.051077
v -0.679882 1.775580 0.040497
v -0.580281 1.801610 0.128113
v -0.786738 1.469530 -0.225913
v -0.794881 1.564330 -0.180054
v -0.792125 1.646670 -0.115981
v -0.786242 1.682520 -0.032755
v -0.732575 1.736100 0.049686
v -0.645319 1.764900 0.152241
v -0.834801 1.455210 -0.128333
v -0.833659 1.543800 -0.102762
v -0.817040 1.615630 -0.078102
v -0.817866 1.622700 -0.015485
v -0.773180 1.688600 0.053608
v -0.707635 1.719420 0.155405
v -0.865367 1.449330 -0.012071
v -0.850631 1.541660 -0.012061
v -0.841036 1.455870 0.103501
v -0.836858 1.547050 0.081727
v -0.806647 1.627430 0.060052
v -0.756669 1.670800 0.140986
v -0.654980 1.647020 0.248741
v -0.570183 1.703120 0.250911
v -0.792924 1.469940 0.201277
v -0.796442 1.562760 0.160530
v -0.789991 1.630010 0.121358
v -0.730133 1.598570 0.213630
v -0.704894 1.506770 0.278080
v -0.612409 1.564630 0.320498
v -0.510851 1.642260 0.321806
v -0.494893 1.756510 0.214289
v -0.420753 1.724730 0.277559
v -0.444531 1.800090 0.153592
v -0.526836 1.823100 0.093211
v -0.480602 1.833780 0.052602
v -0.487436 1.835900 -0.008328
v -0.365936 1.778770 0.196522
v -0.412598 1.831540 0.077948
v -0.532213 0.262085 0.089576
v -0.513514 0.270258 0.150683
v -0.553882 0.323571 0.148852
v -0.572081 0.318391 0.095341
v -0.579039 0.323057 0.039410
v -0.544411 0.266625 0.025606
v -0.547334 0.303926 -0.020296
v -0.493257 0.311412 0.195637
v -0.530463 0.335809 0.184193
v -0.532490 0.380108 0.195957
v -0.570040 0.384038 0.153655
v -0.591572 0.384386 0.099356
v -0.476451 0.368466 0.221058
v -0.468917 0.428284 0.229647
v -0.526775 0.442013 0.202094
v -0.568138 0.450707 0.157306
v -0.590668 0.455259 0.101140
v -0.593105 0.455883 0.040978
v -0.594749 0.386038 0.041742
v -0.461772 0.491465 0.225469
v -0.514585 0.503966 0.198697
v -0.550548 0.515284 0.155197
v -0.570839 0.523120 0.100424
v -0.458646 0.562989 0.205535
v -0.500643 0.548363 0.187814
v -0.518810 0.568942 0.152118
v -0.534655 0.580720 0.098222
v -0.542480 0.578711 0.040978
v -0.574397 0.522967 0.042066
v -0.468778 0.608777 0.156672
v -0.483615 0.629579 0.095733
v -0.497136 0.623758 0.029429
v -0.508193 0.591483 -0.026630
v -0.540396 0.566232 -0.000633
v -0.559564 0.521160 -0.011374
v -0.522136 0.529712 -0.058916
v -0.536703 0.448163 -0.068671
v -0.574794 0.453349 -0.015568
v -0.579719 0.381635 -0.010268
v -0.547550 0.373350 -0.057060
v -0.573691 0.333368 0.000128
v -1.333140 0.953640 0.253268
v -1.388580 0.893272 0.227753
v -1.430760 0.846852 0.180765
v -1.276070 1.008630 0.255467
v -1.360190 0.998845 0.189437
v -1.406960 0.941591 0.177010
v -1.433060 0.896384 0.157900
v -1.449360 0.897620 0.104045
v -1.455480 0.824871 0.108149
v -1.222780 1.057190 0.240127
v -1.260820 1.087850 0.184376
v -1.310000 1.047660 0.191437
v -1.380100 1.027370 0.115405
v -1.423330 0.964319 0.109585
v -1.173690 1.102410 0.199801
v -1.217970 1.112220 0.170145
v -1.216370 1.133600 0.116964
v -1.278680 1.110760 0.116031
v -1.330120 1.075250 0.116809
v -1.149600 1.134870 0.132335
v -1.143550 1.152970 0.049117
v -1.215640 1.144390 0.039933
v -1.282090 1.122070 0.035703
v -1.336510 1.086090 0.033380
v -1.386140 1.038110 0.031384
v -1.148140 1.146090 -0.038954
v -1.213250 1.139730 -0.037422
v -1.275770 1.115580 -0.043502
v -1.325740 1.079660 -0.049580
v -1.376430 1.031520 -0.052076
v -1.429890 0.972123 0.029367
v -1.165350 1.116650 -0.111248
v -1.212050 1.122910 -0.089389
v -1.248710 1.098920 -0.109602
v -1.300980 1.058310 -0.120844
v -1.350640 1.008610 -0.124980
v -1.203670 1.080590 -0.153786
v -1.258570 1.026120 -0.180658
v -1.314910 0.972976 -0.186159
v -1.398390 0.950871 -0.117712
v -1.419660 0.968359 -0.050632
v -1.372180 0.910386 -0.170009
v -1.418730 0.860205 -0.130975
v -1.425450 0.904781 -0.103296
v -1.445500 0.902633 -0.050719
v -1.454500 0.899605 0.026308
v -1.449730 0.833617 -0.063685
v -1.463330 0.821889 0.021262
v 0.393105 1.454550 0.387297
v 0.405176 1.448350 0.378090
v 0.397701 1.428040 0.392431
v 0.386076 1.403540 0.399862
v 0.373490 1.457970 0.392349
v 0.306695 1.411900 0.299958
v 0.369362 1.383190 0.407620
v 0.343134 1.370360 0.417675
v 0.344244 1.447670 0.411323
v 0.316761 1.436620 0.426182
v 0.291460 1.418230 0.433102
v 0.276543 1.390100 0.428845
v 0.284557 1.366870 0.427469
v 0.307142 1.360180 0.427575
v 0.271798 -0.006218 0.137738
v 0.306374 -0.010767 0.126455
v 0.348775 -0.006231 0.138842
v 0.245566 -0.010437 0.112350
v 0.311616 -0.003583 0.021018
v 0.379915 -0.011576 0.112403
v 0.419790 -0.003583 0.106746
v 0.189413 -0.004876 0.103531
v 0.166688 -0.004202 0.071842
v 0.143830 -0.003583 0.021078
v 0.148182 -0.002496 -0.049059
v 0.179195 -0.003583 -0.095812
v 0.271673 -0.003179 -0.140940
v 0.380586 0.003214 -0.139701
v 0.468445 -0.003583 -0.095812
v 0.490354 -0.003492 0.022235
v 0.416558 -0.001030 0.214581
v 0.411990 -0.000655 0.214406
v 0.386832 0.017115 0.187195
v 0.420737 -0.000216 0.212640
v 0.416407 0.005077 0.215230
v 0.412964 0.003072 0.215349
v 0.395363 0.027210 0.198214
v 0.392401 0.033083 0.194225
v 0.388377 0.037230 0.186283
v 0.421538 0.017282 0.175150
v 0.422076 0.028529 0.189268
v 0.419780 0.003471 0.213950
v 0.408599 0.031070 0.195946
v 0.419952 0.037133 0.176235
v 0.421944 0.034334 0.185229
v 0.406969 0.040687 0.191235
v 0.402776 0.043880 0.181589
v 0.341782 1.818080 -0.114999
v 0.375922 1.776240 -0.215722
v 0.431652 1.714070 -0.295734
v 0.512133 1.645180 -0.341175
v 0.327877 1.832440 -0.007623
v 0.419744 1.828900 -0.099740
v 0.445333 1.796570 -0.180759
v 0.493197 1.753820 -0.243249
v 0.566195 1.702180 -0.279253
v 0.340315 1.816660 0.097397
v 0.410730 1.843000 -0.009946
v 0.502006 1.827850 -0.080126
v 0.512726 1.814290 -0.139078
v 0.565956 1.798030 -0.162950
v 0.627851 1.768080 -0.184249
v 0.370000 1.778770 0.196522
v 0.416663 1.831540 0.077948
v 0.484667 1.833780 0.052602
v 0.491501 1.835900 -0.008328
v 0.575140 1.817210 -0.076877
v 0.424818 1.724730 0.277559
v 0.448596 1.800090 0.153592
v 0.530900 1.823100 0.093211
v 0.562408 1.824860 0.007805
v 0.641474 1.797660 -0.074255
v 0.514916 1.642260 0.321806
v 0.498958 1.756510 0.214289
v 0.584346 1.801610 0.128113
v 0.626172 1.806750 0.025541
v 0.700076 1.765920 -0.065769
v 0.693050 1.727700 -0.177180
v 0.616474 1.564630 0.320498
v 0.659045 1.647020 0.248741
v 0.574248 1.703120 0.250911
v 0.649384 1.764900 0.152241
v 0.683947 1.775580 0.040497
v 0.708959 1.506770 0.278080
v 0.734198 1.598570 0.213630
v 0.760733 1.670800 0.140986
v 0.711700 1.719420 0.155405
v 0.736640 1.736100 0.049686
v 0.751857 1.729170 -0.051077
v 0.796989 1.469940 0.201277
v 0.800506 1.562760 0.160530
v 0.794056 1.630010 0.121358
v 0.810712 1.627430 0.060052
v 0.777244 1.688600 0.053608
v 0.790306 1.682520 -0.032755
v 0.845101 1.455870 0.103501
v 0.840923 1.547050 0.081727
v 0.869432 1.449330 -0.012071
v 0.854696 1.541660 -0.012061
v 0.821931 1.622700 -0.015485
v 0.796190 1.646670 -0.115981
v 0.751343 1.686930 -0.152456
v 0.838865 1.455210 -0.128333
v 0.837724 1.543800 -0.102762
v 0.821105 1.615630 -0.078102
v 0.798946 1.564330 -0.180054
v 0.733864 1.601290 -0.248395
v 0.790803 1.469530 -0.225913
v 0.706452 1.511060 -0.305321
v 0.611988 1.567000 -0.351783
v 0.650460 1.646140 -0.282457
v 0.536278 0.262085 0.089576
v 0.517579 0.270258 0.150683
v 0.497322 0.311412 0.195637
v 0.548476 0.266625 0.025606
v 0.583104 0.323057 0.039410
v 0.576146 0.318391 0.095341
v 0.557947 0.323571 0.148852
v 0.551399 0.303926 -0.020296
v 0.577756 0.333368 0.000128
v 0.583784 0.381635 -0.010268
v 0.598814 0.386038 0.041742
v 0.595637 0.384386 0.099356
v 0.551615 0.373350 -0.057060
v 0.540768 0.448163 -0.068671
v 0.578859 0.453349 -0.015568
v 0.597170 0.455883 0.040978
v 0.594733 0.455259 0.101140
v 0.572203 0.450707 0.157306
v 0.574105 0.384038 0.153655
v 0.526201 0.529712 -0.058916
v 0.563628 0.521160 -0.011374
v 0.578462 0.522967 0.042067
v 0.574904 0.523120 0.100424
v 0.512258 0.591483 -0.026630
v 0.544461 0.566232 -0.000633
v 0.546545 0.578711 0.040978
v 0.538720 0.580720 0.098222
v 0.522875 0.568942 0.152118
v 0.554613 0.515284 0.155197
v 0.501201 0.623758 0.029429
v 0.487680 0.629579 0.095733
v 0.472843 0.608777 0.156672
v 0.462711 0.562989 0.205535
v 0.504708 0.548363 0.187814
v 0.518650 0.503966 0.198697
v 0.465837 0.491465 0.225469
v 0.472982 0.428284 0.229647
v 0.530840 0.442013 0.202094
v 0.536555 0.380108 0.195957
v 0.480516 0.368466 0.221058
v 0.534528 0.335809 0.184193
v 1.337200 0.953640 0.253268
v 1.392650 0.893272 0.227753
v 1.411020 0.941591 0.177010
v 1.364260 0.998845 0.189437
v 1.280130 1.008630 0.255467
v 1.434830 0.846852 0.180765
v 1.437120 0.896384 0.157900
v 1.453420 0.897620 0.104045
v 1.427400 0.964319 0.109585
v 1.384160 1.027370 0.115405
v 1.314060 1.047660 0.191437
v 1.459550 0.824871 0.108149
v 1.467400 0.821889 0.021262
v 1.458560 0.899605 0.026308
v 1.433950 0.972123 0.029367
v 1.390210 1.038110 0.031384
v 1.334190 1.075250 0.116809
v 1.264880 1.087850 0.184376
v 1.453800 0.833617 -0.063685
v 1.449560 0.902633 -0.050719
v 1.423720 0.968359 -0.050632
v 1.380490 1.031520 -0.052076
v 1.340580 1.086090 0.033380
v 1.422800 0.860205 -0.130975
v 1.429510 0.904781 -0.103296
v 1.402460 0.950871 -0.117712
v 1.354700 1.008610 -0.124980
v 1.329800 1.079660 -0.049580
v 1.286150 1.122070 0.035703
v 1.376240 0.910386 -0.170009
v 1.318970 0.972976 -0.186159
v 1.305040 1.058310 -0.120844
v 1.252780 1.098920 -0.109602
v 1.279830 1.115580 -0.043503
v 1.262630 1.026120 -0.180658
v 1.207740 1.080590 -0.153786
v 1.169410 1.116650 -0.111248
v 1.218063 1.122910 -0.089389
v 1.217310 1.139730 -0.037422
v 1.152210 1.146090 -0.038954
v 1.147610 1.152970 0.049117
v 1.219700 1.144390 0.039994
v 1.220430 1.133600 0.116964
v 1.282750 1.110760 0.116031
v 1.153670 1.134870 0.132335
v 1.177760 1.102410 0.199801
v 1.222040 1.112220 0.170145
v 1.226840 1.057190 0.240127
# 2903 vertices

vt 0.65668 0.21177
vt 0.64297 0.25665
vt 0.67790 0.22121
vt 0.69055 0.25162
vt 0.68894 0.26738
vt 0.22491 0.88444
vt 0.22837 0.89663
vt 0.23186 0.89663
vt 0.23902 0.97352
vt 0.19999 0.96980
vt 0.21793 0.97696
vt 0.23902 0.95377
vt 0.32786 0.95377
vt 0.32786 0.97343
vt 0.19999 0.95377
vt 0.15275 0.95367
vt 0.15275 0.97047
vt 0.09015 0.95367
vt 0.08939 0.97601
vt 0.00388 0.97601
vt 0.16620 0.97791
vt 0.18195 0.97706
vt 0.13977 0.97810
vt 0.70338 0.22486
vt 0.00407 0.98831
vt 0.08738 0.99690
vt 0.08805 0.98831
vt 0.15265 0.98831
vt 0.15265 0.99690
vt 0.19979 0.99690
vt 0.19989 0.98831
vt 0.23902 0.99690
vt 0.23902 0.98831
vt 0.32786 0.98831
vt 0.32786 0.99690
vt 0.15265 0.98526
vt 0.19636 0.98583
vt 0.08601 0.82918
vt 0.08858 0.81120
vt 0.07551 0.81247
vt 0.10018 0.81380
vt 0.97427 0.72137
vt 0.98928 0.73097
vt 0.98928 0.75043
vt 0.95561 0.74246
vt 0.98928 0.77852
vt 0.94356 0.78029
vt 0.98928 0.80422
vt 0.94587 0.81254
vt 0.98787 0.84329
vt 0.95443 0.72298
vt 0.93339 0.72221
vt 0.93956 0.74477
vt 0.92140 0.74577
vt 0.92543 0.78077
vt 0.93182 0.81214
vt 0.95019 0.84821
vt 0.98928 0.86986
vt 0.91228 0.72771
vt 0.89149 0.73675
vt 0.89856 0.75683
vt 0.90730 0.78126
vt 0.91417 0.81163
vt 0.91401 0.84835
vt 0.93392 0.84827
vt 0.90469 0.71562
vt 0.89117 0.72359
vt 0.87359 0.73746
vt 0.87215 0.75756
vt 0.87270 0.78634
vt 0.87727 0.81651
vt 0.88955 0.71916
vt 0.87463 0.71889
vt 0.87327 0.72332
vt 0.85545 0.73482
vt 0.84962 0.74986
vt 0.85140 0.78177
vt 0.90183 0.71204
vt 0.86064 0.71440
vt 0.85988 0.72025
vt 0.83573 0.72376
vt 0.82535 0.72968
vt 0.83815 0.75246
vt 0.84237 0.77875
vt 0.84937 0.70982
vt 0.84468 0.71364
vt 0.83900 0.69682
vt 0.82374 0.69857
vt 0.81143 0.71446
vt 0.82255 0.73151
vt 0.83479 0.75309
vt 0.84620 0.69717
vt 0.84869 0.68158
vt 0.84445 0.68224
vt 0.83588 0.67913
vt 0.82400 0.67349
vt 0.81275 0.68251
vt 0.79545 0.69847
vt 0.85181 0.67201
vt 0.84791 0.67155
vt 0.84192 0.66735
vt 0.82962 0.66461
vt 0.82174 0.66985
vt 0.80994 0.67804
vt 0.85895 0.66595
vt 0.85764 0.66405
vt 0.85203 0.65778
vt 0.79964 0.68046
vt 0.79807 0.68497
vt 0.78677 0.67633
vt 0.77240 0.68580
vt 0.76829 0.70795
vt 0.79335 0.70688
vt 0.79061 0.67383
vt 0.78500 0.66315
vt 0.78275 0.66558
vt 0.77114 0.66704
vt 0.76132 0.66733
vt 0.75913 0.67945
vt 0.75127 0.70216
vt 0.78183 0.65543
vt 0.77844 0.65571
vt 0.77024 0.65720
vt 0.76485 0.65748
vt 0.75843 0.66562
vt 0.75339 0.67699
vt 0.78253 0.64789
vt 0.78019 0.64696
vt 0.77042 0.64450
vt 0.74602 0.68358
vt 0.74734 0.68926
vt 0.73215 0.68760
vt 0.73021 0.70543
vt 0.74086 0.72975
vt 0.75526 0.71489
vt 0.73431 0.68303
vt 0.72298 0.67715
vt 0.72011 0.68197
vt 0.71136 0.69741
vt 0.70754 0.74792
vt 0.71969 0.75705
vt 0.74265 0.73240
vt 0.75756 0.71811
vt 0.71356 0.67048
vt 0.71035 0.67366
vt 0.69766 0.68398
vt 0.68259 0.70760
vt 0.69656 0.72036
vt 0.70842 0.65959
vt 0.70374 0.66115
vt 0.69461 0.66540
vt 0.67643 0.67170
vt 0.65417 0.68779
vt 0.66285 0.70910
vt 0.66637 0.71736
vt 0.67866 0.71610
vt 0.68820 0.72824
vt 0.69142 0.74825
vt 0.70577 0.78072
vt 0.67551 0.72204
vt 0.68288 0.73105
vt 0.68605 0.74810
vt 0.68303 0.76153
vt 0.68732 0.76470
vt 0.66766 0.71943
vt 0.67065 0.76900
vt 0.67348 0.77421
vt 0.65674 0.77066
vt 0.65629 0.77572
vt 0.65415 0.79391
vt 0.67686 0.79220
vt 0.64253 0.76783
vt 0.63899 0.77092
vt 0.63181 0.78156
vt 0.64107 0.82093
vt 0.65956 0.81619
vt 0.67832 0.81580
vt 0.63534 0.75976
vt 0.63317 0.76057
vt 0.62483 0.76159
vt 0.60313 0.76118
vt 0.60313 0.78742
vt 0.60404 0.82841
vt 0.64391 0.84334
vt 0.66087 0.84508
vt 0.68049 0.85009
vt 0.69731 0.81877
vt 0.60313 0.85323
vt 0.64218 0.87624
vt 0.66688 0.87653
vt 0.68789 0.87680
vt 0.70083 0.85476
vt 0.70138 0.81908
vt 0.60226 0.87929
vt 0.60032 0.91346
vt 0.64164 0.91221
vt 0.66342 0.91226
vt 0.68947 0.91102
vt 0.71552 0.88164
vt 0.70509 0.85261
vt 0.63961 0.94260
vt 0.66481 0.94046
vt 0.69192 0.93807
vt 0.73385 0.91514
vt 0.73146 0.89541
vt 0.71972 0.87772
vt 0.60230 0.94184
vt 0.64303 0.96803
vt 0.67144 0.96821
vt 0.69620 0.96066
vt 0.73410 0.94799
vt 0.73412 0.92720
vt 0.60313 0.96733
vt 0.60313 0.99324
vt 0.65277 0.99736
vt 0.67512 0.99496
vt 0.70233 0.99244
vt 0.73428 0.96213
vt 0.73918 0.94754
vt 0.73979 0.92690
vt 0.74047 0.91407
vt 0.73562 0.89271
vt 0.73870 0.96280
vt 0.77137 0.94524
vt 0.77109 0.92677
vt 0.77193 0.91473
vt 0.75698 0.89167
vt 0.73108 0.87561
vt 0.77210 0.95406
vt 0.80360 0.94535
vt 0.80314 0.92765
vt 0.80305 0.91704
vt 0.80694 0.90197
vt 0.78368 0.89478
vt 0.75950 0.88561
vt 0.80437 0.95604
vt 0.80765 0.94610
vt 0.80735 0.92849
vt 0.80772 0.91733
vt 0.80993 0.90358
vt 0.82027 0.88897
vt 0.80958 0.88524
vt 0.80741 0.95589
vt 0.84149 0.95267
vt 0.84308 0.93676
vt 0.84380 0.92068
vt 0.82381 0.89140
vt 0.83637 0.87501
vt 0.83249 0.87224
vt 0.83911 0.96640
vt 0.87753 0.97567
vt 0.87835 0.95556
vt 0.87874 0.93888
vt 0.88059 0.92241
vt 0.88029 0.90051
vt 0.84825 0.90113
vt 0.84907 0.88096
vt 0.91297 0.97075
vt 0.91512 0.95698
vt 0.91480 0.94083
vt 0.91644 0.92099
vt 0.91685 0.90043
vt 0.91565 0.87977
vt 0.88323 0.88080
vt 0.94056 0.95681
vt 0.93845 0.94040
vt 0.93665 0.92081
vt 0.93694 0.89782
vt 0.93640 0.87837
vt 0.94106 0.97171
vt 0.95262 0.95673
vt 0.95248 0.94015
vt 0.95041 0.92070
vt 0.95342 0.89568
vt 0.95244 0.87729
vt 0.95408 0.97215
vt 0.98928 0.95439
vt 0.98921 0.93349
vt 0.98600 0.91606
vt 0.98938 0.89275
vt 0.98928 0.97969
vt 0.88104 0.85019
vt 0.85178 0.85119
vt 0.84439 0.84900
vt 0.85277 0.82399
vt 0.84480 0.82407
vt 0.84026 0.84848
vt 0.82673 0.84702
vt 0.82211 0.86906
vt 0.85220 0.80220
vt 0.84429 0.80396
vt 0.84061 0.82446
vt 0.82784 0.82518
vt 0.81950 0.82512
vt 0.81867 0.84588
vt 0.84038 0.80370
vt 0.82812 0.80286
vt 0.82022 0.80305
vt 0.81610 0.80233
vt 0.81545 0.82538
vt 0.83906 0.77887
vt 0.82781 0.77973
vt 0.82069 0.78020
vt 0.81612 0.78021
vt 0.82427 0.75551
vt 0.81713 0.75701
vt 0.81327 0.75886
vt 0.81301 0.73171
vt 0.80809 0.73627
vt 0.80561 0.73902
vt 0.80894 0.71768
vt 0.79318 0.71860
vt 0.79113 0.72448
vt 0.79078 0.72819
vt 0.79291 0.71022
vt 0.76908 0.71229
vt 0.76773 0.72218
vt 0.76950 0.72892
vt 0.77171 0.73272
vt 0.74569 0.74051
vt 0.75032 0.74619
vt 0.75413 0.74943
vt 0.72314 0.75937
vt 0.72906 0.76450
vt 0.73552 0.76949
vt 0.74030 0.77217
vt 0.71029 0.78200
vt 0.71981 0.78873
vt 0.72640 0.79471
vt 0.73117 0.79659
vt 0.71524 0.82005
vt 0.72224 0.82126
vt 0.72688 0.82212
vt 0.71780 0.84891
vt 0.72524 0.84781
vt 0.72949 0.84732
vt 0.73726 0.87117
vt 0.74077 0.86903
vt 0.76045 0.88166
vt 0.78311 0.88897
vt 0.78308 0.88495
vt 0.80245 0.87709
vt 0.80448 0.88050
vt 0.81170 0.86459
vt 0.81532 0.86595
vt 0.81469 0.84583
vt 0.76114 0.65724
vt 0.76321 0.64991
vt 0.76077 0.65151
vt 0.76925 0.64704
vt 0.82676 0.66287
vt 0.83163 0.65320
vt 0.82864 0.65313
vt 0.84347 0.65320
vt 0.07236 0.81164
vt 0.08583 0.83238
vt 0.08881 0.80720
vt 0.10333 0.81376
vt 0.86114 0.61884
vt 0.88379 0.63364
vt 0.88749 0.62637
vt 0.87211 0.60775
vt 0.89214 0.62240
vt 0.89686 0.63460
vt 0.89795 0.62599
vt 0.90542 0.62739
vt 0.90666 0.63302
vt 0.84502 0.59120
vt 0.86443 0.57877
vt 0.88343 0.59806
vt 0.89585 0.61925
vt 0.89997 0.62039
vt 0.82617 0.57031
vt 0.85034 0.54997
vt 0.88448 0.57373
vt 0.89726 0.59563
vt 0.90886 0.59706
vt 0.92148 0.60293
vt 0.90417 0.62227
vt 0.88011 0.53327
vt 0.90317 0.56503
vt 0.90359 0.57152
vt 0.90023 0.57878
vt 0.91496 0.58114
vt 0.92942 0.58857
vt 0.90902 0.52259
vt 0.92032 0.56603
vt 0.91783 0.57395
vt 0.93063 0.58114
vt 0.94438 0.59697
vt 0.94019 0.52303
vt 0.93792 0.57616
vt 0.95948 0.54509
vt 0.97556 0.57684
vt 0.98043 0.60019
vt 0.95430 0.61029
vt 0.92949 0.61486
vt 0.95936 0.62948
vt 0.93132 0.64284
vt 0.93062 0.62884
vt 0.98475 0.62271
vt 0.90530 0.63913
vt 0.69491 0.60367
vt 0.70940 0.62765
vt 0.71475 0.62405
vt 0.70618 0.59523
vt 0.72059 0.61911
vt 0.72872 0.64003
vt 0.73064 0.62581
vt 0.75241 0.63446
vt 0.69059 0.58293
vt 0.70380 0.57423
vt 0.71805 0.59079
vt 0.72665 0.61619
vt 0.73444 0.61719
vt 0.74175 0.62148
vt 0.74674 0.62647
vt 0.68832 0.54913
vt 0.71786 0.57000
vt 0.72685 0.59102
vt 0.73902 0.59591
vt 0.75116 0.59913
vt 0.76339 0.60163
vt 0.67418 0.56579
vt 0.70591 0.54029
vt 0.73143 0.52931
vt 0.73093 0.56135
vt 0.73299 0.56769
vt 0.73023 0.57247
vt 0.74537 0.56151
vt 0.74423 0.56835
vt 0.74262 0.57405
vt 0.75517 0.57614
vt 0.77151 0.58241
vt 0.75191 0.52318
vt 0.75793 0.56646
vt 0.75423 0.57073
vt 0.78756 0.55053
vt 0.80318 0.56954
vt 0.78161 0.59132
vt 0.77128 0.61100
vt 0.76793 0.53548
vt 0.75822 0.63898
vt 0.78081 0.62047
vt 0.79089 0.60228
vt 0.81027 0.59063
vt 0.80265 0.80508
vt 0.80661 0.80456
vt 0.80059 0.76679
vt 0.78535 0.76935
vt 0.79682 0.74385
vt 0.77845 0.75403
vt 0.77583 0.77852
vt 0.76362 0.76334
vt 0.74360 0.78141
vt 0.79962 0.80584
vt 0.77247 0.79483
vt 0.76731 0.79433
vt 0.76217 0.78978
vt 0.73862 0.80075
vt 0.75602 0.80391
vt 0.73717 0.82367
vt 0.79860 0.81107
vt 0.79390 0.81030
vt 0.79642 0.80760
vt 0.77133 0.80625
vt 0.76458 0.80529
vt 0.80470 0.81194
vt 0.80051 0.81780
vt 0.79749 0.81607
vt 0.79486 0.81386
vt 0.76776 0.81926
vt 0.76270 0.81869
vt 0.75675 0.82154
vt 0.77126 0.84572
vt 0.76630 0.83332
vt 0.74822 0.84603
vt 0.80418 0.81914
vt 0.78742 0.85217
vt 0.78249 0.87473
vt 0.76010 0.86178
vt 0.69341 0.51469
vt 0.72145 0.50899
vt 0.71007 0.48873
vt 0.68912 0.50096
vt 0.67799 0.49368
vt 0.69634 0.47584
vt 0.66889 0.48197
vt 0.67844 0.46356
vt 0.65461 0.45939
vt 0.65963 0.52689
vt 0.65881 0.52266
vt 0.65773 0.51903
vt 0.65509 0.51611
vt 0.66413 0.49256
vt 0.66463 0.48646
vt 0.65306 0.47547
vt 0.63075 0.45998
vt 0.65195 0.51942
vt 0.65200 0.51436
vt 0.65219 0.49046
vt 0.65285 0.48195
vt 0.64120 0.48553
vt 0.63858 0.47966
vt 0.60755 0.47227
vt 0.65161 0.52626
vt 0.64447 0.52182
vt 0.64582 0.51888
vt 0.64838 0.51580
vt 0.64142 0.49103
vt 0.61515 0.49595
vt 0.62554 0.49066
vt 0.59497 0.48358
vt 0.58169 0.50278
vt 0.60903 0.51375
vt 0.64324 0.52611
vt 0.96471 0.70553
vt 0.99435 0.69786
vt 0.98572 0.67622
vt 0.95974 0.69250
vt 0.93095 0.71408
vt 0.93006 0.71144
vt 0.23544 0.87122
vt 0.24657 0.88530
vt 0.25385 0.88211
vt 0.24554 0.86379
vt 0.26617 0.87529
vt 0.25659 0.85804
vt 0.26957 0.85278
vt 0.27663 0.87069
vt 0.28668 0.86778
vt 0.22537 0.86033
vt 0.23572 0.84862
vt 0.24635 0.83937
vt 0.25737 0.83348
vt 0.26981 0.82605
vt 0.28198 0.84807
vt 0.29634 0.86410
vt 0.20439 0.83886
vt 0.21592 0.82726
vt 0.22777 0.81746
vt 0.23849 0.81022
vt 0.25019 0.79979
vt 0.27007 0.78350
vt 0.28511 0.81742
vt 0.18059 0.81642
vt 0.19114 0.80496
vt 0.20245 0.79245
vt 0.21156 0.78173
vt 0.22722 0.76765
vt 0.24551 0.75149
vt 0.15698 0.79615
vt 0.16746 0.78391
vt 0.17626 0.77051
vt 0.18378 0.75438
vt 0.20159 0.74014
vt 0.22594 0.71972
vt 0.13078 0.77150
vt 0.14016 0.76006
vt 0.15055 0.74489
vt 0.17188 0.72839
vt 0.19249 0.72608
vt 0.11258 0.75552
vt 0.11641 0.74979
vt 0.11998 0.74454
vt 0.12614 0.72876
vt 0.15229 0.72016
vt 0.10909 0.74450
vt 0.11200 0.73712
vt 0.10866 0.72013
vt 0.13258 0.71650
vt 0.13670 0.70053
vt 0.15393 0.71705
vt 0.10526 0.74936
vt 0.10733 0.74327
vt 0.10940 0.73659
vt 0.10661 0.72731
vt 0.09859 0.72995
vt 0.08899 0.71280
vt 0.11103 0.70653
vt 0.10447 0.74739
vt 0.10620 0.74290
vt 0.10786 0.73711
vt 0.10478 0.73120
vt 0.10550 0.72973
vt 0.10006 0.73140
vt 0.09686 0.74769
vt 0.09810 0.74559
vt 0.09871 0.74488
vt 0.10397 0.74630
vt 0.09285 0.74119
vt 0.09419 0.74073
vt 0.09557 0.74086
vt 0.09559 0.73634
vt 0.09670 0.73690
vt 0.09402 0.73576
vt 0.10044 0.73261
vt 0.09167 0.73463
vt 0.09304 0.72780
vt 0.08859 0.74022
vt 0.09009 0.73409
vt 0.08995 0.72811
vt 0.08648 0.72172
vt 0.08772 0.73879
vt 0.08901 0.73382
vt 0.08910 0.72878
vt 0.08614 0.72336
vt 0.08100 0.72610
vt 0.07778 0.72457
vt 0.08054 0.73995
vt 0.08130 0.73835
vt 0.08153 0.73749
vt 0.08713 0.73766
vt 0.07577 0.73537
vt 0.07684 0.73453
vt 0.07772 0.73409
vt 0.07581 0.73005
vt 0.07766 0.73050
vt 0.07824 0.73103
vt 0.07447 0.72999
vt 0.07387 0.72277
vt 0.08161 0.72693
vt 0.07250 0.73488
vt 0.07267 0.73027
vt 0.07187 0.72369
vt 0.06795 0.71892
vt 0.06899 0.71012
vt 0.07140 0.73354
vt 0.07171 0.73001
vt 0.07097 0.72464
vt 0.06780 0.72287
vt 0.06806 0.72137
vt 0.06122 0.72221
vt 0.06713 0.73701
vt 0.06741 0.73528
vt 0.06749 0.73412
vt 0.07060 0.73285
vt 0.06164 0.73363
vt 0.06261 0.73269
vt 0.06331 0.73212
vt 0.05954 0.72823
vt 0.06173 0.72855
vt 0.06260 0.72844
vt 0.05477 0.72814
vt 0.05458 0.72374
vt 0.06351 0.72331
vt 0.06412 0.72421
vt 0.05572 0.73382
vt 0.04817 0.73574
vt 0.04745 0.72991
vt 0.04757 0.72713
vt 0.05602 0.71334
vt 0.05622 0.70318
vt 0.07110 0.69975
vt 0.03711 0.73938
vt 0.03635 0.73290
vt 0.03478 0.72141
vt 0.04584 0.71655
vt 0.04365 0.70673
vt 0.05637 0.69080
vt 0.07243 0.68591
vt 0.09119 0.70223
vt 0.03192 0.71232
vt 0.04173 0.69820
vt 0.05421 0.67812
vt 0.07181 0.67200
vt 0.09191 0.68505
vt 0.11079 0.68786
vt 0.02796 0.70465
vt 0.02266 0.69800
vt 0.03853 0.68951
vt 0.04909 0.66733
vt 0.06937 0.65022
vt 0.09542 0.64667
vt 0.09372 0.66733
vt 0.11056 0.66962
vt 0.03537 0.68338
vt 0.03849 0.65708
vt 0.06137 0.62174
vt 0.09546 0.62707
vt 0.11343 0.65166
vt 0.12983 0.67900
vt 0.01510 0.69447
vt 0.02890 0.67388
vt 0.02490 0.64908
vt 0.05111 0.61118
vt 0.08633 0.58021
vt 0.09518 0.59516
vt 0.11701 0.63426
vt 0.01955 0.66709
vt 0.00496 0.65044
vt 0.00496 0.63858
vt 0.01657 0.63421
vt 0.02602 0.60864
vt 0.00496 0.69030
vt 0.00496 0.66540
vt 0.00496 0.60730
vt 0.00496 0.68673
vt 0.00496 0.55050
vt 0.08590 0.72457
vt 0.29411 0.84032
vt 0.30632 0.86161
vt 0.30968 0.83313
vt 0.30547 0.80747
vt 0.29075 0.76961
vt 0.32368 0.83947
vt 0.33486 0.78835
vt 0.31014 0.75253
vt 0.29849 0.71545
vt 0.27206 0.72843
vt 0.31697 0.86555
vt 0.32869 0.87085
vt 0.34132 0.84762
vt 0.34395 0.82492
vt 0.35583 0.80393
vt 0.37737 0.77609
vt 0.35821 0.76061
vt 0.35464 0.83004
vt 0.36661 0.81586
vt 0.39060 0.79175
vt 0.40958 0.77105
vt 0.31463 0.70489
vt 0.33647 0.73659
vt 0.28607 0.65454
vt 0.32843 0.65024
vt 0.33624 0.69540
vt 0.35692 0.72376
vt 0.25140 0.69528
vt 0.24070 0.68156
vt 0.25670 0.64782
vt 0.25341 0.60852
vt 0.28861 0.61100
vt 0.32787 0.61173
vt 0.21875 0.70790
vt 0.21460 0.70417
vt 0.23651 0.67723
vt 0.25068 0.64628
vt 0.24891 0.61088
vt 0.19014 0.72200
vt 0.21163 0.69809
vt 0.23007 0.67279
vt 0.24281 0.64455
vt 0.24136 0.61513
vt 0.17277 0.72462
vt 0.17420 0.71985
vt 0.18844 0.71580
vt 0.18748 0.71336
vt 0.20939 0.69619
vt 0.22790 0.67129
vt 0.15633 0.71283
vt 0.15809 0.70973
vt 0.17466 0.71697
vt 0.14035 0.69823
vt 0.14620 0.69535
vt 0.14915 0.69405
vt 0.13492 0.67687
vt 0.13945 0.67596
vt 0.14280 0.67487
vt 0.13078 0.65550
vt 0.13702 0.65530
vt 0.14098 0.65531
vt 0.12592 0.65519
vt 0.12692 0.63908
vt 0.13124 0.64064
vt 0.13744 0.64195
vt 0.14077 0.64209
vt 0.13157 0.62141
vt 0.13685 0.62296
vt 0.14207 0.62431
vt 0.14497 0.62532
vt 0.12163 0.60951
vt 0.14670 0.59171
vt 0.14986 0.59538
vt 0.15480 0.60078
vt 0.15676 0.60289
vt 0.17796 0.58562
vt 0.13137 0.57067
vt 0.17028 0.57116
vt 0.17458 0.57599
vt 0.17651 0.58283
vt 0.19901 0.58382
vt 0.20040 0.58011
vt 0.22427 0.59360
vt 0.11818 0.55515
vt 0.15991 0.53167
vt 0.19427 0.52673
vt 0.20640 0.56972
vt 0.20444 0.57323
vt 0.22621 0.59103
vt 0.23865 0.61618
vt 0.08779 0.55763
vt 0.12429 0.51693
vt 0.17202 0.48190
vt 0.21176 0.49111
vt 0.23406 0.53663
vt 0.05017 0.55790
vt 0.06084 0.48243
vt 0.09557 0.50321
vt 0.10535 0.46877
vt 0.13792 0.47520
vt 0.18134 0.44283
vt 0.02683 0.55425
vt 0.02420 0.50363
vt 0.04361 0.49722
vt 0.05097 0.47368
vt 0.06769 0.46462
vt 0.10863 0.44441
vt 0.00496 0.50472
vt 0.02111 0.48924
vt 0.03982 0.48305
vt 0.04845 0.47106
vt 0.05563 0.46294
vt 0.06442 0.44537
vt 0.00496 0.49339
vt 0.02066 0.48368
vt 0.03745 0.47832
vt 0.05257 0.46264
vt 0.34368 0.68987
vt 0.33766 0.64566
vt 0.35710 0.70099
vt 0.35069 0.68389
vt 0.34568 0.64636
vt 0.33606 0.61120
vt 0.37162 0.73723
vt 0.38448 0.71898
vt 0.36042 0.69446
vt 0.36009 0.68178
vt 0.39581 0.75600
vt 0.41170 0.73580
vt 0.38712 0.71452
vt 0.36557 0.68745
vt 0.37332 0.67098
vt 0.36623 0.64671
vt 0.42840 0.74877
vt 0.41581 0.73222
vt 0.39288 0.70360
vt 0.40445 0.68639
vt 0.42448 0.66304
vt 0.38822 0.65238
vt 0.43192 0.74461
vt 0.42361 0.72157
vt 0.44042 0.73579
vt 0.43754 0.70472
vt 0.36961 0.61711
vt 0.40364 0.62529
vt 0.44387 0.63088
vt 0.34522 0.61186
vt 0.38304 0.58701
vt 0.41917 0.59758
vt 0.33967 0.56626
vt 0.35886 0.57167
vt 0.39058 0.57473
vt 0.42842 0.57613
vt 0.48090 0.57213
vt 0.46641 0.59448
vt 0.33247 0.56463
vt 0.33881 0.53831
vt 0.34739 0.53872
vt 0.38153 0.55363
vt 0.43170 0.55600
vt 0.48529 0.55391
vt 0.29002 0.55244
vt 0.30341 0.52350
vt 0.31825 0.48728
vt 0.35519 0.50546
vt 0.35976 0.50736
vt 0.23512 0.58281
vt 0.25673 0.54303
vt 0.27168 0.51516
vt 0.28717 0.47686
vt 0.30985 0.44745
vt 0.34554 0.45015
vt 0.23098 0.58447
vt 0.25131 0.50980
vt 0.26927 0.47087
vt 0.29349 0.44621
vt 0.23997 0.64395
vt 0.22301 0.45292
vt 0.23747 0.40620
vt 0.27175 0.39224
vt 0.29726 0.43352
vt 0.31255 0.43879
vt 0.19286 0.37429
vt 0.20529 0.32257
vt 0.23990 0.33494
vt 0.26747 0.33729
vt 0.14545 0.44309
vt 0.14991 0.38536
vt 0.14489 0.34955
vt 0.17675 0.33525
vt 0.11997 0.38722
vt 0.09937 0.38611
vt 0.07762 0.38431
vt 0.04670 0.42982
vt 0.04440 0.38931
vt 0.02450 0.42132
vt 0.02266 0.39168
vt 0.00496 0.39370
vt 0.04244 0.44124
vt 0.02472 0.43563
vt 0.00496 0.43311
vt 0.00496 0.42033
vt 0.05334 0.45167
vt 0.04992 0.45292
vt 0.04050 0.44541
vt 0.02420 0.44127
vt 0.00496 0.43829
vt 0.12963 0.37239
vt 0.12500 0.34999
vt 0.10535 0.34809
vt 0.10955 0.36779
vt 0.13945 0.32372
vt 0.11961 0.32533
vt 0.37627 0.45744
vt 0.36051 0.41342
vt 0.38493 0.41236
vt 0.34699 0.37517
vt 0.49051 0.53726
vt 0.44105 0.53770
vt 0.48021 0.63921
vt 0.50376 0.59765
vt 0.52309 0.56879
vt 0.52716 0.54921
vt 0.45733 0.67589
vt 0.51034 0.65133
vt 0.53575 0.60687
vt 0.55247 0.57181
vt 0.55649 0.54899
vt 0.53109 0.53454
vt 0.48428 0.68730
vt 0.45679 0.71842
vt 0.56086 0.53908
vt 0.49739 0.52000
vt 0.53727 0.51706
vt 0.56975 0.51730
vt 0.45312 0.52293
vt 0.46935 0.49823
vt 0.50929 0.49424
vt 0.54727 0.49180
vt 0.57953 0.49532
vt 0.40674 0.53007
vt 0.42257 0.51549
vt 0.43747 0.49594
vt 0.45026 0.46886
vt 0.48513 0.46575
vt 0.52190 0.46324
vt 0.39319 0.50524
vt 0.41499 0.49833
vt 0.42907 0.46868
vt 0.46864 0.43241
vt 0.49908 0.43004
vt 0.38227 0.45871
vt 0.40771 0.46712
vt 0.44684 0.42935
vt 0.46522 0.40697
vt 0.47723 0.41080
vt 0.39520 0.41796
vt 0.40002 0.41898
vt 0.43020 0.42563
vt 0.45320 0.39817
vt 0.40755 0.38926
vt 0.41018 0.38733
vt 0.41103 0.36148
vt 0.44847 0.35624
vt 0.49955 0.36608
vt 0.36406 0.36872
vt 0.38723 0.37543
vt 0.40370 0.38105
vt 0.40442 0.37821
vt 0.32588 0.34920
vt 0.32557 0.34659
vt 0.36619 0.36363
vt 0.38937 0.37235
vt 0.36921 0.35476
vt 0.41209 0.35172
vt 0.33828 0.33993
vt 0.37380 0.34606
vt 0.40969 0.34469
vt 0.44838 0.34592
vt 0.48819 0.34419
vt 0.31445 0.31804
vt 0.32039 0.31300
vt 0.34410 0.33371
vt 0.37559 0.33938
vt 0.30910 0.32154
vt 0.34892 0.32762
vt 0.32640 0.30898
vt 0.44648 0.33870
vt 0.48457 0.33494
vt 0.52315 0.32396
vt 0.53979 0.33845
vt 0.48308 0.32772
vt 0.51853 0.31605
vt 0.55300 0.28973
vt 0.59390 0.29731
vt 0.59770 0.31320
vt 0.54952 0.35285
vt 0.50861 0.37829
vt 0.51406 0.31069
vt 0.54394 0.28402
vt 0.57252 0.25239
vt 0.60003 0.25239
vt 0.63024 0.25239
vt 0.62740 0.29056
vt 0.62647 0.30740
vt 0.53587 0.28145
vt 0.56318 0.25239
vt 0.55489 0.25239
vt 0.55809 0.46110
vt 0.59312 0.46257
vt 0.56972 0.42347
vt 0.53296 0.42537
vt 0.60717 0.42202
vt 0.61721 0.38040
vt 0.58096 0.38199
vt 0.54308 0.38712
vt 0.50577 0.39960
vt 0.58939 0.34886
vt 0.62211 0.34621
vt 0.27845 0.31294
vt 0.25313 0.29005
vt 0.22233 0.28766
vt 0.18103 0.29870
vt 0.16237 0.31448
vt 0.29221 0.28268
vt 0.29068 0.27674
vt 0.25230 0.28230
vt 0.22493 0.28063
vt 0.19209 0.27574
vt 0.33830 0.27025
vt 0.33197 0.26047
vt 0.28967 0.26307
vt 0.23998 0.25866
vt 0.19316 0.27040
vt 0.17219 0.26799
vt 0.33778 0.27617
vt 0.10011 0.31128
vt 0.11789 0.30758
vt 0.13288 0.30792
vt 0.15063 0.30003
vt 0.08632 0.34704
vt 0.09226 0.30498
vt 0.10035 0.30829
vt 0.10734 0.30158
vt 0.10784 0.30604
vt 0.08905 0.36890
vt 0.05168 0.35027
vt 0.05716 0.31675
vt 0.06137 0.29058
vt 0.09285 0.28428
vt 0.09720 0.29548
vt 0.09440 0.30431
vt 0.04425 0.37773
vt 0.02572 0.35387
vt 0.02943 0.31956
vt 0.03120 0.29278
vt 0.03756 0.26763
vt 0.06508 0.26370
vt 0.02101 0.37775
vt 0.00496 0.35558
vt 0.00496 0.37630
vt 0.02374 0.31855
vt 0.02179 0.35093
vt 0.00496 0.35157
vt 0.02638 0.29149
vt 0.09939 0.29491
vt 0.13142 0.30260
vt 0.11827 0.30275
vt 0.10770 0.29371
vt 0.09701 0.28353
vt 0.14914 0.29628
vt 0.13074 0.29736
vt 0.11940 0.29618
vt 0.11102 0.28873
vt 0.10412 0.28127
vt 0.16239 0.28955
vt 0.15790 0.28716
vt 0.14373 0.29234
vt 0.12995 0.29104
vt 0.12059 0.29167
vt 0.17069 0.26250
vt 0.14846 0.28379
vt 0.13657 0.28718
vt 0.19711 0.25291
vt 0.16612 0.24428
vt 0.15508 0.26997
vt 0.13957 0.28166
vt 0.19911 0.24406
vt 0.15751 0.22040
vt 0.13360 0.22467
vt 0.14817 0.25367
vt 0.14013 0.27327
vt 0.24293 0.24559
vt 0.20231 0.23309
vt 0.16160 0.20944
vt 0.12515 0.17259
vt 0.11700 0.18028
vt 0.29223 0.25112
vt 0.24765 0.23831
vt 0.20815 0.22543
vt 0.16462 0.19907
vt 0.32890 0.24910
vt 0.29218 0.24183
vt 0.36959 0.24853
vt 0.36762 0.23888
vt 0.36363 0.23064
vt 0.32758 0.24089
vt 0.37389 0.25533
vt 0.13111 0.16378
vt 0.11035 0.12531
vt 0.10061 0.12903
vt 0.08981 0.13418
vt 0.08374 0.17702
vt 0.10123 0.21656
vt 0.11903 0.23340
vt 0.09508 0.08563
vt 0.08591 0.08707
vt 0.07372 0.08921
vt 0.04007 0.13679
vt 0.04417 0.17711
vt 0.04779 0.20812
vt 0.08280 0.20512
vt 0.08817 0.04699
vt 0.07872 0.04673
vt 0.06788 0.04600
vt 0.03765 0.04587
vt 0.03840 0.09109
vt 0.00496 0.09359
vt 0.00496 0.13791
vt 0.09456 0.00848
vt 0.08470 0.00709
vt 0.07265 0.00557
vt 0.04002 0.00544
vt 0.00496 0.04568
vt 0.00496 0.17760
vt 0.00496 0.00530
vt 0.00496 0.21306
vt 0.13438 0.24638
vt 0.12369 0.24751
vt 0.10802 0.28026
vt 0.10807 0.27139
vt 0.10424 0.26964
vt 0.11108 0.26541
vt 0.09286 0.26826
vt 0.09643 0.26897
vt 0.07872 0.24837
vt 0.09667 0.25438
vt 0.09986 0.25564
vt 0.10762 0.26144
vt 0.11676 0.26069
vt 0.05854 0.23786
vt 0.08833 0.22401
vt 0.09339 0.23387
vt 0.10379 0.24284
vt 0.10694 0.24472
vt 0.11385 0.25380
vt 0.12311 0.25872
vt 0.05683 0.23476
vt 0.08633 0.21903
vt 0.10043 0.22111
vt 0.11408 0.23218
vt 0.03396 0.26547
vt 0.00496 0.23959
vt 0.00496 0.26113
vt 0.00496 0.31890
vt 0.00496 0.28957
vt 0.13102 0.25981
vt 0.13745 0.26339
vt 0.00496 0.48954
vt 0.34060 0.40571
vt 0.33924 0.39189
vt 0.31377 0.38992
vt 0.30407 0.39717
vt 0.32148 0.36642
vt 0.31070 0.36152
vt 0.29555 0.36014
vt 0.28167 0.36474
vt 0.33535 0.41986
vt 0.32553 0.43044
vt 0.60291 0.63519
vt 0.63193 0.63767
vt 0.63291 0.63074
vt 0.60643 0.62382
vt 0.63381 0.62425
vt 0.65166 0.62774
vt 0.64412 0.61936
vt 0.65453 0.60830
vt 0.65922 0.61134
vt 0.58593 0.62669
vt 0.58771 0.61085
vt 0.61198 0.61139
vt 0.63514 0.61907
vt 0.63923 0.61411
vt 0.64614 0.61043
vt 0.55908 0.60726
vt 0.59425 0.59746
vt 0.61843 0.60411
vt 0.62726 0.59971
vt 0.63405 0.59343
vt 0.64762 0.58624
vt 0.56120 0.62790
vt 0.56281 0.58685
vt 0.56860 0.55964
vt 0.59406 0.58286
vt 0.60027 0.58558
vt 0.60419 0.59109
vt 0.60424 0.57205
vt 0.60825 0.57665
vt 0.61284 0.58249
vt 0.62349 0.57591
vt 0.63451 0.56555
vt 0.57809 0.53838
vt 0.61726 0.56458
vt 0.61860 0.57058
vt 0.62913 0.53048
vt 0.64793 0.53278
vt 0.64752 0.56321
vt 0.65662 0.58441
vt 0.59909 0.53376
vt 0.66626 0.61210
vt 0.66648 0.58145
vt 0.66232 0.56331
vt 0.67047 0.54020
vt 0.61885 0.66205
vt 0.59483 0.64240
vt 0.59019 0.64797
vt 0.60553 0.67286
vt 0.58464 0.65465
vt 0.57466 0.64247
vt 0.57266 0.65462
vt 0.56293 0.65383
vt 0.55953 0.64510
vt 0.62642 0.68069
vt 0.61332 0.69185
vt 0.59659 0.67937
vt 0.57971 0.65917
vt 0.57281 0.65932
vt 0.63155 0.71695
vt 0.60071 0.69669
vt 0.58658 0.69604
vt 0.58387 0.67956
vt 0.57287 0.67685
vt 0.56675 0.65740
vt 0.64840 0.69793
vt 0.57398 0.69623
vt 0.56322 0.67861
vt 0.55016 0.67861
vt 0.54402 0.67114
vt 0.55485 0.64038
vt 0.53219 0.66255
vt 0.58568 0.70110
vt 0.57406 0.70182
vt 0.56226 0.69599
vt 0.54589 0.69525
vt 0.53581 0.69030
vt 0.52476 0.68128
vt 0.58917 0.70793
vt 0.57453 0.70925
vt 0.56354 0.70049
vt 0.56090 0.70772
vt 0.53432 0.72638
vt 0.51697 0.71321
vt 0.50519 0.70071
vt 0.59402 0.74394
vt 0.57289 0.75080
vt 0.61353 0.72941
vt 0.55586 0.74265
vt 0.88693 0.69763
vt 0.91817 0.71373
vt 0.91886 0.71089
vt 0.89530 0.68655
vt 0.85852 0.68664
vt 0.87495 0.67034
vt 0.22755 0.91084
vt 0.23169 0.90221
vt 0.19212 0.90221
vt 0.18269 0.91744
vt 0.14708 0.91764
vt 0.15559 0.90221
vt 0.11956 0.90221
vt 0.11561 0.91736
vt 0.06372 0.90221
vt 0.06175 0.92202
vt 0.02602 0.90221
vt 0.03170 0.92113
vt 0.00531 0.91987
vt 0.00531 0.90221
vt 0.18930 0.89663
vt 0.17965 0.88183
vt 0.14621 0.88215
vt 0.15365 0.89663
vt 0.11828 0.89663
vt 0.11440 0.87879
vt 0.05565 0.87751
vt 0.05761 0.89663
vt 0.03041 0.87765
vt 0.02857 0.89663
vt 0.00531 0.89663
vt 0.00531 0.87785
vt 0.16513 0.67629
vt 0.17892 0.68309
vt 0.18168 0.67944
vt 0.16381 0.66729
vt 0.18879 0.66541
vt 0.16497 0.64814
vt 0.20024 0.64890
vt 0.17263 0.62950
vt 0.21394 0.62911
vt 0.16211 0.67598
vt 0.15697 0.66587
vt 0.15394 0.65531
vt 0.15154 0.64353
vt 0.15938 0.62509
vt 0.16409 0.61202
vt 0.18139 0.61180
vt 0.16665 0.60502
vt 0.16045 0.68672
vt 0.18049 0.69157
vt 0.18922 0.68824
vt 0.20242 0.67658
vt 0.21739 0.66219
vt 0.23277 0.64598
vt 0.33669 0.90792
vt 0.33412 0.89749
vt 0.32627 0.90075
vt 0.32200 0.89385
vt 0.32848 0.88838
vt 0.31579 0.88866
vt 0.32027 0.88147
vt 0.30834 0.88564
vt 0.31034 0.87742
vt 0.32822 0.90863
vt 0.31569 0.90512
vt 0.31331 0.90130
vt 0.30986 0.89844
vt 0.30568 0.89679
vt 0.33588 0.91861
vt 0.32762 0.91667
vt 0.31682 0.90948
vt 0.30259 0.91074
vt 0.30118 0.89649
vt 0.30033 0.88507
vt 0.33181 0.92853
vt 0.32459 0.92414
vt 0.31653 0.91396
vt 0.32487 0.93676
vt 0.31943 0.93028
vt 0.31485 0.91813
vt 0.31574 0.94243
vt 0.31258 0.93454
vt 0.31195 0.92159
vt 0.30532 0.94497
vt 0.30472 0.93649
vt 0.30812 0.92398
vt 0.29462 0.94416
vt 0.29664 0.93591
vt 0.30374 0.92506
vt 0.28470 0.94009
vt 0.28915 0.93286
vt 0.29927 0.92473
vt 0.27653 0.93317
vt 0.28299 0.92765
vt 0.29515 0.92305
vt 0.27089 0.92407
vt 0.27874 0.92081
vt 0.29174 0.92018
vt 0.26833 0.91367
vt 0.27681 0.91300
vt 0.28938 0.91643
vt 0.26911 0.90299
vt 0.27737 0.90496
vt 0.28827 0.91214
vt 0.28853 0.90769
vt 0.29017 0.90350
vt 0.29302 0.90004
vt 0.29680 0.89761
vt 0.27315 0.89306
vt 0.28040 0.89747
vt 0.28006 0.88486
vt 0.28563 0.89127
vt 0.28917 0.87919
vt 0.29250 0.88701
vt 0.29961 0.87662
vt 0.41633 0.21936
vt 0.41208 0.22354
vt 0.41735 0.22566
vt 0.41326 0.23814
vt 0.40786 0.23517
vt 0.39698 0.25045
vt 0.39588 0.24085
vt 0.39030 0.25050
vt 0.42707 0.21706
vt 0.43026 0.22339
vt 0.44956 0.25610
vt 0.39512 0.26427
vt 0.38906 0.26486
vt 0.39283 0.28587
vt 0.43687 0.20837
vt 0.44191 0.21227
vt 0.44337 0.20600
vt 0.45636 0.20953
vt 0.45624 0.21563
vt 0.46986 0.20490
vt 0.47014 0.21103
vt 0.48244 0.20748
vt 0.50612 0.22658
vt 0.50924 0.22480
vt 0.51841 0.26731
vt 0.49806 0.29583
vt 0.46364 0.31410
vt 0.42698 0.31509
vt 0.40943 0.30551
vt 0.39642 0.28409
vt 0.52349 0.26848
vt 0.50173 0.30115
vt 0.46537 0.32146
vt 0.42529 0.31999
vt 0.40617 0.30918
vt 0.18068 0.87137
vt 0.17910 0.87458
vt 0.14635 0.87026
vt 0.14575 0.86771
vt 0.11634 0.86560
vt 0.11699 0.86309
vt 0.05819 0.85815
vt 0.05945 0.85523
vt 0.03102 0.85722
vt 0.03169 0.85385
vt 0.00540 0.85677
vt 0.00529 0.85381
vt 0.18296 0.92441
vt 0.18528 0.93103
vt 0.15274 0.93701
vt 0.14855 0.93000
vt 0.11740 0.94328
vt 0.11513 0.93347
vt 0.06463 0.94847
vt 0.06195 0.93634
vt 0.03209 0.94872
vt 0.03073 0.93681
vt 0.00531 0.94897
vt 0.00513 0.93729
vt 0.12061 0.26439
vt 0.12625 0.26380
vt 0.12387 0.27249
vt 0.11608 0.26747
vt 0.11342 0.27280
vt 0.13147 0.26550
vt 0.13477 0.26966
vt 0.13484 0.27612
vt 0.13253 0.28072
vt 0.12763 0.28421
vt 0.12076 0.28549
vt 0.11671 0.28259
vt 0.11424 0.27930
vt 0.92465 0.70956
vt 0.92427 0.71381
vt 0.92035 0.70835
vt 0.92495 0.70552
vt 0.92886 0.70904
vt 0.95091 0.68521
vt 0.97313 0.66555
vt 0.90464 0.68049
vt 0.92240 0.70617
vt 0.91741 0.68105
vt 0.92714 0.68121
vt 0.93765 0.68268
vt 0.92723 0.70667
vt 0.88937 0.65954
vt 0.91568 0.66922
vt 0.91739 0.67589
vt 0.90875 0.64772
vt 0.92894 0.64781
vt 0.92826 0.66653
vt 0.92805 0.67420
vt 0.94180 0.67265
vt 0.93833 0.67816
vt 0.95495 0.65201
vt 0.11495 0.82137
vt 0.11846 0.81795
vt 0.10598 0.80768
vt 0.12781 0.83271
vt 0.12269 0.83434
vt 0.13102 0.84917
vt 0.12477 0.84862
vt 0.08866 0.80174
vt 0.07129 0.80504
vt 0.06178 0.81697
vt 0.05681 0.81261
vt 0.05121 0.82790
vt 0.04480 0.82549
vt 0.04609 0.84160
vt 0.03790 0.84087
vt 0.14070 0.83154
vt 0.12925 0.81254
vt 0.14552 0.79757
vt 0.15768 0.82408
vt 0.14507 0.85043
vt 0.11174 0.79898
vt 0.12398 0.78052
vt 0.09156 0.79235
vt 0.09846 0.77238
vt 0.07015 0.79480
vt 0.06815 0.77352
vt 0.05032 0.80518
vt 0.04033 0.78358
vt 0.03514 0.82179
vt 0.01981 0.80723
vt 0.02615 0.83982
vt 0.01032 0.83841
vt 0.16128 0.85187
vt 0.46582 0.78914
vt 0.46142 0.76771
vt 0.42747 0.77605
vt 0.49682 0.78845
vt 0.49238 0.80778
vt 0.46896 0.80875
vt 0.43753 0.79737
vt 0.41324 0.81350
vt 0.39956 0.79643
vt 0.49941 0.76781
vt 0.52706 0.79672
vt 0.51426 0.81490
vt 0.49728 0.83716
vt 0.48673 0.82689
vt 0.47188 0.82943
vt 0.44685 0.81561
vt 0.53508 0.77968
vt 0.55178 0.81594
vt 0.53243 0.83118
vt 0.50822 0.84941
vt 0.48425 0.86018
vt 0.47827 0.84608
vt 0.56521 0.80189
vt 0.57069 0.84506
vt 0.54474 0.85365
vt 0.51441 0.86520
vt 0.48877 0.87356
vt 0.46192 0.86638
vt 0.45906 0.85134
vt 0.58694 0.83611
vt 0.57415 0.87791
vt 0.54720 0.87910
vt 0.51679 0.88188
vt 0.49185 0.88706
vt 0.46506 0.88030
vt 0.43640 0.86991
vt 0.59371 0.87744
vt 0.56597 0.91217
vt 0.54099 0.90469
vt 0.51600 0.89855
vt 0.49433 0.90133
vt 0.46953 0.89387
vt 0.43906 0.88705
vt 0.58293 0.91896
vt 0.54682 0.93814
vt 0.52806 0.92500
vt 0.51266 0.91218
vt 0.49806 0.91898
vt 0.47482 0.90774
vt 0.44569 0.90292
vt 0.56023 0.95167
vt 0.51809 0.95994
vt 0.50745 0.94056
vt 0.52769 0.97739
vt 0.48759 0.98761
vt 0.48401 0.97003
vt 0.48346 0.94911
vt 0.48023 0.92581
vt 0.45517 0.91699
vt 0.41832 0.91737
vt 0.40712 0.89327
vt 0.45032 0.98883
vt 0.45149 0.97089
vt 0.45897 0.94790
vt 0.46467 0.92838
vt 0.43639 0.93583
vt 0.40795 0.97220
vt 0.41759 0.95735
vt 0.37937 0.94401
vt 0.39398 0.93320
vt 0.36347 0.90013
vt 0.38060 0.89973
vt 0.40587 0.86763
vt 0.36350 0.85829
vt 0.38087 0.86379
vt 0.41346 0.84572
vt 0.43756 0.85436
vt 0.44089 0.83942
vt 0.45505 0.83405
vt 0.37803 0.82531
vt 0.39288 0.83580
vt 0.42728 0.82755
vt 0.26046 0.17301
vt 0.26937 0.19408
vt 0.29410 0.17120
vt 0.23959 0.20129
vt 0.23649 0.18350
vt 0.22979 0.15865
vt 0.24828 0.14967
vt 0.26517 0.13828
vt 0.28191 0.15773
vt 0.29169 0.13598
vt 0.30643 0.14731
vt 0.20987 0.18151
vt 0.21424 0.16382
vt 0.20253 0.15118
vt 0.21913 0.13912
vt 0.23649 0.12882
vt 0.20431 0.19959
vt 0.17250 0.18440
vt 0.18508 0.16929
vt 0.16729 0.14993
vt 0.18797 0.13259
vt 0.20642 0.11940
vt 0.22420 0.10805
vt 0.24202 0.09763
vt 0.25353 0.11880
vt 0.15365 0.16798
vt 0.13523 0.14069
vt 0.15331 0.12541
vt 0.17527 0.11160
vt 0.19352 0.09892
vt 0.21147 0.08687
vt 0.14572 0.09304
vt 0.16723 0.09393
vt 0.17967 0.07902
vt 0.19795 0.06514
vt 0.21822 0.05535
vt 0.22968 0.07639
vt 0.12387 0.09601
vt 0.14053 0.04737
vt 0.15906 0.05902
vt 0.18143 0.03993
vt 0.20964 0.02984
vt 0.23797 0.03128
vt 0.23452 0.05075
vt 0.24675 0.06549
vt 0.16529 0.02273
vt 0.20245 0.01076
vt 0.24035 0.01367
vt 0.27402 0.03164
vt 0.26300 0.04783
vt 0.28246 0.07551
vt 0.26039 0.08741
vt 0.27103 0.11133
vt 0.29821 0.06342
vt 0.29153 0.10452
vt 0.31064 0.10418
vt 0.27634 0.12859
vt 0.52285 0.97231
vt 0.55244 0.95052
vt 0.53400 0.93847
vt 0.57339 0.91994
vt 0.55624 0.91431
vt 0.56767 0.88662
vt 0.58331 0.88428
vt 0.58058 0.84772
vt 0.50868 0.95454
vt 0.51520 0.91732
vt 0.53555 0.90060
vt 0.54888 0.88542
vt 0.54130 0.86681
vt 0.56455 0.85666
vt 0.48898 0.98331
vt 0.48232 0.96299
vt 0.47407 0.93831
vt 0.49471 0.92981
vt 0.49868 0.89558
vt 0.52042 0.88095
vt 0.45258 0.96270
vt 0.45636 0.94388
vt 0.44210 0.92909
vt 0.46095 0.91641
vt 0.47917 0.90687
vt 0.45185 0.98096
vt 0.41754 0.96367
vt 0.42750 0.94813
vt 0.40639 0.92263
vt 0.42601 0.90667
vt 0.44574 0.89401
vt 0.46403 0.88357
vt 0.48338 0.87206
vt 0.39420 0.93570
vt 0.37870 0.90148
vt 0.39237 0.89216
vt 0.41298 0.88300
vt 0.43214 0.87100
vt 0.44907 0.85960
vt 0.46898 0.84727
vt 0.50618 0.85770
vt 0.38875 0.86153
vt 0.40617 0.86458
vt 0.41669 0.85085
vt 0.43499 0.83628
vt 0.45567 0.82291
vt 0.37349 0.86153
vt 0.38233 0.82925
vt 0.39849 0.83750
vt 0.41845 0.81393
vt 0.44312 0.79839
vt 0.47970 0.81203
vt 0.49169 0.83412
vt 0.40499 0.80058
vt 0.43492 0.78119
vt 0.47135 0.77177
vt 0.47370 0.78813
vt 0.50326 0.78885
vt 0.49855 0.80634
vt 0.51233 0.82099
vt 0.52818 0.84298
vt 0.50619 0.77417
vt 0.53750 0.78995
vt 0.52882 0.80330
vt 0.55026 0.82745
vt 0.56440 0.81472
vt 0.12890 0.26365
# 1717 texture vertices

usemtl Texture_001
f 3/3 2/2 1/1
f 1/5 2/2 4/4
f 7/5 6/2 5/4
f 8/3 6/2 7/1
f 11/3 10/1 9/2
f 10/5 12/4 9/2
f 15/5 14/4 13/2
f 16/3 15/1 13/2
f 19/1 18/3 17/2
f 20/4 19/5 17/2
f 23/1 22/3 21/2
f 24/4 23/5 21/2
f 27/1 26/2 25/3
f 28/4 26/2 27/5
f 31/1 30/2 29/3
f 32/4 30/2 31/5
f 35/8 34/7 33/6
f 38/8 37/6 36/7
f 4/11 40/10 39/9
f 41/12 39/9 40/10
f 39/9 41/12 42/13
f 42/13 43/14 39/9
f 44/9 43/14 42/13
f 42/13 45/12 44/9
f 46/10 44/9 45/12
f 12/11 44/9 46/10
f 40/10 47/15 41/12
f 48/16 47/15 40/10
f 40/10 49/17 48/16
f 50/18 48/16 49/17
f 49/17 51/19 50/18
f 52/20 50/18 51/19
f 5/21 49/17 40/10
f 40/10 3/22 5/21
f 51/19 49/17 8/23
f 45/12 53/15 46/10
f 46/10 53/15 54/16
f 54/16 55/17 46/10
f 46/10 55/17 14/21
f 14/21 11/22 46/10
f 55/17 54/16 56/18
f 56/18 57/19 55/17
f 16/23 55/17 57/19
f 58/20 57/19 56/18
f 4/4 2/2 40/24
f 40/24 2/2 3/3
f 5/4 6/2 49/24
f 49/24 6/2 8/3
f 61/27 60/26 59/25
f 60/26 61/27 62/28
f 62/28 63/29 60/26
f 64/30 63/29 62/28
f 62/28 65/31 64/30
f 66/32 64/30 65/31
f 65/31 67/33 66/32
f 66/32 67/33 68/34
f 68/34 69/35 66/32
f 70/32 69/35 68/34
f 68/34 71/33 70/32
f 70/32 71/33 72/31
f 72/31 73/30 70/32
f 73/30 72/31 74/28
f 74/28 75/29 73/30
f 76/26 75/29 74/28
f 74/28 77/27 76/26
f 77/27 78/25 76/26
f 12/4 46/24 9/2
f 46/24 11/3 9/2
f 14/4 55/24 13/2
f 55/24 16/3 13/2
f 59/25 52/20 51/19
f 51/19 61/27 59/25
f 7/36 61/27 51/19
f 7/36 62/28 61/27
f 62/28 7/36 5/21
f 5/21 65/31 62/28
f 1/37 65/31 5/21
f 65/31 1/37 4/11
f 4/11 67/33 65/31
f 51/19 8/23 7/36
f 5/21 3/22 1/37
f 4/11 39/9 67/33
f 67/33 39/9 43/14
f 43/14 68/34 67/33
f 71/33 68/34 43/14
f 43/14 44/9 71/33
f 12/11 71/33 44/9
f 72/31 71/33 12/11
f 12/11 10/37 72/31
f 14/21 72/31 10/37
f 74/28 72/31 14/21
f 14/21 15/36 74/28
f 15/36 77/27 74/28
f 57/19 77/27 15/36
f 78/25 77/27 57/19
f 57/19 58/20 78/25
f 10/37 11/22 14/21
f 15/36 16/23 57/19
f 80/19 24/23 79/17
f 81/18 80/19 79/17
f 82/20 80/19 81/18
f 79/17 83/16 81/18
f 83/16 79/17 84/10
f 84/10 85/15 83/16
f 86/12 85/15 84/10
f 84/10 87/9 86/12
f 88/13 86/12 87/9
f 84/10 79/17 22/21
f 22/21 20/22 84/10
f 84/10 18/11 87/9
f 87/9 89/14 88/13
f 88/13 89/14 90/9
f 90/9 91/12 88/13
f 91/12 90/9 92/10
f 92/10 93/15 91/12
f 94/16 93/15 92/10
f 92/10 95/17 94/16
f 96/18 94/16 95/17
f 95/17 97/19 96/18
f 98/20 96/18 97/19
f 92/10 90/9 25/11
f 97/19 95/17 32/23
f 29/21 95/17 92/10
f 92/10 28/22 29/21
f 84/24 20/4 17/2
f 18/3 84/24 17/2
f 19/37 87/9 18/11
f 99/33 87/9 19/37
f 89/14 87/9 99/33
f 99/33 100/34 89/14
f 89/14 100/34 101/33
f 101/33 90/9 89/14
f 27/37 90/9 101/33
f 27/37 25/11 90/9
f 19/37 102/31 99/33
f 102/31 19/37 23/36
f 23/36 103/28 102/31
f 24/23 103/28 23/36
f 104/27 103/28 24/23
f 24/23 80/19 104/27
f 105/25 104/27 80/19
f 80/19 82/20 105/25
f 22/21 23/36 19/37
f 19/37 20/22 22/21
f 101/33 106/31 27/37
f 31/36 27/37 106/31
f 27/37 31/36 29/21
f 29/21 28/22 27/37
f 106/31 107/28 31/36
f 32/23 31/36 107/28
f 32/23 107/28 108/27
f 108/27 97/19 32/23
f 97/19 108/27 109/25
f 109/25 98/20 97/19
f 22/3 79/24 21/2
f 79/24 24/4 21/2
f 104/27 105/25 110/26
f 103/28 104/27 110/26
f 110/26 111/29 103/28
f 103/28 111/29 112/30
f 112/30 102/31 103/28
f 102/31 112/30 113/32
f 113/32 99/33 102/31
f 100/34 99/33 113/32
f 113/32 114/35 100/34
f 100/34 114/35 115/32
f 115/32 101/33 100/34
f 106/31 101/33 115/32
f 115/32 116/30 106/31
f 107/28 106/31 116/30
f 116/30 117/29 107/28
f 107/28 117/29 118/26
f 118/26 108/27 107/28
f 108/27 118/26 109/25
f 92/24 26/2 28/4
f 25/3 26/2 92/24
f 29/3 30/2 95/24
f 95/24 30/2 32/4
f 121/40 120/39 119/38
f 119/38 120/39 122/41
f 125/44 124/43 123/42
f 123/42 126/45 125/44
f 127/46 125/44 126/45
f 126/45 128/47 127/46
f 129/48 127/46 128/47
f 128/47 130/49 129/48
f 131/50 129/48 130/49
f 123/42 132/51 126/45
f 132/51 133/52 126/45
f 126/45 133/52 134/53
f 134/53 128/47 126/45
f 135/54 128/47 134/53
f 136/55 128/47 135/54
f 130/49 128/47 136/55
f 136/55 137/56 130/49
f 138/57 130/49 137/56
f 130/49 138/57 131/50
f 139/58 131/50 138/57
f 133/52 135/54 134/53
f 133/52 140/59 135/54
f 140/59 141/60 135/54
f 135/54 141/60 142/61
f 136/55 135/54 142/61
f 142/61 143/62 136/55
f 137/56 136/55 143/62
f 143/62 144/63 137/56
f 137/56 144/63 145/64
f 145/64 146/65 137/56
f 137/56 146/65 138/57
f 141/60 140/59 147/66
f 147/66 148/67 141/60
f 149/68 141/60 148/67
f 141/60 149/68 150/69
f 150/69 142/61 141/60
f 143/62 142/61 150/69
f 150/69 151/70 143/62
f 143/62 151/70 152/71
f 152/71 144/63 143/62
f 145/64 144/63 152/71
f 153/72 148/67 147/66
f 148/67 153/72 154/73
f 154/73 155/74 148/67
f 148/67 155/74 149/68
f 156/75 149/68 155/74
f 150/69 149/68 156/75
f 156/75 157/76 150/69
f 150/69 157/76 158/77
f 158/77 151/70 150/69
f 147/66 159/78 153/72
f 155/74 154/73 160/79
f 160/79 161/80 155/74
f 155/74 161/80 156/75
f 162/81 156/75 161/80
f 157/76 156/75 162/81
f 157/76 162/81 163/82
f 163/82 164/83 157/76
f 157/76 164/83 165/84
f 165/84 158/77 157/76
f 161/80 160/79 166/85
f 166/85 167/86 161/80
f 161/80 167/86 162/81
f 162/81 167/86 168/87
f 168/87 169/88 162/81
f 162/81 169/88 170/89
f 170/89 163/82 162/81
f 171/90 163/82 170/89
f 164/83 163/82 171/90
f 171/90 172/91 164/83
f 165/84 164/83 172/91
f 167/86 166/85 173/92
f 173/92 168/87 167/86
f 168/87 173/92 174/93
f 174/93 175/94 168/87
f 169/88 168/87 175/94
f 175/94 176/95 169/88
f 169/88 176/95 177/96
f 177/96 178/97 169/88
f 179/98 169/88 178/97
f 170/89 169/88 179/98
f 175/94 174/93 180/99
f 180/99 181/100 175/94
f 175/94 181/100 133/101
f 133/101 176/95 175/94
f 176/95 133/101 182/102
f 182/102 177/96 176/95
f 183/103 177/96 182/102
f 177/96 183/103 184/104
f 184/104 178/97 177/96
f 181/100 180/99 159/105
f 159/105 147/106 181/100
f 133/101 181/100 147/106
f 147/106 140/107 133/101
f 178/97 184/104 185/108
f 185/108 186/109 178/97
f 178/97 186/109 179/98
f 179/98 186/109 187/110
f 187/110 188/111 179/98
f 179/98 188/111 189/112
f 189/112 190/113 179/98
f 179/98 190/113 170/89
f 186/109 185/108 191/114
f 191/114 187/110 186/109
f 187/110 191/114 192/115
f 192/115 193/116 187/110
f 188/111 187/110 193/116
f 193/116 194/117 188/111
f 188/111 194/117 195/118
f 195/118 196/119 188/111
f 197/120 188/111 196/119
f 189/112 188/111 197/120
f 193/116 192/115 198/121
f 198/121 199/122 193/116
f 193/116 199/122 123/123
f 123/123 194/117 193/116
f 194/117 123/123 200/124
f 200/124 195/118 194/117
f 201/125 195/118 200/124
f 195/118 201/125 202/126
f 202/126 196/119 195/118
f 199/122 198/121 203/127
f 203/127 204/128 199/122
f 123/123 199/122 204/128
f 204/128 132/129 123/123
f 196/119 202/126 205/130
f 205/130 206/131 196/119
f 196/119 206/131 197/120
f 197/120 206/131 207/132
f 207/132 208/133 197/120
f 197/120 208/133 209/134
f 209/134 210/135 197/120
f 197/120 210/135 189/112
f 206/131 205/130 211/136
f 211/136 207/132 206/131
f 207/132 211/136 212/137
f 212/137 213/138 207/132
f 208/133 207/132 213/138
f 213/138 214/139 208/133
f 215/140 208/133 214/139
f 209/134 208/133 215/140
f 215/140 216/141 209/134
f 217/142 209/134 216/141
f 209/134 217/142 218/143
f 218/143 210/135 209/134
f 189/112 210/135 218/143
f 213/138 212/137 219/144
f 219/144 220/145 213/138
f 213/138 220/145 221/146
f 221/146 214/139 213/138
f 214/139 221/146 222/147
f 222/147 223/148 214/139
f 214/139 223/148 215/140
f 220/145 219/144 224/149
f 224/149 225/150 220/145
f 221/146 220/145 225/150
f 225/150 124/151 221/146
f 125/152 221/146 124/151
f 222/147 221/146 125/152
f 125/152 127/153 222/147
f 127/153 226/154 222/147
f 222/147 226/154 227/155
f 227/155 228/156 222/147
f 223/148 222/147 228/156
f 228/156 229/157 223/148
f 215/140 223/148 229/157
f 229/157 230/158 215/140
f 231/159 215/140 230/158
f 231/159 216/141 215/140
f 232/160 228/156 227/155
f 228/156 232/160 233/161
f 233/161 229/157 228/156
f 229/157 233/161 234/162
f 234/162 230/158 229/157
f 230/158 234/162 235/163
f 235/163 236/164 230/158
f 230/158 236/164 231/159
f 227/155 237/165 232/160
f 236/164 235/163 238/166
f 238/166 239/167 236/164
f 231/159 236/164 239/167
f 239/167 238/166 240/168
f 240/168 241/169 239/167
f 239/167 241/169 242/170
f 242/170 243/171 239/167
f 239/167 243/171 231/159
f 241/169 240/168 244/172
f 244/172 245/173 241/169
f 241/169 245/173 246/174
f 246/174 242/170 241/169
f 242/170 246/174 247/175
f 247/175 248/176 242/170
f 242/170 248/176 249/177
f 249/177 243/171 242/170
f 231/159 243/171 249/177
f 245/173 244/172 237/178
f 237/178 227/179 245/173
f 245/173 227/179 226/180
f 226/180 246/174 245/173
f 127/181 246/174 226/180
f 127/181 129/182 246/174
f 247/175 246/174 129/182
f 129/182 131/183 247/175
f 250/184 247/175 131/183
f 247/175 250/184 251/185
f 251/185 248/176 247/175
f 248/176 251/185 252/186
f 252/186 249/177 248/176
f 253/187 249/177 252/186
f 249/177 253/187 231/159
f 131/183 139/188 250/184
f 254/189 250/184 139/188
f 251/185 250/184 254/189
f 254/189 255/190 251/185
f 252/186 251/185 255/190
f 255/190 256/191 252/186
f 257/192 252/186 256/191
f 252/186 257/192 253/187
f 258/193 253/187 257/192
f 231/159 253/187 258/193
f 139/188 259/194 254/189
f 254/189 259/194 260/195
f 260/195 261/196 254/189
f 255/190 254/189 261/196
f 261/196 262/197 255/190
f 256/191 255/190 262/197
f 262/197 263/198 256/191
f 264/199 256/191 263/198
f 256/191 264/199 257/192
f 265/200 257/192 264/199
f 257/192 265/200 258/193
f 266/201 261/196 260/195
f 262/197 261/196 266/201
f 266/201 267/202 262/197
f 263/198 262/197 267/202
f 267/202 268/203 263/198
f 269/204 263/198 268/203
f 264/199 263/198 269/204
f 269/204 270/205 264/199
f 271/206 264/199 270/205
f 264/199 271/206 265/200
f 260/195 272/207 266/201
f 273/208 266/201 272/207
f 266/201 273/208 274/209
f 274/209 267/202 266/201
f 267/202 274/209 275/210
f 275/210 268/203 267/202
f 268/203 275/210 276/211
f 276/211 277/212 268/203
f 268/203 277/212 269/204
f 272/207 278/213 273/208
f 273/208 278/213 279/214
f 279/214 280/215 273/208
f 274/209 273/208 280/215
f 280/215 281/216 274/209
f 275/210 274/209 281/216
f 281/216 282/217 275/210
f 276/211 275/210 282/217
f 282/217 283/218 276/211
f 284/219 276/211 283/218
f 277/212 276/211 284/219
f 284/219 285/220 277/212
f 269/204 277/212 285/220
f 285/220 286/221 269/204
f 270/205 269/204 286/221
f 286/221 287/222 270/205
f 270/205 287/222 271/206
f 283/218 288/223 284/219
f 289/224 284/219 288/223
f 285/220 284/219 289/224
f 289/224 290/225 285/220
f 286/221 285/220 290/225
f 290/225 291/226 286/221
f 286/221 291/226 292/227
f 292/227 287/222 286/221
f 287/222 292/227 293/228
f 293/228 271/206 287/222
f 265/200 271/206 293/228
f 288/223 294/229 289/224
f 295/230 289/224 294/229
f 290/225 289/224 295/230
f 295/230 296/231 290/225
f 290/225 296/231 297/232
f 297/232 291/226 290/225
f 291/226 297/232 298/233
f 298/233 299/234 291/226
f 292/227 291/226 299/234
f 300/235 292/227 299/234
f 293/228 292/227 300/235
f 294/229 301/236 295/230
f 302/237 295/230 301/236
f 296/231 295/230 302/237
f 302/237 303/238 296/231
f 296/231 303/238 304/239
f 304/239 297/232 296/231
f 297/232 304/239 305/240
f 305/240 298/233 297/232
f 306/241 298/233 305/240
f 298/233 306/241 307/242
f 307/242 299/234 298/233
f 301/236 308/243 302/237
f 309/244 302/237 308/243
f 303/238 302/237 309/244
f 309/244 310/245 303/238
f 304/239 303/238 310/245
f 310/245 311/246 304/239
f 304/239 311/246 312/247
f 312/247 305/240 304/239
f 305/240 312/247 306/241
f 306/241 312/247 313/248
f 313/248 314/249 306/241
f 307/242 306/241 314/249
f 308/243 315/250 309/244
f 309/244 315/250 316/251
f 316/251 317/252 309/244
f 310/245 309/244 317/252
f 317/252 318/253 310/245
f 310/245 318/253 319/254
f 319/254 311/246 310/245
f 311/246 319/254 320/255
f 320/255 321/256 311/246
f 312/247 311/246 321/256
f 312/247 321/256 322/257
f 322/257 313/248 312/247
f 317/252 316/251 323/258
f 323/258 324/259 317/252
f 318/253 317/252 324/259
f 324/259 325/260 318/253
f 319/254 318/253 325/260
f 325/260 326/261 319/254
f 319/254 326/261 327/262
f 327/262 320/255 319/254
f 320/255 327/262 328/263
f 328/263 329/264 320/255
f 321/256 320/255 329/264
f 329/264 322/257 321/256
f 330/265 324/259 323/258
f 325/260 324/259 330/265
f 330/265 331/266 325/260
f 325/260 331/266 332/267
f 332/267 326/261 325/260
f 327/262 326/261 332/267
f 332/267 333/268 327/262
f 327/262 333/268 334/269
f 334/269 328/263 327/262
f 323/258 335/270 330/265
f 336/271 330/265 335/270
f 331/266 330/265 336/271
f 336/271 337/272 331/266
f 331/266 337/272 338/273
f 338/273 332/267 331/266
f 333/268 332/267 338/273
f 338/273 339/274 333/268
f 333/268 339/274 340/275
f 340/275 334/269 333/268
f 335/270 341/276 336/271
f 278/277 336/271 341/276
f 337/272 336/271 278/277
f 278/277 272/278 337/272
f 338/273 337/272 272/278
f 272/278 260/279 338/273
f 338/273 260/279 259/280
f 259/280 339/274 338/273
f 340/275 339/274 259/280
f 341/276 279/281 278/277
f 259/280 139/58 340/275
f 138/57 340/275 139/58
f 340/275 138/57 146/65
f 146/65 334/269 340/275
f 334/269 146/65 145/64
f 145/64 328/263 334/269
f 328/263 145/64 342/282
f 342/282 329/264 328/263
f 329/264 342/282 343/283
f 343/283 322/257 329/264
f 322/257 343/283 344/284
f 344/284 313/248 322/257
f 152/71 342/282 145/64
f 342/282 152/71 345/285
f 345/285 343/283 342/282
f 344/284 343/283 345/285
f 345/285 346/286 344/284
f 347/287 344/284 346/286
f 313/248 344/284 347/287
f 347/287 314/249 313/248
f 314/249 347/287 348/288
f 348/288 349/289 314/249
f 314/249 349/289 307/242
f 345/285 152/71 350/290
f 346/286 345/285 350/290
f 350/290 351/291 346/286
f 352/292 346/286 351/291
f 346/286 352/292 347/287
f 348/288 347/287 352/292
f 352/292 353/293 348/288
f 348/288 353/293 354/294
f 354/294 355/295 348/288
f 349/289 348/288 355/295
f 152/71 151/70 350/290
f 151/70 158/77 350/290
f 351/291 350/290 158/77
f 158/77 165/84 351/291
f 356/296 351/291 165/84
f 351/291 356/296 352/292
f 353/293 352/292 356/296
f 356/296 357/297 353/293
f 353/293 357/297 358/298
f 358/298 354/294 353/293
f 354/294 358/298 359/299
f 359/299 360/300 354/294
f 355/295 354/294 360/300
f 165/84 361/301 356/296
f 356/296 361/301 362/302
f 362/302 357/297 356/296
f 357/297 362/302 363/303
f 363/303 358/298 357/297
f 358/298 363/303 364/304
f 364/304 359/299 358/298
f 172/91 361/301 165/84
f 362/302 361/301 172/91
f 172/91 365/305 362/302
f 362/302 365/305 366/306
f 366/306 363/303 362/302
f 363/303 366/306 367/307
f 367/307 364/304 363/303
f 365/305 172/91 171/90
f 171/90 368/308 365/305
f 365/305 368/308 369/309
f 369/309 366/306 365/305
f 366/306 369/309 370/310
f 370/310 367/307 366/306
f 368/308 171/90 371/311
f 372/312 368/308 371/311
f 368/308 372/312 373/313
f 373/313 369/309 368/308
f 369/309 373/313 374/314
f 374/314 370/310 369/309
f 170/89 371/311 171/90
f 371/311 170/89 190/113
f 190/113 375/315 371/311
f 371/311 375/315 372/312
f 372/312 375/315 376/316
f 376/316 377/317 372/312
f 373/313 372/312 377/317
f 377/317 378/318 373/313
f 373/313 378/318 379/319
f 379/319 374/314 373/313
f 375/315 190/113 189/112
f 189/112 376/316 375/315
f 218/143 376/316 189/112
f 376/316 218/143 377/317
f 377/317 218/143 217/142
f 217/142 380/320 377/317
f 378/318 377/317 380/320
f 380/320 381/321 378/318
f 378/318 381/321 382/322
f 382/322 379/319 378/318
f 380/320 217/142 383/323
f 383/323 384/324 380/320
f 381/321 380/320 384/324
f 384/324 385/325 381/321
f 381/321 385/325 386/326
f 386/326 382/322 381/321
f 216/141 383/323 217/142
f 383/323 216/141 231/159
f 231/159 387/327 383/323
f 384/324 383/323 387/327
f 387/327 388/328 384/324
f 385/325 384/324 388/328
f 388/328 389/329 385/325
f 385/325 389/329 390/330
f 390/330 386/326 385/325
f 258/193 387/327 231/159
f 388/328 387/327 258/193
f 258/193 391/331 388/328
f 389/329 388/328 391/331
f 391/331 392/332 389/329
f 389/329 392/332 393/333
f 393/333 390/330 389/329
f 394/334 391/331 258/193
f 392/332 391/331 394/334
f 394/334 395/335 392/332
f 392/332 395/335 396/336
f 396/336 393/333 392/332
f 258/193 265/200 394/334
f 293/228 394/334 265/200
f 395/335 394/334 293/228
f 293/228 397/337 395/335
f 395/335 397/337 398/338
f 398/338 396/336 395/335
f 300/235 397/337 293/228
f 397/337 300/235 399/339
f 399/339 398/338 397/337
f 399/339 300/235 400/340
f 400/340 401/341 399/339
f 402/342 401/341 400/340
f 400/340 403/343 402/342
f 404/344 402/342 403/343
f 403/343 405/345 404/344
f 406/346 404/344 405/345
f 299/234 400/340 300/235
f 403/343 400/340 299/234
f 299/234 307/242 403/343
f 405/345 403/343 307/242
f 307/242 349/289 405/345
f 355/295 405/345 349/289
f 405/345 355/295 406/346
f 360/300 406/346 355/295
f 200/124 407/347 201/125
f 407/347 200/124 225/348
f 225/348 224/349 407/347
f 225/348 200/124 123/123
f 123/123 124/350 225/348
f 182/102 408/351 183/103
f 408/351 182/102 204/352
f 204/352 203/353 408/351
f 204/352 182/102 133/101
f 133/101 132/354 204/352
f 410/356 409/355 121/40
f 121/40 119/38 410/356
f 120/39 121/40 409/355
f 409/355 411/357 120/39
f 122/41 120/39 411/357
f 411/357 412/358 122/41
f 412/358 410/356 119/38
f 119/38 122/41 412/358
f 415/361 414/360 413/359
f 413/359 416/362 415/361
f 417/363 415/361 416/362
f 414/364 415/361 417/363
f 417/363 418/365 414/364
f 414/364 418/365 419/366
f 419/366 420/367 414/364
f 416/362 413/359 421/368
f 421/368 422/369 416/362
f 423/370 416/362 422/369
f 416/362 423/370 417/363
f 424/371 417/363 423/370
f 418/365 417/363 424/371
f 424/371 425/372 418/365
f 419/366 418/365 425/372
f 422/369 421/368 237/373
f 237/373 244/374 422/369
f 426/375 422/369 244/374
f 422/369 426/375 423/370
f 427/376 423/370 426/375
f 423/370 427/376 424/371
f 425/372 424/371 427/376
f 427/376 428/377 425/372
f 425/372 428/377 429/378
f 429/378 430/379 425/372
f 425/372 430/379 419/366
f 244/374 240/380 426/375
f 431/381 426/375 240/380
f 426/375 431/381 432/382
f 426/375 432/382 433/383
f 426/375 433/383 427/376
f 427/376 433/383 434/384
f 434/384 428/377 427/376
f 428/377 434/384 435/385
f 435/385 429/378 428/377
f 240/380 238/386 431/381
f 436/387 431/381 238/386
f 431/381 436/387 437/388
f 437/388 432/382 431/381
f 433/383 432/382 437/388
f 437/388 434/384 433/383
f 435/385 434/384 437/388
f 437/388 438/389 435/385
f 439/390 435/385 438/389
f 429/378 435/385 439/390
f 238/386 235/391 436/387
f 440/392 436/387 235/391
f 436/387 440/392 438/389
f 438/389 437/388 436/387
f 235/391 234/393 440/392
f 440/392 234/393 233/394
f 233/394 439/390 440/392
f 439/390 438/389 440/392
f 439/390 233/394 232/395
f 232/395 441/396 439/390
f 442/397 439/390 441/396
f 439/390 442/397 429/378
f 429/378 442/397 419/366
f 419/366 430/379 429/378
f 421/398 441/396 232/395
f 441/396 421/398 413/399
f 413/399 443/400 441/396
f 441/396 443/400 442/397
f 442/397 443/400 420/367
f 420/367 419/366 442/397
f 232/395 237/401 421/398
f 414/402 420/367 443/400
f 443/400 413/399 414/402
f 446/405 445/404 444/403
f 444/403 447/406 446/405
f 448/407 446/405 447/406
f 445/408 446/405 448/407
f 448/407 449/409 445/408
f 450/410 445/408 449/409
f 447/406 444/403 451/411
f 451/411 452/412 447/406
f 453/413 447/406 452/412
f 447/406 453/413 448/407
f 454/414 448/407 453/413
f 449/409 448/407 454/414
f 454/414 455/415 449/409
f 449/409 455/415 456/416
f 456/416 457/417 449/409
f 449/409 457/417 450/410
f 180/418 452/412 451/411
f 458/419 452/412 180/418
f 452/412 458/419 453/413
f 459/420 453/413 458/419
f 453/413 459/420 454/414
f 455/415 454/414 459/420
f 459/420 460/421 455/415
f 456/416 455/415 460/421
f 460/421 461/422 456/416
f 457/417 456/416 461/422
f 461/422 462/423 457/417
f 450/410 457/417 462/423
f 451/411 159/424 180/418
f 180/418 174/425 458/419
f 458/419 174/425 173/426
f 173/426 463/427 458/419
f 464/428 458/419 463/427
f 465/429 458/419 464/428
f 458/419 465/429 459/420
f 460/421 459/420 465/429
f 466/430 463/427 173/426
f 463/427 466/430 467/431
f 467/431 464/428 463/427
f 465/429 464/428 467/431
f 467/431 468/432 465/429
f 465/429 468/432 460/421
f 461/422 460/421 468/432
f 468/432 469/433 461/422
f 461/422 469/433 470/434
f 470/434 462/423 461/422
f 173/426 166/435 466/430
f 471/436 466/430 166/435
f 466/430 471/436 472/437
f 472/437 467/431 466/430
f 468/432 467/431 472/437
f 472/437 469/433 468/432
f 470/434 469/433 472/437
f 470/434 472/437 471/436
f 154/438 470/434 471/436
f 470/434 154/438 153/439
f 153/439 473/440 470/434
f 462/423 470/434 473/440
f 473/440 474/441 462/423
f 462/423 474/441 450/410
f 166/435 160/442 471/436
f 471/436 160/442 154/438
f 445/443 450/410 474/441
f 474/441 444/444 445/443
f 444/444 474/441 473/440
f 473/440 451/445 444/444
f 451/445 473/440 153/439
f 153/439 159/446 451/445
f 477/449 476/448 475/447
f 475/447 478/450 477/449
f 479/451 477/449 478/450
f 478/450 480/452 479/451
f 480/452 478/450 481/453
f 481/453 482/454 480/452
f 483/455 482/454 481/453
f 478/450 475/447 484/456
f 484/456 481/453 478/450
f 485/457 481/453 484/456
f 481/453 485/457 486/458
f 481/453 486/458 487/459
f 481/453 487/459 483/455
f 488/460 483/455 487/459
f 487/459 489/461 488/460
f 490/462 488/460 489/461
f 491/463 484/456 475/447
f 484/456 491/463 492/464
f 492/464 493/465 484/456
f 484/456 493/465 485/457
f 485/457 493/465 492/464
f 492/464 494/466 485/457
f 486/458 485/457 494/466
f 494/466 495/467 486/458
f 486/458 495/467 489/461
f 489/461 487/459 486/458
f 475/447 476/468 491/463
f 491/463 476/468 496/469
f 496/469 497/470 491/463
f 492/464 491/463 497/470
f 497/470 498/471 492/464
f 492/464 498/471 499/472
f 499/472 494/466 492/464
f 494/466 499/472 500/473
f 500/473 495/467 494/466
f 489/461 495/467 500/473
f 500/473 501/474 489/461
f 489/461 501/474 490/462
f 497/470 496/469 502/475
f 502/475 503/476 497/470
f 498/471 497/470 503/476
f 503/476 499/472 498/471
f 499/472 503/476 500/473
f 503/476 501/474 500/473
f 501/474 503/476 504/477
f 504/477 490/462 501/474
f 502/475 496/469 476/478
f 476/478 477/479 502/475
f 502/475 477/479 479/480
f 479/480 505/481 502/475
f 503/476 502/475 505/481
f 505/481 504/477 503/476
f 508/484 507/483 506/482
f 506/482 509/485 508/484
f 508/484 509/485 510/486
f 510/486 511/487 508/484
f 511/487 510/486 512/488
f 512/488 513/489 511/487
f 514/490 513/489 512/488
f 509/485 506/482 515/491
f 515/491 516/492 509/485
f 509/485 516/492 517/493
f 517/493 510/486 509/485
f 510/486 517/493 518/494
f 518/494 519/495 510/486
f 510/486 519/495 520/496
f 512/488 510/486 520/496
f 521/497 512/488 520/496
f 512/488 521/497 514/490
f 522/498 514/490 521/497
f 523/499 517/493 516/492
f 517/493 523/499 524/500
f 524/500 518/494 517/493
f 519/495 518/494 524/500
f 524/500 525/501 519/495
f 520/496 519/495 525/501
f 525/501 526/502 520/496
f 520/496 526/502 521/497
f 521/497 526/502 527/503
f 527/503 528/504 521/497
f 521/497 528/504 522/498
f 529/505 522/498 528/504
f 516/492 515/506 523/499
f 523/499 515/506 530/507
f 530/507 531/508 523/499
f 524/500 523/499 531/508
f 531/508 532/509 524/500
f 524/500 532/509 533/510
f 533/510 525/501 524/500
f 525/501 533/510 527/503
f 527/503 526/502 525/501
f 531/508 530/507 534/511
f 534/511 535/512 531/508
f 532/509 531/508 535/512
f 535/512 533/510 532/509
f 533/510 535/512 527/503
f 535/512 528/504 527/503
f 528/504 535/512 529/505
f 536/513 529/505 535/512
f 535/512 534/511 536/513
f 507/514 536/513 534/511
f 534/511 506/515 507/514
f 506/515 534/511 530/507
f 530/507 515/516 506/515
f 539/519 538/518 537/517
f 537/517 540/520 539/519
f 540/520 537/517 541/521
f 541/521 542/522 540/520
f 545/525 544/524 543/523
f 543/523 546/526 545/525
f 547/527 545/525 546/526
f 546/526 548/528 547/527
f 547/527 548/528 549/529
f 549/529 550/530 547/527
f 551/531 550/530 549/529
f 546/526 543/523 552/532
f 552/532 553/533 546/526
f 546/526 553/533 554/534
f 554/534 548/528 546/526
f 548/528 554/534 555/535
f 555/535 549/529 548/528
f 549/529 555/535 556/536
f 556/536 557/537 549/529
f 549/529 557/537 551/531
f 558/538 551/531 557/537
f 553/533 552/532 559/539
f 559/539 560/540 553/533
f 554/534 553/533 560/540
f 560/540 561/541 554/534
f 554/534 561/541 562/542
f 562/542 555/535 554/534
f 556/536 555/535 562/542
f 562/542 563/543 556/536
f 556/536 563/543 564/544
f 564/544 565/545 556/536
f 557/537 556/536 565/545
f 560/540 559/539 566/546
f 566/546 567/547 560/540
f 561/541 560/540 567/547
f 567/547 568/548 561/541
f 561/541 568/548 569/549
f 569/549 562/542 561/541
f 562/542 569/549 570/550
f 570/550 563/543 562/542
f 563/543 570/550 571/551
f 571/551 564/544 563/543
f 567/547 566/546 572/552
f 572/552 573/553 567/547
f 568/548 567/547 573/553
f 573/553 574/554 568/548
f 569/549 568/548 574/554
f 574/554 575/555 569/549
f 569/549 575/555 576/556
f 576/556 570/550 569/549
f 570/550 576/556 577/557
f 577/557 571/551 570/550
f 573/553 572/552 578/558
f 578/558 579/559 573/553
f 574/554 573/553 579/559
f 579/559 580/560 574/554
f 575/555 574/554 580/560
f 580/560 581/561 575/555
f 575/555 581/561 582/562
f 582/562 576/556 575/555
f 577/557 576/556 582/562
f 579/559 578/558 583/563
f 583/563 584/564 579/559
f 584/564 585/565 579/559
f 580/560 579/559 585/565
f 585/565 586/566 580/560
f 587/567 580/560 586/566
f 580/560 587/567 581/561
f 588/568 584/564 583/563
f 584/564 588/568 589/569
f 589/569 585/565 584/564
f 586/566 585/565 589/569
f 589/569 590/570 586/566
f 591/571 586/566 590/570
f 586/566 591/571 587/567
f 592/572 587/567 591/571
f 593/573 587/567 592/572
f 581/561 587/567 593/573
f 583/563 594/574 588/568
f 595/575 588/568 594/574
f 588/568 595/575 596/576
f 596/576 589/569 588/568
f 597/577 589/569 596/576
f 589/569 597/577 590/570
f 598/578 590/570 597/577
f 599/579 590/570 598/578
f 600/580 590/570 599/579
f 590/570 600/580 591/571
f 592/572 591/571 600/580
f 594/574 601/581 595/575
f 602/582 595/575 601/581
f 595/575 602/582 603/583
f 603/583 596/576 595/575
f 596/576 603/583 604/584
f 604/584 605/585 596/576
f 596/576 605/585 597/577
f 597/577 605/585 606/586
f 606/586 598/578 597/577
f 601/581 594/574 607/587
f 607/587 608/588 601/581
f 601/581 608/588 538/589
f 538/589 539/590 601/581
f 601/581 539/590 602/582
f 608/588 607/587 609/591
f 609/591 610/592 608/588
f 608/588 610/592 611/593
f 611/593 538/589 608/588
f 612/594 610/592 609/591
f 610/592 612/594 613/595
f 613/595 611/593 610/592
f 609/591 614/596 612/594
f 612/594 614/596 598/578
f 598/578 606/586 612/594
f 612/594 606/586 615/597
f 615/597 613/595 612/594
f 616/598 614/596 609/591
f 614/596 616/598 617/599
f 617/599 598/578 614/596
f 598/578 617/599 599/579
f 609/591 618/600 616/598
f 619/601 616/598 618/600
f 616/598 619/601 620/602
f 620/602 617/599 616/598
f 621/603 617/599 620/602
f 621/603 599/579 617/599
f 618/600 622/604 619/601
f 511/605 619/601 622/604
f 619/601 511/605 513/606
f 513/606 620/602 619/601
f 623/607 620/602 513/606
f 620/602 623/607 621/603
f 621/603 623/607 624/608
f 624/608 625/609 621/603
f 621/603 625/609 599/579
f 622/604 618/600 626/610
f 626/610 627/611 622/604
f 622/604 627/611 507/612
f 507/612 508/613 622/604
f 622/604 508/613 511/605
f 627/611 626/610 628/614
f 628/614 629/615 627/611
f 627/611 629/615 536/616
f 536/616 507/612 627/611
f 629/615 628/614 630/617
f 630/617 631/618 629/615
f 629/615 631/618 529/619
f 529/619 536/616 629/615
f 632/620 630/617 628/614
f 630/617 632/620 633/621
f 633/621 625/609 630/617
f 631/618 630/617 625/609
f 625/609 624/608 631/618
f 631/618 624/608 522/622
f 522/622 529/619 631/618
f 628/614 634/623 632/620
f 635/624 632/620 634/623
f 632/620 635/624 636/625
f 636/625 633/621 632/620
f 637/626 633/621 636/625
f 637/626 638/627 633/621
f 625/609 633/621 638/627
f 638/627 599/579 625/609
f 634/623 639/628 635/624
f 482/629 635/624 639/628
f 635/624 482/629 483/630
f 483/630 636/625 635/624
f 636/625 483/630 488/631
f 488/631 640/632 636/625
f 636/625 640/632 637/626
f 641/633 637/626 640/632
f 641/633 638/627 637/626
f 639/628 634/623 642/634
f 642/634 643/635 639/628
f 639/628 643/635 479/636
f 479/636 480/637 639/628
f 639/628 480/637 482/629
f 643/635 642/634 644/638
f 644/638 645/639 643/635
f 643/635 645/639 505/640
f 505/640 479/636 643/635
f 645/639 644/638 646/641
f 646/641 647/642 645/639
f 645/639 647/642 504/643
f 504/643 505/640 645/639
f 648/644 646/641 644/638
f 646/641 648/644 649/645
f 649/645 641/633 646/641
f 647/642 646/641 641/633
f 641/633 650/646 647/642
f 647/642 650/646 490/647
f 490/647 504/643 647/642
f 644/638 651/648 648/644
f 648/644 651/648 652/649
f 652/649 653/650 648/644
f 648/644 653/650 654/651
f 654/651 649/645 648/644
f 655/652 649/645 654/651
f 641/633 649/645 655/652
f 655/652 638/627 641/633
f 638/627 655/652 656/653
f 656/653 657/654 638/627
f 599/579 638/627 657/654
f 653/650 652/649 544/655
f 544/655 545/656 653/650
f 653/650 545/656 654/651
f 654/651 545/656 547/657
f 547/657 658/658 654/651
f 654/651 658/658 655/652
f 656/653 655/652 658/658
f 658/658 659/659 656/653
f 660/660 656/653 659/659
f 657/654 656/653 660/660
f 660/660 661/661 657/654
f 662/662 657/654 661/661
f 657/654 662/662 599/579
f 599/579 662/662 600/580
f 658/658 547/657 550/663
f 550/663 659/659 658/658
f 663/664 659/659 550/663
f 659/659 663/664 660/660
f 664/665 660/660 663/664
f 661/661 660/660 664/665
f 664/665 665/666 661/661
f 666/667 661/661 665/666
f 661/661 666/667 662/662
f 600/580 662/662 666/667
f 666/667 667/668 600/580
f 600/580 667/668 592/572
f 550/663 551/669 663/664
f 663/664 551/669 558/670
f 558/670 668/671 663/664
f 663/664 668/671 664/665
f 669/672 664/665 668/671
f 664/665 669/672 670/673
f 670/673 665/666 664/665
f 665/666 670/673 671/674
f 671/674 672/675 665/666
f 665/666 672/675 666/667
f 666/667 672/675 673/676
f 673/676 667/668 666/667
f 592/572 667/668 673/676
f 558/670 674/677 668/671
f 668/671 674/677 669/672
f 675/678 669/672 674/677
f 670/673 669/672 675/678
f 675/678 676/679 670/673
f 671/674 670/673 676/679
f 676/679 677/680 671/674
f 678/681 671/674 677/680
f 672/675 671/674 678/681
f 678/681 673/676 672/675
f 679/682 673/676 678/681
f 673/676 679/682 592/572
f 674/677 558/670 680/683
f 680/683 681/684 674/677
f 674/677 681/684 675/678
f 682/685 675/678 681/684
f 675/678 682/685 683/686
f 683/686 676/679 675/678
f 676/679 683/686 684/687
f 684/687 685/688 676/679
f 676/679 685/688 677/680
f 686/689 677/680 685/688
f 677/680 686/689 678/681
f 687/690 681/684 680/683
f 681/684 687/690 682/685
f 688/691 682/685 687/690
f 682/685 688/691 689/692
f 689/692 690/693 682/685
f 682/685 690/693 691/694
f 691/694 683/686 682/685
f 680/683 692/695 687/690
f 693/696 687/690 692/695
f 687/690 693/696 688/691
f 688/691 693/696 694/690
f 694/690 695/685 688/691
f 689/692 688/691 695/685
f 695/685 696/693 689/692
f 697/697 689/692 696/693
f 690/693 689/692 697/697
f 697/697 691/694 690/693
f 692/695 698/698 693/696
f 693/696 698/698 699/695
f 699/695 694/690 693/696
f 694/690 699/695 700/683
f 700/683 701/684 694/690
f 695/685 694/690 701/684
f 701/684 702/678 695/685
f 703/686 695/685 702/678
f 695/685 703/686 704/694
f 704/694 696/693 695/685
f 696/693 704/694 697/697
f 705/699 697/697 704/694
f 691/694 697/697 705/699
f 706/677 701/684 700/683
f 702/678 701/684 706/677
f 706/677 707/672 702/678
f 702/678 707/672 708/673
f 708/673 709/679 702/678
f 702/678 709/679 703/686
f 700/683 710/670 706/677
f 710/670 711/671 706/677
f 707/672 706/677 711/671
f 711/671 712/665 707/672
f 708/673 707/672 712/665
f 712/665 713/666 708/673
f 714/674 708/673 713/666
f 709/679 708/673 714/674
f 715/664 711/671 710/670
f 712/665 711/671 715/664
f 715/664 716/660 712/665
f 712/665 716/660 717/661
f 717/661 713/666 712/665
f 713/666 717/661 718/667
f 718/667 719/675 713/666
f 713/666 719/675 714/674
f 710/670 720/669 715/664
f 715/664 720/669 721/663
f 721/663 722/659 715/664
f 716/660 715/664 722/659
f 722/659 723/653 716/660
f 716/660 723/653 724/654
f 724/654 717/661 716/660
f 717/661 724/654 725/662
f 725/662 718/667 717/661
f 726/658 722/659 721/663
f 723/653 722/659 726/658
f 726/658 727/652 723/653
f 723/653 727/652 728/627
f 728/627 724/654 723/653
f 724/654 728/627 729/579
f 729/579 725/662 724/654
f 730/580 725/662 729/579
f 718/667 725/662 730/580
f 721/663 731/657 726/658
f 732/651 726/658 731/657
f 727/652 726/658 732/651
f 732/651 733/645 727/652
f 727/652 733/645 734/633
f 734/633 728/627 727/652
f 734/633 735/626 728/627
f 735/626 736/621 728/627
f 728/627 736/621 737/609
f 737/609 729/579 728/627
f 731/657 738/656 732/651
f 739/650 732/651 738/656
f 732/651 739/650 740/644
f 740/644 733/645 732/651
f 733/645 740/644 741/641
f 741/641 734/633 733/645
f 734/633 741/641 742/642
f 742/642 743/646 734/633
f 734/633 743/646 744/632
f 744/632 735/626 734/633
f 739/650 738/656 745/655
f 745/655 746/649 739/650
f 740/644 739/650 746/649
f 746/649 747/648 740/644
f 740/644 747/648 748/638
f 748/638 741/641 740/644
f 741/641 748/638 749/639
f 749/639 742/642 741/641
f 750/643 742/642 749/639
f 742/642 750/643 751/647
f 751/647 743/646 742/642
f 744/632 743/646 751/647
f 751/647 752/631 744/632
f 753/625 744/632 752/631
f 735/626 744/632 753/625
f 753/625 736/621 735/626
f 754/635 749/639 748/638
f 755/640 749/639 754/635
f 749/639 755/640 750/643
f 748/638 756/634 754/635
f 757/628 754/635 756/634
f 758/636 754/635 757/628
f 754/635 758/636 755/640
f 756/634 759/623 757/628
f 760/624 757/628 759/623
f 757/628 760/624 761/629
f 761/629 762/637 757/628
f 757/628 762/637 758/636
f 759/623 763/620 760/624
f 753/625 760/624 763/620
f 760/624 753/625 764/630
f 764/630 761/629 760/624
f 763/620 759/623 765/614
f 765/614 766/617 763/620
f 736/621 763/620 766/617
f 763/620 736/621 753/625
f 766/617 765/614 767/615
f 767/615 768/618 766/617
f 737/609 766/617 768/618
f 766/617 737/609 736/621
f 769/611 767/615 765/614
f 770/616 767/615 769/611
f 767/615 770/616 771/619
f 771/619 768/618 767/615
f 768/618 771/619 772/622
f 772/622 773/608 768/618
f 768/618 773/608 737/609
f 774/603 737/609 773/608
f 774/603 729/579 737/609
f 765/614 775/610 769/611
f 776/604 769/611 775/610
f 777/612 769/611 776/604
f 769/611 777/612 770/616
f 775/610 778/600 776/604
f 779/601 776/604 778/600
f 776/604 779/601 780/605
f 780/605 781/613 776/604
f 776/604 781/613 777/612
f 778/600 782/598 779/601
f 783/602 779/601 782/598
f 779/601 783/602 784/606
f 784/606 780/605 779/601
f 782/598 778/600 785/591
f 785/591 786/596 782/598
f 787/599 782/598 786/596
f 782/598 787/599 783/602
f 783/602 787/599 774/603
f 774/603 788/607 783/602
f 784/606 783/602 788/607
f 788/607 789/700 784/606
f 772/622 789/700 788/607
f 788/607 773/608 772/622
f 790/594 786/596 785/591
f 791/578 786/596 790/594
f 786/596 791/578 787/599
f 729/579 787/599 791/578
f 774/603 787/599 729/579
f 785/591 792/592 790/594
f 793/595 790/594 792/592
f 790/594 793/595 794/597
f 794/597 795/586 790/594
f 790/594 795/586 791/578
f 796/577 791/578 795/586
f 791/578 796/577 797/570
f 791/578 797/570 729/579
f 729/579 797/570 730/580
f 798/588 792/592 785/591
f 799/593 792/592 798/588
f 792/592 799/593 793/595
f 785/591 800/587 798/588
f 801/581 798/588 800/587
f 802/589 798/588 801/581
f 798/588 802/589 799/593
f 800/587 803/574 801/581
f 804/575 801/581 803/574
f 801/581 804/575 805/582
f 805/582 806/590 801/581
f 801/581 806/590 802/589
f 803/574 807/568 804/575
f 808/576 804/575 807/568
f 804/575 808/576 809/583
f 809/583 805/582 804/575
f 807/568 803/574 810/563
f 810/563 811/564 807/568
f 812/569 807/568 811/564
f 807/568 812/569 808/576
f 808/576 812/569 796/577
f 796/577 813/585 808/576
f 808/576 813/585 814/584
f 814/584 809/583 808/576
f 815/559 811/564 810/563
f 811/564 815/559 816/565
f 811/564 816/565 812/569
f 812/569 816/565 817/566
f 817/566 797/570 812/569
f 812/569 797/570 796/577
f 810/563 818/558 815/559
f 819/553 815/559 818/558
f 815/559 819/553 820/554
f 820/554 821/560 815/559
f 816/565 815/559 821/560
f 821/560 817/566 816/565
f 817/566 821/560 822/567
f 822/567 823/571 817/566
f 797/570 817/566 823/571
f 823/571 730/580 797/570
f 818/558 824/552 819/553
f 825/547 819/553 824/552
f 819/553 825/547 826/548
f 826/548 820/554 819/553
f 820/554 826/548 827/549
f 827/549 828/555 820/554
f 821/560 820/554 828/555
f 828/555 829/561 821/560
f 821/560 829/561 822/567
f 824/552 830/546 825/547
f 831/540 825/547 830/546
f 825/547 831/540 832/541
f 832/541 826/548 825/547
f 827/549 826/548 832/541
f 832/541 833/542 827/549
f 834/550 827/549 833/542
f 827/549 834/550 835/556
f 835/556 828/555 827/549
f 828/555 835/556 836/562
f 836/562 829/561 828/555
f 830/546 837/539 831/540
f 838/533 831/540 837/539
f 831/540 838/533 839/534
f 839/534 832/541 831/540
f 833/542 832/541 839/534
f 839/534 840/535 833/542
f 833/542 840/535 841/536
f 841/536 842/543 833/542
f 833/542 842/543 834/550
f 837/539 843/532 838/533
f 844/526 838/533 843/532
f 839/534 838/533 844/526
f 844/526 845/528 839/534
f 840/535 839/534 845/528
f 845/528 846/529 840/535
f 841/536 840/535 846/529
f 846/529 847/537 841/536
f 848/545 841/536 847/537
f 841/536 848/545 849/544
f 849/544 842/543 841/536
f 843/532 850/523 844/526
f 738/525 844/526 850/523
f 844/526 738/525 731/527
f 731/527 845/528 844/526
f 846/529 845/528 731/527
f 731/527 721/530 846/529
f 846/529 721/530 720/531
f 720/531 847/537 846/529
f 847/537 720/531 710/538
f 710/538 851/701 847/537
f 847/537 851/701 848/545
f 850/523 745/524 738/525
f 773/608 788/607 774/603
f 752/631 764/630 753/625
f 851/701 710/538 700/702
f 700/702 852/703 851/701
f 848/545 851/701 852/703
f 852/703 853/704 848/545
f 849/544 848/545 853/704
f 853/704 854/705 849/544
f 855/551 849/544 854/705
f 842/543 849/544 855/551
f 856/706 852/703 700/702
f 852/703 856/706 857/707
f 857/707 853/704 852/703
f 853/704 857/707 858/708
f 858/708 854/705 853/704
f 854/705 858/708 859/709
f 859/709 860/710 854/705
f 854/705 860/710 855/551
f 700/702 699/711 856/706
f 856/706 699/711 698/712
f 698/712 861/713 856/706
f 862/714 856/706 861/713
f 857/707 856/706 862/714
f 862/714 863/715 857/707
f 857/707 863/715 864/716
f 864/716 865/717 857/707
f 858/708 857/707 865/717
f 866/706 861/713 698/712
f 861/713 866/706 867/714
f 867/714 868/718 861/713
f 861/713 868/718 862/714
f 863/715 862/714 868/718
f 868/718 869/719 863/715
f 863/715 869/719 870/720
f 870/720 864/716 863/715
f 698/712 692/711 866/706
f 866/706 692/711 680/702
f 680/702 871/703 866/706
f 872/707 866/706 871/703
f 867/714 866/706 872/707
f 872/707 873/715 867/714
f 868/718 867/714 873/715
f 873/715 869/719 868/718
f 870/720 869/719 873/715
f 873/715 874/716 870/720
f 875/721 870/720 874/716
f 864/716 870/720 875/721
f 876/701 871/703 680/702
f 871/703 876/701 565/545
f 565/545 877/704 871/703
f 871/703 877/704 872/707
f 878/708 872/707 877/704
f 879/717 872/707 878/708
f 872/707 879/717 874/716
f 874/716 873/715 872/707
f 680/702 558/538 876/701
f 557/537 876/701 558/538
f 565/545 876/701 557/537
f 877/704 565/545 564/544
f 564/544 880/705 877/704
f 877/704 880/705 878/708
f 881/709 878/708 880/705
f 878/708 881/709 882/722
f 882/722 883/723 878/708
f 878/708 883/723 879/717
f 880/705 564/544 571/551
f 571/551 884/710 880/705
f 880/705 884/710 881/709
f 885/724 881/709 884/710
f 882/722 881/709 885/724
f 882/722 885/724 886/725
f 886/725 887/726 882/722
f 883/723 882/722 887/726
f 887/726 888/727 883/723
f 879/717 883/723 888/727
f 884/710 571/551 577/557
f 577/557 889/728 884/710
f 884/710 889/728 885/724
f 885/724 889/728 890/729
f 890/729 891/730 885/724
f 885/724 891/730 892/731
f 892/731 893/732 885/724
f 885/724 893/732 894/733
f 894/733 886/725 885/724
f 889/728 577/557 895/734
f 895/734 890/729 889/728
f 890/729 895/734 896/735
f 896/735 897/736 890/729
f 891/730 890/729 897/736
f 897/736 898/737 891/730
f 891/730 898/737 899/738
f 899/738 892/731 891/730
f 582/562 895/734 577/557
f 895/734 582/562 900/739
f 900/739 896/735 895/734
f 901/740 896/735 900/739
f 897/736 896/735 901/740
f 901/740 902/741 897/736
f 898/737 897/736 902/741
f 902/741 903/742 898/737
f 898/737 903/742 904/743
f 904/743 899/738 898/737
f 900/739 582/562 581/561
f 581/561 905/744 900/739
f 900/739 905/744 906/745
f 906/745 907/746 900/739
f 900/739 907/746 901/740
f 901/740 907/746 908/747
f 908/747 909/748 901/740
f 902/741 901/740 909/748
f 909/748 910/749 902/741
f 903/742 902/741 910/749
f 593/573 905/744 581/561
f 905/744 593/573 911/750
f 911/750 906/745 905/744
f 906/745 911/750 912/751
f 912/751 913/752 906/745
f 907/746 906/745 913/752
f 913/752 908/747 907/746
f 911/750 593/573 914/753
f 914/753 915/754 911/750
f 911/750 915/754 916/755
f 916/755 912/751 911/750
f 592/572 914/753 593/573
f 914/753 592/572 679/682
f 679/682 917/756 914/753
f 914/753 917/756 918/757
f 918/757 915/754 914/753
f 915/754 918/757 919/758
f 919/758 916/755 915/754
f 920/759 917/756 679/682
f 917/756 920/759 921/760
f 921/760 918/757 917/756
f 918/757 921/760 922/761
f 922/761 919/758 918/757
f 679/682 923/762 920/759
f 920/759 923/762 924/763
f 924/763 925/764 920/759
f 920/759 925/764 926/765
f 926/765 921/760 920/759
f 921/760 926/765 927/766
f 927/766 922/761 921/760
f 678/681 923/762 679/682
f 923/762 678/681 686/689
f 686/689 924/763 923/762
f 928/767 924/763 686/689
f 924/763 928/767 929/768
f 929/768 925/764 924/763
f 926/765 925/764 929/768
f 929/768 930/769 926/765
f 926/765 930/769 931/770
f 931/770 927/766 926/765
f 686/689 932/771 928/767
f 933/772 928/767 932/771
f 928/767 933/772 934/773
f 934/773 929/768 928/767
f 929/768 934/773 935/774
f 935/774 930/769 929/768
f 931/770 930/769 935/774
f 935/774 936/775 931/770
f 937/776 936/775 935/774
f 685/688 932/771 686/689
f 938/777 932/771 685/688
f 932/771 938/777 933/772
f 939/778 933/772 938/777
f 933/772 939/778 940/779
f 940/779 934/773 933/772
f 934/773 940/779 941/780
f 941/780 935/774 934/773
f 935/774 941/780 937/776
f 942/781 937/776 941/780
f 941/780 943/782 942/781
f 944/783 942/781 943/782
f 945/784 938/777 685/688
f 946/785 938/777 945/784
f 946/785 939/778 938/777
f 947/786 939/778 946/785
f 948/787 939/778 947/786
f 939/778 948/787 949/788
f 949/788 940/779 939/778
f 941/780 940/779 949/788
f 949/788 943/782 941/780
f 950/789 943/782 949/788
f 943/782 950/789 944/783
f 951/790 944/783 950/789
f 685/688 684/687 945/784
f 684/687 952/791 945/784
f 953/792 945/784 952/791
f 945/784 953/792 946/785
f 954/793 946/785 953/792
f 946/785 954/793 955/794
f 955/794 947/786 946/785
f 956/795 947/786 955/794
f 947/786 956/795 948/787
f 952/791 684/687 683/686
f 683/686 957/796 952/791
f 952/791 957/796 958/797
f 958/797 959/798 952/791
f 952/791 959/798 953/792
f 953/792 959/798 960/799
f 960/799 961/800 953/792
f 953/792 961/800 954/793
f 962/801 954/793 961/800
f 955/794 954/793 962/801
f 963/802 957/796 683/686
f 957/796 963/802 964/803
f 964/803 965/804 957/796
f 957/796 965/804 958/797
f 966/805 958/797 965/804
f 967/806 958/797 966/805
f 959/798 958/797 967/806
f 967/806 960/799 959/798
f 968/807 960/799 967/806
f 961/800 960/799 968/807
f 683/686 691/694 963/802
f 705/699 963/802 691/694
f 964/803 963/802 705/699
f 705/699 969/808 964/803
f 970/809 964/803 969/808
f 964/803 970/809 971/810
f 971/810 965/804 964/803
f 965/804 971/810 966/805
f 972/811 966/805 971/810
f 973/812 966/805 972/811
f 966/805 973/812 967/806
f 974/813 967/806 973/812
f 967/806 974/813 968/807
f 975/803 969/808 705/699
f 969/808 975/803 976/809
f 976/809 977/814 969/808
f 969/808 977/814 970/809
f 978/815 970/809 977/814
f 970/809 978/815 979/816
f 979/816 971/810 970/809
f 971/810 979/816 972/811
f 705/699 980/802 975/803
f 975/803 980/802 981/796
f 981/796 982/804 975/803
f 975/803 982/804 983/810
f 983/810 976/809 975/803
f 976/809 983/810 984/816
f 984/816 985/815 976/809
f 977/814 976/809 985/815
f 704/694 980/802 705/699
f 980/802 704/694 703/686
f 703/686 981/796 980/802
f 986/791 981/796 703/686
f 987/797 981/796 986/791
f 981/796 987/797 982/804
f 982/804 987/797 988/805
f 988/805 983/810 982/804
f 983/810 988/805 989/811
f 989/811 984/816 983/810
f 703/686 990/687 986/791
f 990/687 991/784 986/791
f 986/791 991/784 992/792
f 992/792 993/798 986/791
f 986/791 993/798 987/797
f 994/806 987/797 993/798
f 988/805 987/797 994/806
f 994/806 995/812 988/805
f 989/811 988/805 995/812
f 995/812 996/817 989/811
f 990/687 703/686 709/679
f 709/679 997/688 990/687
f 991/784 990/687 997/688
f 997/688 998/777 991/784
f 999/785 991/784 998/777
f 991/784 999/785 992/792
f 992/792 999/785 1000/793
f 1000/793 1001/800 992/792
f 992/792 1001/800 1002/799
f 1002/799 993/798 992/792
f 993/798 1002/799 994/806
f 709/679 1003/680 997/688
f 997/688 1003/680 1004/689
f 1004/689 1005/771 997/688
f 998/777 997/688 1005/771
f 1006/772 998/777 1005/771
f 1007/778 998/777 1006/772
f 999/785 998/777 1007/778
f 714/674 1003/680 709/679
f 1003/680 714/674 1008/681
f 1008/681 1004/689 1003/680
f 1004/689 1008/681 1009/762
f 1009/762 1010/763 1004/689
f 1004/689 1010/763 1011/767
f 1011/767 1005/771 1004/689
f 1005/771 1011/767 1006/772
f 1012/773 1006/772 1011/767
f 1006/772 1012/773 1013/779
f 1013/779 1007/778 1006/772
f 1008/681 714/674 719/675
f 719/675 1014/676 1008/681
f 1008/681 1014/676 1015/682
f 1015/682 1009/762 1008/681
f 1016/759 1009/762 1015/682
f 1010/763 1009/762 1016/759
f 1016/759 1017/764 1010/763
f 1010/763 1017/764 1018/768
f 1018/768 1011/767 1010/763
f 1011/767 1018/768 1012/773
f 1014/676 719/675 718/667
f 718/667 1019/668 1014/676
f 1014/676 1019/668 1020/572
f 1020/572 1015/682 1014/676
f 1015/682 1020/572 1021/753
f 1021/753 1022/756 1015/682
f 1015/682 1022/756 1016/759
f 1023/760 1016/759 1022/756
f 1016/759 1023/760 1024/765
f 1024/765 1017/764 1016/759
f 1018/768 1017/764 1024/765
f 730/580 1019/668 718/667
f 1020/572 1019/668 730/580
f 730/580 823/571 1020/572
f 1020/572 823/571 822/567
f 1020/572 822/567 1025/573
f 1025/573 1021/753 1020/572
f 1021/753 1025/573 1026/750
f 1026/750 1027/754 1021/753
f 1021/753 1027/754 1028/757
f 1028/757 1022/756 1021/753
f 1022/756 1028/757 1023/760
f 1029/761 1023/760 1028/757
f 1023/760 1029/761 1030/766
f 1030/766 1024/765 1023/760
f 1025/573 822/567 829/561
f 829/561 1031/744 1025/573
f 1026/750 1025/573 1031/744
f 1031/744 1032/745 1026/750
f 1033/751 1026/750 1032/745
f 1026/750 1033/751 1034/755
f 1034/755 1027/754 1026/750
f 1027/754 1034/755 1035/758
f 1035/758 1028/757 1027/754
f 1028/757 1035/758 1029/761
f 1036/739 1031/744 829/561
f 1032/745 1031/744 1036/739
f 1036/739 1037/746 1032/745
f 1038/752 1032/745 1037/746
f 1032/745 1038/752 1033/751
f 829/561 836/562 1036/739
f 1036/739 836/562 1039/734
f 1039/734 1040/735 1036/739
f 1036/739 1040/735 1041/740
f 1041/740 1037/746 1036/739
f 1042/747 1037/746 1041/740
f 1037/746 1042/747 1038/752
f 1043/557 1039/734 836/562
f 1039/734 1043/557 1044/728
f 1044/728 1045/729 1039/734
f 1040/735 1039/734 1045/729
f 1045/729 1046/736 1040/735
f 1041/740 1040/735 1046/736
f 1046/736 1047/741 1041/740
f 1048/748 1041/740 1047/741
f 1041/740 1048/748 1042/747
f 836/562 835/556 1043/557
f 1043/557 835/556 834/550
f 834/550 855/551 1043/557
f 1043/557 855/551 860/710
f 860/710 1044/728 1043/557
f 1049/724 1044/728 860/710
f 1045/729 1044/728 1049/724
f 1049/724 1050/730 1045/729
f 1046/736 1045/729 1050/730
f 1050/730 1051/737 1046/736
f 1047/741 1046/736 1051/737
f 855/551 834/550 842/543
f 860/710 859/709 1049/724
f 1052/722 1049/724 859/709
f 1053/725 1049/724 1052/722
f 1049/724 1053/725 1054/733
f 1054/733 1055/732 1049/724
f 1049/724 1055/732 1056/731
f 1056/731 1050/730 1049/724
f 1050/730 1056/731 1057/738
f 1057/738 1051/737 1050/730
f 1052/722 859/709 858/708
f 858/708 1058/723 1052/722
f 1059/726 1052/722 1058/723
f 1052/722 1059/726 1053/725
f 1053/725 1059/726 1060/818
f 1061/819 1053/725 1060/818
f 1054/733 1053/725 1061/819
f 865/717 1058/723 858/708
f 1062/727 1058/723 865/717
f 1058/723 1062/727 1059/726
f 1060/818 1059/726 1062/727
f 1062/727 1063/820 1060/818
f 1064/821 1060/818 1063/820
f 1060/818 1064/821 1061/819
f 1065/822 1061/819 1064/821
f 1066/823 1061/819 1065/822
f 1061/819 1066/823 1054/733
f 865/717 1067/824 1062/727
f 1068/825 1062/727 1067/824
f 1062/727 1068/825 1063/820
f 1069/826 1063/820 1068/825
f 1063/820 1069/826 1064/821
f 1070/827 1064/821 1069/826
f 1064/821 1070/827 1065/822
f 1071/828 1067/824 865/717
f 1068/825 1067/824 1071/828
f 1071/828 1072/829 1068/825
f 1073/830 1068/825 1072/829
f 1068/825 1073/830 1069/826
f 1074/831 1069/826 1073/830
f 1069/826 1074/831 1070/827
f 1074/831 1075/832 1070/827
f 1070/827 1075/832 1076/833
f 1076/833 1065/822 1070/827
f 865/717 864/716 1071/828
f 875/721 1071/828 864/716
f 1071/828 875/721 1077/834
f 1077/834 1072/829 1071/828
f 1078/835 1072/829 1077/834
f 1072/829 1078/835 1073/830
f 1079/836 1073/830 1078/835
f 1073/830 1079/836 1074/831
f 1075/832 1074/831 1079/836
f 1079/836 1080/837 1075/832
f 1075/832 1080/837 1081/838
f 1081/838 1082/839 1075/832
f 1076/833 1075/832 1082/839
f 1077/834 875/721 1083/828
f 1083/828 1084/829 1077/834
f 1077/834 1084/829 1085/835
f 1085/835 1086/840 1077/834
f 1077/834 1086/840 1078/835
f 1087/841 1078/835 1086/840
f 1078/835 1087/841 1079/836
f 1080/837 1079/836 1087/841
f 874/716 1083/828 875/721
f 1083/828 874/716 879/717
f 879/717 1088/824 1083/828
f 1083/828 1088/824 1089/825
f 1089/825 1084/829 1083/828
f 1084/829 1089/825 1090/830
f 1090/830 1085/835 1084/829
f 1085/835 1090/830 1091/836
f 1091/836 1092/841 1085/835
f 1086/840 1085/835 1092/841
f 1092/841 1093/842 1086/840
f 1086/840 1093/842 1087/841
f 888/727 1088/824 879/717
f 1089/825 1088/824 888/727
f 888/727 1094/820 1089/825
f 1089/825 1094/820 1095/826
f 1095/826 1090/830 1089/825
f 1090/830 1095/826 1096/831
f 1096/831 1091/836 1090/830
f 1091/836 1096/831 1097/832
f 1097/832 1098/837 1091/836
f 1092/841 1091/836 1098/837
f 1098/837 1099/843 1092/841
f 1093/842 1092/841 1099/843
f 1100/818 1094/820 888/727
f 1094/820 1100/818 1101/821
f 1101/821 1095/826 1094/820
f 1095/826 1101/821 1102/827
f 1102/827 1096/831 1095/826
f 1096/831 1102/827 1097/832
f 1103/833 1097/832 1102/827
f 1103/833 1104/839 1097/832
f 1097/832 1104/839 1105/838
f 1105/838 1098/837 1097/832
f 888/727 887/726 1100/818
f 886/725 1100/818 887/726
f 1100/818 886/725 1106/819
f 1106/819 1101/821 1100/818
f 1101/821 1106/819 1107/822
f 1107/822 1102/827 1101/821
f 1102/827 1107/822 1103/833
f 1108/844 1103/833 1107/822
f 1103/833 1108/844 1109/845
f 1109/845 1104/839 1103/833
f 1104/839 1109/845 1110/846
f 1110/846 1105/838 1104/839
f 1106/819 886/725 894/733
f 894/733 1111/823 1106/819
f 1107/822 1106/819 1111/823
f 1111/823 1112/847 1107/822
f 1107/822 1112/847 1108/844
f 1113/848 1108/844 1112/847
f 1109/845 1108/844 1113/848
f 1113/848 1114/849 1109/845
f 1110/846 1109/845 1114/849
f 1115/850 1111/823 894/733
f 1111/823 1115/850 1116/851
f 1116/851 1112/847 1111/823
f 1112/847 1116/851 1113/848
f 1117/852 1113/848 1116/851
f 1114/849 1113/848 1117/852
f 1117/852 1118/853 1114/849
f 1114/849 1118/853 1119/854
f 1119/854 1120/855 1114/849
f 1114/849 1120/855 1110/846
f 894/733 1121/856 1115/850
f 1115/850 1121/856 1122/857
f 1122/857 1123/858 1115/850
f 1115/850 1123/858 1124/859
f 1124/859 1116/851 1115/850
f 1116/851 1124/859 1117/852
f 1117/852 1124/859 1125/860
f 1125/860 1118/853 1117/852
f 1118/853 1125/860 1126/861
f 1126/861 1119/854 1118/853
f 1121/856 894/733 893/732
f 893/732 1127/862 1121/856
f 1121/856 1127/862 1128/863
f 1128/863 1122/857 1121/856
f 1122/857 1128/863 1129/864
f 1129/864 1130/865 1122/857
f 1123/858 1122/857 1130/865
f 1130/865 1131/866 1123/858
f 1124/859 1123/858 1131/866
f 1127/862 893/732 892/731
f 1127/862 892/731 1132/867
f 1132/867 1133/868 1127/862
f 1127/862 1133/868 1134/869
f 1134/869 1128/863 1127/862
f 1128/863 1134/869 1135/870
f 1135/870 1129/864 1128/863
f 1129/864 1135/870 1136/871
f 1136/871 323/872 1129/864
f 1130/865 1129/864 323/872
f 1132/867 892/731 899/738
f 899/738 1137/873 1132/867
f 948/787 1132/867 1137/873
f 1132/867 948/787 956/795
f 1132/867 956/795 1133/868
f 1134/869 1133/868 956/795
f 956/795 1138/874 1134/869
f 1134/869 1138/874 1139/875
f 1139/875 1135/870 1134/869
f 1135/870 1139/875 1140/876
f 1140/876 1136/871 1135/870
f 1137/873 899/738 904/743
f 904/743 950/789 1137/873
f 949/788 1137/873 950/789
f 1137/873 949/788 948/787
f 950/789 904/743 951/790
f 951/790 904/743 903/742
f 903/742 1141/877 951/790
f 910/749 1141/877 903/742
f 955/794 1138/874 956/795
f 1138/874 955/794 1142/878
f 1142/878 1139/875 1138/874
f 1140/876 1139/875 1142/878
f 1142/878 1143/879 1140/876
f 1140/876 1143/879 279/880
f 279/880 341/881 1140/876
f 1140/876 341/881 335/882
f 335/882 1136/871 1140/876
f 962/801 1142/878 955/794
f 1143/879 1142/878 962/801
f 962/801 1144/883 1143/879
f 1143/879 1144/883 1145/884
f 1145/884 1146/885 1143/879
f 1143/879 1146/885 280/886
f 280/886 279/880 1143/879
f 1144/883 962/801 1147/887
f 33/888 1144/883 1147/887
f 1144/883 33/888 1148/889
f 1148/889 1149/890 1144/883
f 1149/890 1145/884 1144/883
f 961/800 1147/887 962/801
f 968/807 1147/887 961/800
f 33/888 1147/887 968/807
f 1150/891 33/888 968/807
f 1150/891 968/807 974/813
f 1151/892 1150/891 974/813
f 1152/893 1151/892 974/813
f 1152/893 974/813 1153/894
f 1152/893 1153/894 1154/895
f 1154/895 1153/894 1155/896
f 1156/897 1154/895 1155/896
f 1157/898 1156/897 1155/896
f 1158/899 1153/894 974/813
f 1153/894 1158/899 1159/900
f 1159/900 1155/896 1153/894
f 1155/896 1159/900 1160/901
f 1160/901 1161/902 1155/896
f 1157/898 1155/896 1161/902
f 1157/898 1161/902 1162/896
f 1157/898 1162/896 1163/897
f 1164/895 1163/897 1162/896
f 974/813 1165/903 1158/899
f 1158/899 1165/903 1166/904
f 1166/904 1167/905 1158/899
f 1159/900 1158/899 1167/905
f 1167/905 1168/906 1159/900
f 1159/900 1168/906 1169/907
f 1169/907 1160/901 1159/900
f 973/812 1165/903 974/813
f 1165/903 973/812 1170/817
f 1170/817 1166/904 1165/903
f 972/811 1170/817 973/812
f 335/882 323/872 1136/871
f 1162/896 1161/902 1160/901
f 1160/901 1171/900 1162/896
f 1172/894 1162/896 1171/900
f 1162/896 1172/894 1164/895
f 1173/893 1164/895 1172/894
f 1173/893 1172/894 1174/813
f 1173/893 1174/813 1175/892
f 1175/892 1174/813 1176/891
f 1171/900 1160/901 1169/907
f 1169/907 1177/906 1171/900
f 1171/900 1177/906 1178/905
f 1178/905 1179/899 1171/900
f 1171/900 1179/899 1172/894
f 1174/813 1172/894 1179/899
f 1179/899 1180/903 1174/813
f 1174/813 1180/903 995/812
f 995/812 994/806 1174/813
f 1181/807 1174/813 994/806
f 1176/891 1174/813 1181/807
f 1176/891 1181/807 37/888
f 1179/899 1178/905 1182/904
f 1182/904 1180/903 1179/899
f 1180/903 1182/904 996/817
f 996/817 995/812 1180/903
f 994/806 1002/799 1181/807
f 1181/807 1002/799 1001/800
f 1001/800 1183/887 1181/807
f 1181/807 1183/887 37/888
f 37/888 1183/887 1184/883
f 1185/889 37/888 1184/883
f 37/888 1185/889 1186/908
f 1186/908 1185/889 1187/909
f 1186/908 1187/909 1188/910
f 1188/910 1189/911 1186/908
f 1190/801 1183/887 1001/800
f 1184/883 1183/887 1190/801
f 1191/879 1184/883 1190/801
f 1192/884 1184/883 1191/879
f 1193/890 1184/883 1192/884
f 1184/883 1193/890 1185/889
f 1194/912 1185/889 1193/890
f 1185/889 1194/912 1195/913
f 1195/913 1187/909 1185/889
f 1195/913 1188/910 1187/909
f 1001/800 1000/793 1190/801
f 1190/801 1000/793 1196/794
f 1196/794 1197/878 1190/801
f 1190/801 1197/878 1191/879
f 1198/876 1191/879 1197/878
f 1199/880 1191/879 1198/876
f 1200/885 1191/879 1199/880
f 1191/879 1200/885 1192/884
f 1196/794 1000/793 999/785
f 999/785 1201/786 1196/794
f 1196/794 1201/786 1202/795
f 1202/795 1203/874 1196/794
f 1197/878 1196/794 1203/874
f 1203/874 1204/875 1197/878
f 1197/878 1204/875 1198/876
f 1201/786 999/785 1007/778
f 1201/786 1007/778 1205/787
f 1205/787 1202/795 1201/786
f 1206/867 1202/795 1205/787
f 1206/867 1207/868 1202/795
f 1202/795 1207/868 1208/869
f 1208/869 1203/874 1202/795
f 1204/875 1203/874 1208/869
f 1208/869 1209/870 1204/875
f 1198/876 1204/875 1209/870
f 1210/788 1205/787 1007/778
f 1205/787 1210/788 1211/873
f 1211/873 1206/867 1205/787
f 1206/867 1211/873 1057/738
f 1057/738 1056/731 1206/867
f 1206/867 1056/731 1212/862
f 1212/862 1207/868 1206/867
f 1208/869 1207/868 1212/862
f 1212/862 1213/863 1208/869
f 1209/870 1208/869 1213/863
f 1007/778 1013/779 1210/788
f 1210/788 1013/779 1214/780
f 1214/780 1215/782 1210/788
f 1210/788 1215/782 1216/789
f 1216/789 1211/873 1210/788
f 1211/873 1216/789 1217/743
f 1217/743 1057/738 1211/873
f 1051/737 1057/738 1217/743
f 1217/743 1218/742 1051/737
f 1051/737 1218/742 1047/741
f 1214/780 1013/779 1012/773
f 1012/773 1219/774 1214/780
f 1220/776 1214/780 1219/774
f 1214/780 1220/776 1221/781
f 1221/781 1215/782 1214/780
f 1215/782 1221/781 1222/783
f 1222/783 1216/789 1215/782
f 1216/789 1222/783 1223/790
f 1223/790 1217/743 1216/789
f 1218/742 1217/743 1223/790
f 1219/774 1012/773 1018/768
f 1018/768 1224/769 1219/774
f 1219/774 1224/769 1225/770
f 1225/770 1226/775 1219/774
f 1219/774 1226/775 1220/776
f 1024/765 1224/769 1018/768
f 1225/770 1224/769 1024/765
f 1024/765 1030/766 1225/770
f 1223/790 1227/877 1218/742
f 1218/742 1227/877 1228/749
f 1228/749 1047/741 1218/742
f 1047/741 1228/749 1048/748
f 1212/862 1056/731 1055/732
f 1229/856 1212/862 1055/732
f 1213/863 1212/862 1229/856
f 1229/856 1230/857 1213/863
f 1231/864 1213/863 1230/857
f 1213/863 1231/864 1209/870
f 1232/871 1209/870 1231/864
f 1209/870 1232/871 1198/876
f 1055/732 1054/733 1229/856
f 1233/850 1229/856 1054/733
f 1230/857 1229/856 1233/850
f 1233/850 1234/858 1230/857
f 1235/865 1230/857 1234/858
f 1230/857 1235/865 1231/864
f 1236/872 1231/864 1235/865
f 1231/864 1236/872 1232/871
f 1237/882 1232/871 1236/872
f 1198/876 1232/871 1237/882
f 1237/882 1238/881 1198/876
f 1198/876 1238/881 1199/880
f 1054/733 1066/823 1233/850
f 1239/851 1233/850 1066/823
f 1233/850 1239/851 1240/859
f 1240/859 1234/858 1233/850
f 1240/859 1241/866 1234/858
f 1234/858 1241/866 1235/865
f 1242/914 1235/865 1241/866
f 1235/865 1242/914 1236/872
f 1243/915 1236/872 1242/914
f 1242/914 1244/916 1243/915
f 1245/917 1243/915 1244/916
f 1066/823 1246/847 1239/851
f 1247/848 1239/851 1246/847
f 1239/851 1247/848 1248/852
f 1248/852 1240/859 1239/851
f 1065/822 1246/847 1066/823
f 1249/844 1246/847 1065/822
f 1246/847 1249/844 1247/848
f 1247/848 1249/844 1250/845
f 1250/845 1251/849 1247/848
f 1248/852 1247/848 1251/849
f 1251/849 1252/853 1248/852
f 1248/852 1252/853 1253/860
f 1253/860 1240/859 1248/852
f 1065/822 1076/833 1249/844
f 1250/845 1249/844 1076/833
f 1076/833 1082/839 1250/845
f 1254/846 1250/845 1082/839
f 1251/849 1250/845 1254/846
f 1254/846 1255/855 1251/849
f 1251/849 1255/855 1256/854
f 1256/854 1252/853 1251/849
f 1252/853 1256/854 1257/861
f 1257/861 1253/860 1252/853
f 1253/860 1257/861 1258/918
f 1258/918 1259/919 1253/860
f 1240/859 1253/860 1259/919
f 1082/839 1081/838 1254/846
f 1260/920 1254/846 1081/838
f 1254/846 1260/920 1261/921
f 1261/921 1255/855 1254/846
f 1255/855 1261/921 1262/922
f 1262/922 1256/854 1255/855
f 1257/861 1256/854 1262/922
f 1262/922 1263/923 1257/861
f 1258/918 1257/861 1263/923
f 1081/838 1264/924 1260/920
f 1265/925 1260/920 1264/924
f 1260/920 1265/925 1266/926
f 1266/926 1261/921 1260/920
f 1261/921 1266/926 1267/927
f 1267/927 1262/922 1261/921
f 1262/922 1267/927 1268/928
f 1268/928 1263/923 1262/922
f 1269/929 1263/923 1268/928
f 1263/923 1269/929 1258/918
f 1264/924 1081/838 1080/837
f 1080/837 1270/843 1264/924
f 1271/930 1264/924 1270/843
f 1264/924 1271/930 1265/925
f 1265/925 1271/930 1272/924
f 1272/924 1273/920 1265/925
f 1266/926 1265/925 1273/920
f 1273/920 1274/921 1266/926
f 1267/927 1266/926 1274/921
f 1274/921 1275/922 1267/927
f 1268/928 1267/927 1275/922
f 1087/841 1270/843 1080/837
f 1270/843 1087/841 1093/842
f 1093/842 1276/931 1270/843
f 1270/843 1276/931 1271/930
f 1271/930 1276/931 1099/843
f 1099/843 1272/924 1271/930
f 1272/924 1099/843 1098/837
f 1098/837 1105/838 1272/924
f 1273/920 1272/924 1105/838
f 1105/838 1110/846 1273/920
f 1274/921 1273/920 1110/846
f 1110/846 1120/855 1274/921
f 1275/922 1274/921 1120/855
f 1099/843 1276/931 1093/842
f 1120/855 1119/854 1275/922
f 1275/922 1119/854 1126/861
f 1126/861 1277/923 1275/922
f 1275/922 1277/923 1268/928
f 1268/928 1277/923 1278/929
f 1278/929 1279/932 1268/928
f 1268/928 1279/932 1269/929
f 1277/923 1126/861 1280/918
f 1280/918 1278/929 1277/923
f 1278/929 1280/918 1281/933
f 1281/933 1282/934 1278/929
f 1279/932 1278/929 1282/934
f 1282/934 1283/935 1279/932
f 1279/932 1283/935 1284/934
f 1284/934 1269/929 1279/932
f 1269/929 1284/934 1285/933
f 1285/933 1258/918 1269/929
f 1280/918 1126/861 1125/860
f 1125/860 1286/919 1280/918
f 1280/918 1286/919 1287/936
f 1287/936 1281/933 1280/918
f 1281/933 1287/936 1288/937
f 1288/937 1289/938 1281/933
f 1282/934 1281/933 1289/938
f 1289/938 1290/939 1282/934
f 1282/934 1290/939 1291/940
f 1291/940 1283/935 1282/934
f 1286/919 1125/860 1124/859
f 1124/859 1292/941 1286/919
f 1286/919 1292/941 1293/942
f 1293/942 1287/936 1286/919
f 1288/937 1287/936 1293/942
f 1293/942 1294/943 1288/937
f 1288/937 1294/943 1295/944
f 1295/944 1296/945 1288/937
f 1289/938 1288/937 1296/945
f 1296/945 1297/946 1289/938
f 1290/939 1289/938 1297/946
f 1298/947 1292/941 1124/859
f 1292/941 1298/947 1299/948
f 1299/948 1293/942 1292/941
f 1293/942 1299/948 1294/943
f 1294/943 1299/948 1300/949
f 1300/949 1295/944 1294/943
f 1301/950 1295/944 1300/949
f 1295/944 1301/950 1302/951
f 1302/951 1296/945 1295/944
f 1297/946 1296/945 1302/951
f 1124/859 1131/866 1298/947
f 1298/947 1131/866 1303/952
f 1303/952 1304/953 1298/947
f 1299/948 1298/947 1304/953
f 1304/953 1300/949 1299/948
f 1305/954 1300/949 1304/953
f 1300/949 1305/954 1301/950
f 1301/950 1305/954 1306/955
f 1306/955 1307/956 1301/950
f 1302/951 1301/950 1307/956
f 1308/914 1303/952 1131/866
f 1303/952 1308/914 1309/957
f 1309/957 1310/958 1303/952
f 1303/952 1310/958 1311/959
f 1311/959 1304/953 1303/952
f 1304/953 1311/959 1305/954
f 1305/954 1311/959 1312/960
f 1312/960 1306/955 1305/954
f 1131/866 1130/865 1308/914
f 323/872 1308/914 1130/865
f 1308/914 323/872 316/915
f 316/915 1313/916 1308/914
f 1313/916 1309/957 1308/914
f 1314/961 1309/957 1313/916
f 1309/957 1314/961 1315/962
f 1315/962 1310/958 1309/957
f 1311/959 1310/958 1315/962
f 1315/962 1312/960 1311/959
f 1312/960 1315/962 1316/963
f 1316/963 1317/964 1312/960
f 1318/965 1312/960 1317/964
f 1306/955 1312/960 1318/965
f 1313/916 316/915 315/917
f 315/917 1319/966 1313/916
f 1313/916 1319/966 1320/967
f 1320/967 1321/968 1313/916
f 1313/916 1321/968 1314/961
f 1314/961 1321/968 1322/969
f 1322/969 1315/962 1314/961
f 1322/969 1316/963 1315/962
f 315/917 308/970 1319/966
f 1319/966 308/970 301/971
f 301/971 1323/972 1319/966
f 1320/967 1319/966 1323/972
f 1323/972 1324/973 1320/967
f 1321/968 1320/967 1324/973
f 1324/973 1322/969 1321/968
f 1324/973 1316/963 1322/969
f 1316/963 1324/973 1323/972
f 1323/972 1325/974 1316/963
f 1326/975 1316/963 1325/974
f 1317/964 1316/963 1326/975
f 1323/972 301/971 1327/976
f 1327/976 1325/974 1323/972
f 1328/977 1325/974 1327/976
f 1325/974 1328/977 1326/975
f 1329/978 1326/975 1328/977
f 1330/979 1326/975 1329/978
f 1326/975 1330/979 1317/964
f 1331/980 1317/964 1330/979
f 1317/964 1331/980 1318/965
f 1332/981 1327/976 301/971
f 1327/976 1332/981 1333/982
f 1333/982 1334/983 1327/976
f 1327/976 1334/983 1328/977
f 1335/984 1328/977 1334/983
f 1328/977 1335/984 1329/978
f 301/971 294/985 1332/981
f 1334/983 1336/986 1335/984
f 1337/987 1336/986 1334/983
f 1334/983 1333/982 1337/987
f 1329/978 1338/988 1330/979
f 1339/989 1330/979 1338/988
f 1330/979 1339/989 1331/980
f 1340/990 1331/980 1339/989
f 1331/980 1340/990 1341/991
f 1341/991 1318/965 1331/980
f 1338/988 1342/992 1339/989
f 1343/993 1339/989 1342/992
f 1339/989 1343/993 1340/990
f 1344/994 1340/990 1343/993
f 1340/990 1344/994 1345/995
f 1345/995 1341/991 1340/990
f 1341/991 1345/995 1346/996
f 1346/996 1347/997 1341/991
f 1318/965 1341/991 1347/997
f 1347/997 1348/998 1318/965
f 1318/965 1348/998 1306/955
f 1342/992 1349/999 1343/993
f 1350/1000 1343/993 1349/999
f 1343/993 1350/1000 1344/994
f 1351/1001 1344/994 1350/1000
f 1345/995 1344/994 1351/1001
f 1351/1001 1352/1002 1345/995
f 1345/995 1352/1002 1353/1003
f 1353/1003 1354/1004 1345/995
f 1345/995 1354/1004 1355/1005
f 1355/1005 1346/996 1345/995
f 1349/999 1356/1006 1350/1000
f 1357/1007 1350/1000 1356/1006
f 1350/1000 1357/1007 1351/1001
f 1356/1006 1358/1008 1357/1007
f 1284/934 1283/935 1291/940
f 1291/940 1359/939 1284/934
f 1284/934 1359/939 1360/938
f 1360/938 1285/933 1284/934
f 1285/933 1360/938 1361/937
f 1361/937 1362/936 1285/933
f 1258/918 1285/933 1362/936
f 1362/936 1259/919 1258/918
f 1363/1009 1359/939 1291/940
f 1359/939 1363/1009 1364/946
f 1364/946 1360/938 1359/939
f 1360/938 1364/946 1365/945
f 1365/945 1361/937 1360/938
f 1361/937 1365/945 1366/944
f 1366/944 1367/943 1361/937
f 1361/937 1367/943 1368/942
f 1368/942 1362/936 1361/937
f 1259/919 1362/936 1368/942
f 1291/940 1369/1010 1363/1009
f 1370/1011 1363/1009 1369/1010
f 1363/1009 1370/1011 1371/1012
f 1371/1012 1364/946 1363/1009
f 1364/946 1371/1012 1372/951
f 1372/951 1365/945 1364/946
f 1366/944 1365/945 1372/951
f 1372/951 1373/950 1366/944
f 1374/949 1366/944 1373/950
f 1367/943 1366/944 1374/949
f 1375/1009 1369/1010 1291/940
f 1369/1010 1375/1009 1376/1011
f 1376/1011 1377/1013 1369/1010
f 1369/1010 1377/1013 1370/1011
f 1370/1011 1377/1013 1378/1014
f 1378/1014 1379/1015 1370/1011
f 1370/1011 1379/1015 1380/1016
f 1380/1016 1371/1012 1370/1011
f 1291/940 1290/939 1375/1009
f 1297/946 1375/1009 1290/939
f 1375/1009 1297/946 1381/1012
f 1381/1012 1376/1011 1375/1009
f 1376/1011 1381/1012 1382/1016
f 1382/1016 1383/1015 1376/1011
f 1376/1011 1383/1015 1378/1014
f 1378/1014 1377/1013 1376/1011
f 1302/951 1381/1012 1297/946
f 1381/1012 1302/951 1384/1017
f 1384/1017 1382/1016 1381/1012
f 1382/1016 1384/1017 1348/998
f 1348/998 1347/997 1382/1016
f 1383/1015 1382/1016 1347/997
f 1347/997 1385/1018 1383/1015
f 1378/1014 1383/1015 1385/1018
f 1307/956 1384/1017 1302/951
f 1384/1017 1307/956 1306/955
f 1306/955 1348/998 1384/1017
f 1346/996 1385/1018 1347/997
f 1386/1019 1385/1018 1346/996
f 1385/1018 1386/1019 1378/1014
f 1378/1014 1386/1019 1387/1018
f 1387/1018 1379/1015 1378/1014
f 1379/1015 1387/1018 1388/997
f 1388/997 1380/1016 1379/1015
f 1346/996 1355/1005 1386/1019
f 1386/1019 1355/1005 1389/996
f 1389/996 1387/1018 1386/1019
f 1389/996 1388/997 1387/1018
f 1390/991 1388/997 1389/996
f 1388/997 1390/991 1391/965
f 1391/965 1392/998 1388/997
f 1380/1016 1388/997 1392/998
f 1392/998 1393/1017 1380/1016
f 1371/1012 1380/1016 1393/1017
f 1393/1017 1372/951 1371/1012
f 1394/995 1389/996 1355/1005
f 1389/996 1394/995 1390/991
f 1395/990 1390/991 1394/995
f 1390/991 1395/990 1396/980
f 1396/980 1391/965 1390/991
f 1391/965 1396/980 1397/964
f 1397/964 1398/960 1391/965
f 1391/965 1398/960 1399/955
f 1399/955 1392/998 1391/965
f 1393/1017 1392/998 1399/955
f 1355/1005 1354/1004 1394/995
f 1394/995 1354/1004 1353/1003
f 1353/1003 1400/1002 1394/995
f 1394/995 1400/1002 1401/1001
f 1401/1001 1402/994 1394/995
f 1394/995 1402/994 1395/990
f 1403/993 1395/990 1402/994
f 1395/990 1403/993 1404/989
f 1404/989 1396/980 1395/990
f 1396/980 1404/989 1405/979
f 1405/979 1397/964 1396/980
f 1406/1000 1402/994 1401/1001
f 1402/994 1406/1000 1403/993
f 1407/999 1403/993 1406/1000
f 1403/993 1407/999 1408/992
f 1408/992 1404/989 1403/993
f 1404/989 1408/992 1409/988
f 1409/988 1405/979 1404/989
f 1405/979 1409/988 1410/978
f 1410/978 1411/975 1405/979
f 1397/964 1405/979 1411/975
f 1401/1001 1412/1007 1406/1000
f 1413/1006 1406/1000 1412/1007
f 1406/1000 1413/1006 1407/999
f 1412/1007 1414/1008 1413/1006
f 1199/880 1415/886 1200/885
f 1200/885 1415/886 1416/1020
f 1416/1020 1417/1021 1200/885
f 1192/884 1200/885 1417/1021
f 1417/1021 1418/1022 1192/884
f 1419/1023 1192/884 1418/1022
f 1193/890 1192/884 1419/1023
f 1419/1023 1420/1024 1193/890
f 1193/890 1420/1024 1194/912
f 1416/1020 1421/1025 1417/1021
f 1417/1021 1421/1025 1422/1026
f 1422/1026 1423/1027 1417/1021
f 1417/1021 1423/1027 1424/1028
f 1424/1028 1418/1022 1417/1021
f 1425/1029 1418/1022 1424/1028
f 1418/1022 1425/1029 1419/1023
f 1426/1030 1422/1026 1421/1025
f 1422/1026 1426/1030 1427/1031
f 1427/1031 1428/1032 1422/1026
f 1423/1027 1422/1026 1428/1032
f 1428/1032 1429/1033 1423/1027
f 1423/1027 1429/1033 1424/1028
f 1430/1034 1424/1028 1429/1033
f 1424/1028 1430/1034 1425/1029
f 1431/1035 1425/1029 1430/1034
f 1419/1023 1425/1029 1431/1035
f 1421/1025 1432/1036 1426/1030
f 33/888 1433/908 1148/889
f 1433/908 1434/909 1148/889
f 1148/889 1434/909 1435/913
f 1435/913 1436/912 1148/889
f 1149/890 1148/889 1436/912
f 1436/912 1437/1024 1149/890
f 1149/890 1437/1024 1438/1023
f 1438/1023 1145/884 1149/890
f 1439/910 1434/909 1433/908
f 1435/913 1434/909 1439/910
f 1440/1037 1435/913 1439/910
f 1441/1038 1435/913 1440/1037
f 1436/912 1435/913 1441/1038
f 1441/1038 1442/1039 1436/912
f 1437/1024 1436/912 1442/1039
f 1442/1039 1443/1040 1437/1024
f 1438/1023 1437/1024 1443/1040
f 1433/908 1444/911 1439/910
f 1445/1041 1439/910 1444/911
f 1440/1037 1439/910 1445/1041
f 1445/1041 1446/1042 1440/1037
f 1447/1043 1440/1037 1446/1042
f 1440/1037 1447/1043 1448/1044
f 1448/1044 1449/1045 1440/1037
f 1440/1037 1449/1045 1441/1038
f 1444/911 1450/1046 1445/1041
f 1451/1047 1445/1041 1450/1046
f 1446/1042 1445/1041 1451/1047
f 1451/1047 1452/1048 1446/1042
f 1446/1042 1452/1048 1453/1049
f 1453/1049 1454/1050 1446/1042
f 1455/1051 1446/1042 1454/1050
f 1456/1052 1446/1042 1455/1051
f 1446/1042 1456/1052 1447/1043
f 1450/1046 1457/1053 1451/1047
f 1458/1054 1451/1047 1457/1053
f 1451/1047 1458/1054 1459/1055
f 1459/1055 1452/1048 1451/1047
f 1453/1049 1452/1048 1459/1055
f 1459/1055 1460/1056 1453/1049
f 1453/1049 1460/1056 1461/1057
f 1461/1057 1462/1058 1453/1049
f 1454/1050 1453/1049 1462/1058
f 1457/1053 1463/1059 1458/1054
f 1458/1054 1463/1059 1464/1060
f 1463/1059 1465/1061 1464/1060
f 1466/1059 1464/1060 1465/1061
f 1467/1054 1464/1060 1466/1059
f 1467/1054 1466/1059 1468/1053
f 1468/1053 1469/1047 1467/1054
f 1470/1055 1467/1054 1469/1047
f 1467/1054 1470/1055 1471/1062
f 1471/1062 1472/1063 1467/1054
f 1473/1064 1472/1063 1471/1062
f 1469/1047 1468/1053 1474/1046
f 1474/1046 1475/1041 1469/1047
f 1469/1047 1475/1041 1476/1042
f 1476/1042 1477/1048 1469/1047
f 1469/1047 1477/1048 1470/1055
f 1470/1055 1477/1048 1478/1049
f 1478/1049 1479/1056 1470/1055
f 1470/1055 1479/1056 1480/1065
f 1480/1065 1471/1062 1470/1055
f 1475/1041 1474/1046 1189/911
f 1189/911 1188/910 1475/1041
f 1475/1041 1188/910 1481/1037
f 1481/1037 1476/1042 1475/1041
f 1476/1042 1481/1037 1482/1043
f 1482/1043 1483/1052 1476/1042
f 1484/1051 1476/1042 1483/1052
f 1484/1051 1485/1050 1476/1042
f 1476/1042 1485/1050 1478/1049
f 1478/1049 1477/1048 1476/1042
f 1481/1037 1188/910 1195/913
f 1481/1037 1195/913 1486/1038
f 1486/1038 1487/1045 1481/1037
f 1481/1037 1487/1045 1488/1044
f 1488/1044 1482/1043 1481/1037
f 1482/1043 1488/1044 1489/1066
f 1489/1066 1483/1052 1482/1043
f 1483/1052 1489/1066 1484/1051
f 1485/1050 1484/1051 1489/1066
f 1486/1038 1195/913 1194/912
f 1194/912 1490/1039 1486/1038
f 1486/1038 1490/1039 1491/1067
f 1491/1067 1492/1068 1486/1038
f 1487/1045 1486/1038 1492/1068
f 1492/1068 1488/1044 1487/1045
f 1493/1069 1488/1044 1492/1068
f 1493/1069 1489/1066 1488/1044
f 1494/1070 1489/1066 1493/1069
f 1489/1066 1494/1070 1485/1050
f 1490/1039 1194/912 1420/1024
f 1420/1024 1495/1040 1490/1039
f 1490/1039 1495/1040 1496/1071
f 1496/1071 1491/1067 1490/1039
f 1497/1072 1491/1067 1496/1071
f 1492/1068 1491/1067 1497/1072
f 1497/1072 1498/1073 1492/1068
f 1492/1068 1498/1073 1493/1069
f 1499/1074 1493/1069 1498/1073
f 1500/1075 1493/1069 1499/1074
f 1493/1069 1500/1075 1494/1070
f 1495/1040 1420/1024 1419/1023
f 1419/1023 1501/1076 1495/1040
f 1495/1040 1501/1076 1502/1077
f 1502/1077 1496/1071 1495/1040
f 1503/1078 1496/1071 1502/1077
f 1496/1071 1503/1078 1497/1072
f 1504/1079 1497/1072 1503/1078
f 1497/1072 1504/1079 1505/1080
f 1505/1080 1498/1073 1497/1072
f 1498/1073 1505/1080 1499/1074
f 1431/1035 1501/1076 1419/1023
f 1501/1076 1431/1035 1506/1081
f 1506/1081 1502/1077 1501/1076
f 1507/1082 1502/1077 1506/1081
f 1502/1077 1507/1082 1503/1078
f 1508/1083 1503/1078 1507/1082
f 1503/1078 1508/1083 1504/1079
f 1430/1034 1506/1081 1431/1035
f 1506/1081 1430/1034 1509/1084
f 1509/1084 1510/1085 1506/1081
f 1511/1086 1506/1081 1510/1085
f 1506/1081 1511/1086 1507/1082
f 1512/1087 1507/1082 1511/1086
f 1507/1082 1512/1087 1508/1083
f 1429/1033 1509/1084 1430/1034
f 1429/1033 1513/1088 1509/1084
f 1510/1085 1509/1084 1513/1088
f 1513/1088 1514/1089 1510/1085
f 1515/1090 1510/1085 1514/1089
f 1516/1091 1510/1085 1515/1090
f 1510/1085 1516/1091 1511/1086
f 1517/1092 1511/1086 1516/1091
f 1511/1086 1517/1092 1512/1087
f 1513/1088 1429/1033 1518/1093
f 1518/1093 1519/1094 1513/1088
f 1514/1089 1513/1088 1519/1094
f 1519/1094 1520/1095 1514/1089
f 1514/1089 1520/1095 1521/1096
f 1521/1096 1522/1097 1514/1089
f 1522/1097 1515/1090 1514/1089
f 1523/1098 1518/1093 1429/1033
f 1524/1099 1518/1093 1523/1098
f 1518/1093 1524/1099 1525/1100
f 1525/1100 1519/1094 1518/1093
f 1519/1094 1525/1100 1526/1101
f 1526/1101 1520/1095 1519/1094
f 1521/1096 1520/1095 1526/1101
f 1429/1033 1428/1032 1523/1098
f 1527/1102 1523/1098 1428/1032
f 1528/1103 1523/1098 1527/1102
f 1523/1098 1528/1103 1524/1099
f 1428/1032 1427/1031 1527/1102
f 1527/1102 1427/1031 1529/1104
f 1529/1104 1530/1105 1527/1102
f 1527/1102 1530/1105 1531/1106
f 1531/1106 1532/1107 1527/1102
f 1527/1102 1532/1107 1528/1103
f 1529/1104 1427/1031 1426/1030
f 1426/1030 1533/1108 1529/1104
f 1526/1101 1534/1109 1521/1096
f 1521/1096 1534/1109 1535/1110
f 1535/1110 1536/1111 1521/1096
f 1521/1096 1536/1111 1537/1112
f 1537/1112 1522/1097 1521/1096
f 1537/1112 1538/1113 1522/1097
f 1539/1114 1522/1097 1538/1113
f 1522/1097 1539/1114 1540/1115
f 1540/1115 1515/1090 1522/1097
f 1536/1111 1535/1110 1541/1116
f 1541/1116 1542/1117 1536/1111
f 1536/1111 1542/1117 1543/1118
f 1543/1118 1537/1112 1536/1111
f 1544/1119 1537/1112 1543/1118
f 1537/1112 1544/1119 1545/1120
f 1545/1120 1538/1113 1537/1112
f 1538/1113 1545/1120 1546/1121
f 1546/1121 1547/1122 1538/1113
f 1538/1113 1547/1122 1539/1114
f 1542/1117 1541/1116 1548/1123
f 1548/1123 1549/1124 1542/1117
f 1542/1117 1549/1124 1550/1125
f 1550/1125 1543/1118 1542/1117
f 1543/1118 1550/1125 1551/1126
f 1551/1126 1552/1127 1543/1118
f 1543/1118 1552/1127 1544/1119
f 1544/1119 1552/1127 1553/1128
f 1553/1128 1554/1129 1544/1119
f 1545/1120 1544/1119 1554/1129
f 1549/1124 1548/1123 1414/1130
f 1414/1130 1412/1131 1549/1124
f 1550/1125 1549/1124 1412/1131
f 1412/1131 1401/1132 1550/1125
f 1551/1126 1550/1125 1401/1132
f 1401/1132 1400/1133 1551/1126
f 1555/1134 1551/1126 1400/1133
f 1552/1127 1551/1126 1555/1134
f 1555/1134 1553/1128 1552/1127
f 1556/1127 1553/1128 1555/1134
f 1553/1128 1556/1127 1557/1119
f 1557/1119 1554/1129 1553/1128
f 1554/1129 1557/1119 1558/1120
f 1558/1120 1559/1135 1554/1129
f 1554/1129 1559/1135 1545/1120
f 1546/1121 1545/1120 1559/1135
f 1400/1133 1353/1136 1555/1134
f 1555/1134 1353/1136 1352/1133
f 1352/1133 1560/1126 1555/1134
f 1555/1134 1560/1126 1556/1127
f 1561/1118 1556/1127 1560/1126
f 1557/1119 1556/1127 1561/1118
f 1561/1118 1562/1112 1557/1119
f 1558/1120 1557/1119 1562/1112
f 1562/1112 1563/1113 1558/1120
f 1564/1121 1558/1120 1563/1113
f 1559/1135 1558/1120 1564/1121
f 1564/1121 1565/1137 1559/1135
f 1559/1135 1565/1137 1546/1121
f 1560/1126 1352/1133 1351/1132
f 1351/1132 1566/1125 1560/1126
f 1560/1126 1566/1125 1561/1118
f 1567/1117 1561/1118 1566/1125
f 1561/1118 1567/1117 1568/1111
f 1568/1111 1562/1112 1561/1118
f 1562/1112 1568/1111 1569/1096
f 1569/1096 1570/1097 1562/1112
f 1562/1112 1570/1097 1563/1113
f 1566/1125 1351/1132 1357/1131
f 1357/1131 1571/1124 1566/1125
f 1566/1125 1571/1124 1567/1117
f 1567/1117 1571/1124 1572/1123
f 1572/1123 1573/1116 1567/1117
f 1568/1111 1567/1117 1573/1116
f 1573/1116 1574/1110 1568/1111
f 1569/1096 1568/1111 1574/1110
f 1571/1124 1357/1131 1358/1130
f 1358/1130 1572/1123 1571/1124
f 1574/1110 1575/1109 1569/1096
f 1569/1096 1575/1109 1576/1101
f 1576/1101 1577/1095 1569/1096
f 1569/1096 1577/1095 1578/1089
f 1578/1089 1570/1097 1569/1096
f 1570/1097 1578/1089 1579/1090
f 1570/1097 1579/1090 1580/1115
f 1580/1115 1581/1114 1570/1097
f 1563/1113 1570/1097 1581/1114
f 1582/1094 1577/1095 1576/1101
f 1578/1089 1577/1095 1582/1094
f 1582/1094 1583/1088 1578/1089
f 1584/1085 1578/1089 1583/1088
f 1579/1090 1578/1089 1584/1085
f 1579/1090 1584/1085 1585/1091
f 1585/1091 1586/1138 1579/1090
f 1579/1090 1586/1138 1587/1139
f 1579/1090 1587/1139 1580/1115
f 1576/1101 1588/1100 1582/1094
f 1589/1093 1582/1094 1588/1100
f 1583/1088 1582/1094 1589/1093
f 1589/1093 1590/1033 1583/1088
f 1590/1033 1591/1084 1583/1088
f 1583/1088 1591/1084 1584/1085
f 1592/1081 1584/1085 1591/1084
f 1584/1085 1592/1081 1593/1086
f 1593/1086 1585/1091 1584/1085
f 1588/1100 1594/1099 1589/1093
f 1595/1098 1589/1093 1594/1099
f 1590/1033 1589/1093 1595/1098
f 1595/1098 1596/1032 1590/1033
f 1597/1027 1590/1033 1596/1032
f 1597/1027 1598/1028 1590/1033
f 1590/1033 1598/1028 1599/1034
f 1599/1034 1591/1084 1590/1033
f 1591/1084 1599/1034 1592/1081
f 1594/1099 1600/1103 1595/1098
f 1601/1102 1595/1098 1600/1103
f 1596/1032 1595/1098 1601/1102
f 1601/1102 1602/1031 1596/1032
f 1603/1026 1596/1032 1602/1031
f 1596/1032 1603/1026 1597/1027
f 1604/1021 1597/1027 1603/1026
f 1598/1028 1597/1027 1604/1021
f 1604/1021 1605/1022 1598/1028
f 1598/1028 1605/1022 1606/1029
f 1606/1029 1599/1034 1598/1028
f 1600/1103 1607/1107 1601/1102
f 1601/1102 1607/1107 1337/1106
f 1337/1106 1333/1105 1601/1102
f 1601/1102 1333/1105 1332/1104
f 1332/1104 1602/1031 1601/1102
f 288/1030 1602/1031 1332/1104
f 1602/1031 288/1030 1603/1026
f 282/1025 1603/1026 288/1030
f 1603/1026 282/1025 1604/1021
f 281/1020 1604/1021 282/1025
f 1604/1021 281/1020 280/886
f 280/886 1146/885 1604/1021
f 1604/1021 1146/885 1145/884
f 1145/884 1605/1022 1604/1021
f 1332/1104 294/1108 288/1030
f 288/1030 283/1036 282/1025
f 1605/1022 1145/884 1438/1023
f 1438/1023 1606/1029 1605/1022
f 1608/1035 1606/1029 1438/1023
f 1599/1034 1606/1029 1608/1035
f 1608/1035 1592/1081 1599/1034
f 1592/1081 1608/1035 1609/1076
f 1609/1076 1610/1077 1592/1081
f 1592/1081 1610/1077 1611/1082
f 1611/1082 1593/1086 1592/1081
f 1438/1023 1609/1076 1608/1035
f 1443/1040 1609/1076 1438/1023
f 1610/1077 1609/1076 1443/1040
f 1443/1040 1612/1071 1610/1077
f 1610/1077 1612/1071 1613/1078
f 1613/1078 1611/1082 1610/1077
f 1611/1082 1613/1078 1614/1083
f 1614/1083 1615/1087 1611/1082
f 1593/1086 1611/1082 1615/1087
f 1615/1087 1616/1092 1593/1086
f 1585/1091 1593/1086 1616/1092
f 1612/1071 1443/1040 1442/1039
f 1442/1039 1617/1067 1612/1071
f 1612/1071 1617/1067 1618/1072
f 1618/1072 1613/1078 1612/1071
f 1613/1078 1618/1072 1619/1079
f 1619/1079 1614/1083 1613/1078
f 1617/1067 1442/1039 1441/1038
f 1441/1038 1620/1068 1617/1067
f 1618/1072 1617/1067 1620/1068
f 1620/1068 1621/1073 1618/1072
f 1618/1072 1621/1073 1622/1080
f 1622/1080 1619/1079 1618/1072
f 1620/1068 1441/1038 1449/1045
f 1449/1045 1448/1044 1620/1068
f 1620/1068 1448/1044 1623/1069
f 1623/1069 1621/1073 1620/1068
f 1621/1073 1623/1069 1624/1074
f 1624/1074 1622/1080 1621/1073
f 1623/1069 1448/1044 1625/1066
f 1623/1069 1625/1066 1626/1070
f 1626/1070 1627/1075 1623/1069
f 1624/1074 1623/1069 1627/1075
f 1627/1075 1628/1140 1624/1074
f 1629/1141 1628/1140 1627/1075
f 1627/1075 1630/1142 1629/1141
f 1631/1143 1629/1141 1630/1142
f 1625/1066 1448/1044 1447/1043
f 1447/1043 1456/1052 1625/1066
f 1455/1051 1625/1066 1456/1052
f 1625/1066 1455/1051 1454/1050
f 1454/1050 1626/1070 1625/1066
f 1626/1070 1454/1050 1632/1144
f 1632/1144 1633/1145 1626/1070
f 1626/1070 1633/1145 1630/1142
f 1630/1142 1627/1075 1626/1070
f 1462/1058 1632/1144 1454/1050
f 1632/1144 1462/1058 1634/1146
f 1634/1146 1635/1147 1632/1144
f 1633/1145 1632/1144 1635/1147
f 1635/1147 1636/1148 1633/1145
f 1633/1145 1636/1148 1637/1149
f 1637/1149 1630/1142 1633/1145
f 1630/1142 1637/1149 1631/1143
f 1638/1150 1631/1143 1637/1149
f 1634/1146 1462/1058 1639/1151
f 1634/1146 1639/1151 1640/1152
f 1640/1152 1641/1153 1634/1146
f 1635/1147 1634/1146 1641/1153
f 1641/1153 1642/1154 1635/1147
f 1636/1148 1635/1147 1642/1154
f 1642/1154 1643/1155 1636/1148
f 1636/1148 1643/1155 1644/1156
f 1644/1156 1637/1149 1636/1148
f 1637/1149 1644/1156 1638/1150
f 1645/1157 1638/1150 1644/1156
f 1639/1151 1462/1058 1461/1057
f 1646/1158 1639/1151 1461/1057
f 1639/1151 1646/1158 1647/1159
f 1647/1159 1640/1152 1639/1151
f 1640/1152 1647/1159 1581/1114
f 1581/1114 1648/1160 1640/1152
f 1640/1152 1648/1160 1641/1153
f 1641/1153 1648/1160 1649/1161
f 1649/1161 1642/1154 1641/1153
f 1643/1155 1642/1154 1649/1161
f 1461/1057 1650/1162 1646/1158
f 1651/1163 1646/1158 1650/1162
f 1646/1158 1651/1163 1565/1137
f 1565/1137 1564/1121 1646/1158
f 1647/1159 1646/1158 1564/1121
f 1564/1121 1652/1122 1647/1159
f 1581/1114 1647/1159 1652/1122
f 1581/1114 1652/1122 1563/1113
f 1563/1113 1652/1122 1564/1121
f 1653/1065 1650/1162 1461/1057
f 1654/1164 1650/1162 1653/1065
f 1650/1162 1654/1164 1651/1163
f 1651/1163 1654/1164 1655/1162
f 1655/1162 1656/1158 1651/1163
f 1565/1137 1651/1163 1656/1158
f 1656/1158 1546/1121 1565/1137
f 1546/1121 1656/1158 1657/1159
f 1657/1159 1547/1122 1546/1121
f 1461/1057 1460/1056 1653/1065
f 1653/1065 1460/1056 1459/1055
f 1459/1055 1658/1062 1653/1065
f 1653/1065 1658/1062 1659/1165
f 1659/1165 1660/1166 1653/1065
f 1653/1065 1660/1166 1654/1164
f 1654/1164 1660/1166 1480/1065
f 1480/1065 1655/1162 1654/1164
f 1658/1062 1459/1055 1458/1054
f 1458/1054 1661/1063 1658/1062
f 1658/1062 1661/1063 1473/1064
f 1473/1064 1659/1165 1658/1062
f 1471/1062 1659/1165 1473/1064
f 1659/1165 1471/1062 1480/1065
f 1480/1065 1660/1166 1659/1165
f 1539/1114 1547/1122 1657/1159
f 1539/1114 1657/1159 1662/1152
f 1662/1152 1663/1160 1539/1114
f 1539/1114 1663/1160 1664/1161
f 1664/1161 1540/1115 1539/1114
f 1665/1155 1540/1115 1664/1161
f 1666/1139 1540/1115 1665/1155
f 1515/1090 1540/1115 1666/1139
f 1667/1151 1662/1152 1657/1159
f 1662/1152 1667/1151 1668/1146
f 1668/1146 1669/1153 1662/1152
f 1662/1152 1669/1153 1663/1160
f 1664/1161 1663/1160 1669/1153
f 1669/1153 1670/1154 1664/1161
f 1664/1161 1670/1154 1665/1155
f 1671/1148 1665/1155 1670/1154
f 1672/1156 1665/1155 1671/1148
f 1665/1155 1672/1156 1666/1139
f 1657/1159 1656/1158 1667/1151
f 1673/1057 1667/1151 1656/1158
f 1667/1151 1673/1057 1674/1058
f 1668/1146 1667/1151 1674/1058
f 1668/1146 1674/1058 1675/1144
f 1675/1144 1676/1147 1668/1146
f 1669/1153 1668/1146 1676/1147
f 1676/1147 1670/1154 1669/1153
f 1670/1154 1676/1147 1671/1148
f 1677/1145 1671/1148 1676/1147
f 1678/1149 1671/1148 1677/1145
f 1671/1148 1678/1149 1672/1156
f 1656/1158 1655/1162 1673/1057
f 1673/1057 1655/1162 1480/1065
f 1480/1065 1479/1056 1673/1057
f 1673/1057 1479/1056 1478/1049
f 1478/1049 1674/1058 1673/1057
f 1674/1058 1478/1049 1485/1050
f 1485/1050 1675/1144 1674/1058
f 1675/1144 1485/1050 1494/1070
f 1494/1070 1677/1145 1675/1144
f 1676/1147 1675/1144 1677/1145
f 1679/1142 1677/1145 1494/1070
f 1677/1145 1679/1142 1678/1149
f 1680/1143 1678/1149 1679/1142
f 1678/1149 1680/1143 1681/1150
f 1681/1150 1672/1156 1678/1149
f 1672/1156 1681/1150 1682/1157
f 1682/1157 1666/1139 1672/1156
f 1494/1070 1500/1075 1679/1142
f 1683/1141 1679/1142 1500/1075
f 1679/1142 1683/1141 1680/1143
f 1500/1075 1684/1140 1683/1141
f 1499/1074 1684/1140 1500/1075
f 1649/1161 1648/1160 1581/1114
f 1581/1114 1580/1115 1649/1161
f 1649/1161 1580/1115 1643/1155
f 1643/1155 1580/1115 1587/1139
f 1587/1139 1644/1156 1643/1155
f 1644/1156 1587/1139 1645/1157
f 1645/1157 1587/1139 1586/1138
f 1586/1138 1685/1167 1645/1157
f 1686/1168 1685/1167 1586/1138
f 1586/1138 1585/1091 1686/1168
f 1616/1092 1686/1168 1585/1091
f 1516/1091 1687/1168 1517/1092
f 1687/1168 1516/1091 1688/1138
f 1688/1138 1689/1167 1687/1168
f 1682/1157 1689/1167 1688/1138
f 1688/1138 1666/1139 1682/1157
f 1515/1090 1666/1139 1688/1138
f 1515/1090 1688/1138 1516/1091
f 985/815 1690/1169 977/814
f 977/814 1690/1169 978/815
f 794/597 814/584 813/585
f 813/585 795/586 794/597
f 795/586 813/585 796/577
f 640/632 650/646 641/633
f 490/647 650/646 640/632
f 640/632 488/631 490/647
f 522/622 624/608 623/607
f 623/607 514/700 522/622
f 513/606 514/700 623/607
f 615/597 606/586 605/585
f 605/585 604/584 615/597
f 410/1172 412/1171 1691/1170
f 1691/1170 1692/1173 410/1172
f 409/1174 410/1172 1692/1173
f 1692/1173 1693/1175 409/1174
f 1693/1175 1692/1173 1694/1176
f 1694/1176 1692/1173 1695/1177
f 1696/1176 1695/1177 1692/1173
f 1697/1175 1696/1176 1692/1173
f 1698/1178 1692/1173 1691/1170
f 1699/1179 1692/1173 1698/1178
f 1699/1179 1700/1178 1692/1173
f 1700/1178 1701/1170 1692/1173
f 1702/1172 1692/1173 1701/1170
f 1692/1173 1702/1172 1703/1174
f 1703/1174 1697/1175 1692/1173
f 1701/1170 1704/1171 1702/1172
f 1707/1182 1706/1181 1705/1180
f 1705/1180 1708/1183 1707/1182
f 1709/1184 1707/1182 1708/1183
f 1706/1185 1707/1182 1709/1184
f 1709/1184 1710/1186 1706/1185
f 1706/1185 1710/1186 1711/1187
f 1711/1187 1712/1188 1706/1185
f 1708/1183 1705/1180 1713/1189
f 1713/1189 1714/1190 1708/1183
f 1715/1191 1708/1183 1714/1190
f 1708/1183 1715/1191 1709/1184
f 1716/1192 1709/1184 1715/1191
f 1709/1184 1716/1192 1717/1193
f 1717/1193 1710/1186 1709/1184
f 1710/1186 1717/1193 1718/1194
f 1718/1194 1711/1187 1710/1186
f 198/1195 1714/1190 1713/1189
f 1719/1196 1714/1190 198/1195
f 1714/1190 1719/1196 1715/1191
f 1720/1197 1715/1191 1719/1196
f 1715/1191 1720/1197 1716/1192
f 1717/1193 1716/1192 1720/1197
f 1720/1197 1721/1198 1717/1193
f 1718/1194 1717/1193 1721/1198
f 1721/1198 1722/1199 1718/1194
f 1718/1194 1722/1199 1723/1200
f 1723/1200 1711/1187 1718/1194
f 1713/1189 203/1201 198/1195
f 198/1195 192/1202 1719/1196
f 1719/1196 192/1202 191/1203
f 191/1203 1724/1204 1719/1196
f 1725/1205 1719/1196 1724/1204
f 1726/1206 1719/1196 1725/1205
f 1719/1196 1726/1206 1720/1197
f 1721/1198 1720/1197 1726/1206
f 1727/1207 1724/1204 191/1203
f 1724/1204 1727/1207 1728/1208
f 1728/1208 1725/1205 1724/1204
f 1726/1206 1725/1205 1728/1208
f 1728/1208 1729/1209 1726/1206
f 1726/1206 1729/1209 1721/1198
f 1722/1199 1721/1198 1729/1209
f 1729/1209 1730/1210 1722/1199
f 1722/1199 1730/1210 1731/1211
f 1731/1211 1723/1200 1722/1199
f 191/1203 185/1212 1727/1207
f 1732/1213 1727/1207 185/1212
f 1727/1207 1732/1213 1733/1214
f 1733/1214 1728/1208 1727/1207
f 1729/1209 1728/1208 1733/1214
f 1733/1214 1730/1210 1729/1209
f 1731/1211 1730/1210 1733/1214
f 1731/1211 1733/1214 1732/1213
f 183/1215 1731/1211 1732/1213
f 1731/1211 183/1215 408/1216
f 408/1216 1734/1217 1731/1211
f 1723/1200 1731/1211 1734/1217
f 1734/1217 1735/1218 1723/1200
f 1711/1187 1723/1200 1735/1218
f 185/1212 184/1219 1732/1213
f 1732/1213 184/1219 183/1215
f 1735/1218 1712/1188 1711/1187
f 1706/1220 1712/1188 1735/1218
f 1735/1218 1705/1221 1706/1220
f 1705/1221 1735/1218 1734/1217
f 1734/1217 1713/1222 1705/1221
f 1713/1222 1734/1217 408/1216
f 408/1216 203/1223 1713/1222
f 1738/1226 1737/1225 1736/1224
f 1736/1224 1739/1227 1738/1226
f 1740/1228 1738/1226 1739/1227
f 1737/1229 1738/1226 1740/1228
f 1740/1228 1741/1230 1737/1229
f 1737/1229 1741/1230 1742/1231
f 1742/1231 1743/1232 1737/1229
f 1739/1227 1736/1224 1744/1233
f 1744/1233 1745/1234 1739/1227
f 1746/1235 1739/1227 1745/1234
f 1739/1227 1746/1235 1740/1228
f 1747/1236 1740/1228 1746/1235
f 1741/1230 1740/1228 1747/1236
f 1747/1236 1748/1237 1741/1230
f 1742/1231 1741/1230 1748/1237
f 219/1238 1745/1234 1744/1233
f 1749/1239 1745/1234 219/1238
f 1745/1234 1749/1239 1746/1235
f 1746/1235 1749/1239 1750/1240
f 1750/1240 1751/1241 1746/1235
f 1746/1235 1751/1241 1747/1236
f 1748/1237 1747/1236 1751/1241
f 1751/1241 1752/1242 1748/1237
f 1753/1243 1748/1237 1752/1242
f 1748/1237 1753/1243 1742/1231
f 1744/1233 224/1244 219/1238
f 1752/1242 1751/1241 1750/1240
f 1750/1240 1754/1245 1752/1242
f 1755/1246 1752/1242 1754/1245
f 1752/1242 1755/1246 1753/1243
f 1742/1231 1753/1243 1755/1246
f 1755/1246 1756/1247 1742/1231
f 1743/1232 1742/1231 1756/1247
f 1756/1247 1757/1248 1743/1232
f 1737/1249 1743/1232 1757/1248
f 1757/1248 1736/1250 1737/1249
f 1754/1245 1750/1240 1758/1251
f 1758/1251 1759/1252 1754/1245
f 1760/1253 1754/1245 1759/1252
f 1754/1245 1760/1253 1755/1246
f 1756/1247 1755/1246 1760/1253
f 1760/1253 1761/1254 1756/1247
f 1757/1248 1756/1247 1761/1254
f 1761/1254 1762/1255 1757/1248
f 1736/1250 1757/1248 1762/1255
f 1762/1255 1744/1256 1736/1250
f 1758/1251 1750/1240 1749/1239
f 1749/1239 1763/1257 1758/1251
f 1758/1251 1763/1257 1764/1258
f 1764/1258 1759/1252 1758/1251
f 1765/1259 1759/1252 1764/1258
f 1759/1252 1765/1259 1760/1253
f 1761/1254 1760/1253 1765/1259
f 1766/1260 1761/1254 1765/1259
f 201/1261 1761/1254 1766/1260
f 1761/1254 201/1261 407/1262
f 407/1262 1762/1255 1761/1254
f 1744/1256 1762/1255 407/1262
f 407/1262 224/1263 1744/1256
f 211/1264 1763/1257 1749/1239
f 1764/1258 1763/1257 211/1264
f 211/1264 205/1265 1764/1258
f 1766/1260 1764/1258 205/1265
f 1764/1258 1766/1260 1765/1259
f 1749/1239 212/1266 211/1264
f 219/1238 212/1266 1749/1239
f 205/1265 202/1267 1766/1260
f 1766/1260 202/1267 201/1261
f 1767/1270 541/1269 537/1268
f 537/1268 1768/1271 1767/1270
f 1768/1271 537/1268 538/1272
f 538/1272 611/1273 1768/1271
f 1769/1276 35/1275 33/1274
f 33/1274 1770/1277 1769/1276
f 1769/1276 1770/1277 1771/1278
f 1771/1278 1772/1279 1769/1276
f 1773/1280 1772/1279 1771/1278
f 1771/1278 1774/1281 1773/1280
f 1775/1282 1773/1280 1774/1281
f 1774/1281 1776/1283 1775/1282
f 1777/1284 1775/1282 1776/1283
f 1776/1283 1778/1285 1777/1284
f 1777/1284 1778/1285 1779/1286
f 1779/1286 1780/1287 1777/1284
f 1781/1284 1780/1287 1779/1286
f 1779/1286 1782/1285 1781/1284
f 1781/1284 1782/1285 1783/1283
f 1783/1283 1784/1282 1781/1284
f 1784/1282 1783/1283 1785/1281
f 1785/1281 1786/1280 1784/1282
f 1786/1280 1785/1281 1787/1278
f 1787/1278 1788/1279 1786/1280
f 1789/1276 1788/1279 1787/1278
f 1787/1278 1790/1277 1789/1276
f 1789/1276 1790/1277 37/1274
f 37/1274 38/1275 1789/1276
f 33/6 34/7 1791/1288
f 1791/1288 1792/1289 33/6
f 1793/1290 1792/1289 1791/1288
f 1791/1288 1794/1291 1793/1290
f 1793/1290 1794/1291 1795/1292
f 1795/1292 1796/1293 1793/1290
f 1797/1294 1796/1293 1795/1292
f 1795/1292 1798/1295 1797/1294
f 1799/1296 1797/1294 1798/1295
f 1798/1295 1800/1297 1799/1296
f 1799/1296 1800/1297 1801/1298
f 1801/1298 1802/1299 1799/1296
f 1803/1296 1802/1299 1801/1298
f 1801/1298 1804/1297 1803/1296
f 1803/1296 1804/1297 1805/1295
f 1805/1295 1806/1294 1803/1296
f 1806/1294 1805/1295 1807/1292
f 1807/1292 1808/1293 1806/1294
f 1809/1290 1808/1293 1807/1292
f 1807/1292 1810/1291 1809/1290
f 1809/1290 1810/1291 1811/1288
f 1811/1288 1812/1289 1809/1290
f 37/6 1812/1289 1811/1288
f 1811/1288 36/7 37/6
f 1815/1302 1814/1301 1813/1300
f 1813/1300 1816/1303 1815/1302
f 1817/1304 1815/1302 1816/1303
f 1816/1303 1818/1305 1817/1304
f 1819/1306 1817/1304 1818/1305
f 1818/1305 1820/1307 1819/1306
f 1821/1308 1819/1306 1820/1307
f 1816/1303 1813/1300 35/1309
f 35/1309 1769/1310 1816/1303
f 1818/1305 1816/1303 1769/1310
f 1769/1310 1772/1311 1818/1305
f 1818/1305 1772/1311 1773/1312
f 1820/1307 1818/1305 1773/1312
f 1773/1312 1775/1313 1820/1307
f 1775/1313 1777/1314 1820/1307
f 1822/1315 1820/1307 1777/1314
f 1820/1307 1822/1315 1821/1308
f 1821/1308 1822/1315 1823/1307
f 1823/1307 1824/1306 1821/1308
f 1824/1306 1823/1307 1825/1305
f 1825/1305 1826/1304 1824/1306
f 1826/1304 1825/1305 1827/1303
f 1827/1303 1828/1302 1826/1304
f 1777/1314 1780/1316 1822/1315
f 1822/1315 1780/1316 1781/1314
f 1781/1314 1823/1307 1822/1315
f 1784/1313 1823/1307 1781/1314
f 1823/1307 1784/1313 1786/1312
f 1786/1312 1825/1305 1823/1307
f 1825/1305 1786/1312 1788/1311
f 1825/1305 1788/1311 1789/1310
f 1789/1310 1827/1303 1825/1305
f 1827/1303 1789/1310 38/1309
f 38/1309 1829/1300 1827/1303
f 1828/1302 1827/1303 1829/1300
f 1829/1300 1830/1301 1828/1302
f 1814/1301 1832/1318 1831/1317
f 1831/1317 1813/1300 1814/1301
f 1813/1300 1831/1317 34/1309
f 34/1309 35/1309 1813/1300
f 1833/1303 1831/1300 1832/1301
f 1832/1301 1834/1302 1833/1303
f 1835/1305 1833/1303 1834/1302
f 1834/1302 1836/1304 1835/1305
f 1837/1307 1835/1305 1836/1304
f 1836/1304 1838/1306 1837/1307
f 1839/1315 1837/1307 1838/1306
f 1838/1306 1840/1308 1839/1315
f 1839/1315 1840/1308 1841/1306
f 1841/1306 1842/1307 1839/1315
f 1842/1307 1841/1306 1843/1304
f 1843/1304 1844/1305 1842/1307
f 1844/1305 1843/1304 1845/1302
f 1845/1302 1846/1303 1844/1305
f 1846/1303 1845/1302 1847/1301
f 1847/1301 1848/1300 1846/1303
f 1791/1310 34/1309 1831/1300
f 1831/1300 1833/1303 1791/1310
f 1833/1303 1794/1311 1791/1310
f 1795/1312 1794/1311 1833/1303
f 1833/1303 1835/1305 1795/1312
f 1798/1313 1795/1312 1835/1305
f 1835/1305 1837/1307 1798/1313
f 1837/1307 1800/1314 1798/1313
f 1801/1316 1800/1314 1837/1307
f 1837/1307 1839/1315 1801/1316
f 1801/1316 1839/1315 1842/1307
f 1842/1307 1804/1314 1801/1316
f 1842/1307 1805/1313 1804/1314
f 1805/1313 1842/1307 1844/1305
f 1844/1305 1807/1312 1805/1313
f 1807/1312 1844/1305 1846/1303
f 1846/1303 1810/1311 1807/1312
f 1846/1303 1811/1310 1810/1311
f 1811/1310 1846/1303 1848/1300
f 1848/1300 36/1309 1811/1310
f 1661/1063 1458/1054 1464/1060
f 1464/1060 1473/1064 1661/1063
f 1472/1063 1473/1064 1464/1060
f 1464/1060 1467/1054 1472/1063
f 1832/1318 1814/1301 1815/1302
f 1815/1302 1834/1319 1832/1318
f 1836/1320 1834/1319 1815/1302
f 1815/1302 1817/1304 1836/1320
f 1838/1321 1836/1320 1817/1304
f 1817/1304 1819/1306 1838/1321
f 1840/1322 1838/1321 1819/1306
f 1819/1306 1821/1308 1840/1322
f 1840/1322 1821/1308 1824/1306
f 1824/1306 1841/1321 1840/1322
f 1841/1321 1824/1306 1826/1304
f 1826/1304 1843/1320 1841/1321
f 1843/1320 1826/1304 1828/1302
f 1828/1302 1845/1319 1843/1320
f 1847/1318 1845/1319 1828/1302
f 1828/1302 1830/1301 1847/1318
f 1851/40 1850/38 1849/39
f 1850/38 1852/41 1849/39
f 1855/44 1854/42 1853/43
f 1854/42 1855/44 1856/45
f 1854/42 1856/45 1857/51
f 1857/51 1856/45 1858/52
f 1856/45 1859/53 1858/52
f 1858/52 1859/53 1860/54
f 1858/52 1860/54 1861/59
f 1856/45 1855/44 1862/46
f 1862/46 1863/47 1856/45
f 1859/53 1856/45 1863/47
f 1860/54 1859/53 1863/47
f 1864/55 1860/54 1863/47
f 1865/61 1860/54 1864/55
f 1860/54 1865/61 1866/60
f 1861/59 1860/54 1866/60
f 1867/66 1861/59 1866/60
f 1863/47 1862/46 1868/48
f 1868/48 1869/49 1863/47
f 1864/55 1863/47 1869/49
f 1869/49 1870/56 1864/55
f 1871/62 1864/55 1870/56
f 1864/55 1871/62 1865/61
f 1872/69 1865/61 1871/62
f 1866/60 1865/61 1872/69
f 1872/69 1873/68 1866/60
f 1874/67 1866/60 1873/68
f 1866/60 1874/67 1867/66
f 1869/49 1868/48 1875/50
f 1875/50 1876/57 1869/49
f 1870/56 1869/49 1876/57
f 1876/57 1877/65 1870/56
f 1870/56 1877/65 1878/64
f 1878/64 1879/63 1870/56
f 1870/56 1879/63 1871/62
f 1871/62 1879/63 1880/71
f 1880/71 1881/70 1871/62
f 1871/62 1881/70 1872/69
f 1876/57 1875/50 1882/58
f 1882/58 1883/275 1876/57
f 1877/65 1876/57 1883/275
f 1883/275 1884/269 1877/65
f 1878/64 1877/65 1884/269
f 1884/269 1885/263 1878/64
f 1886/282 1878/64 1885/263
f 1878/64 1886/282 1880/71
f 1880/71 1879/63 1878/64
f 1883/275 1882/58 1887/280
f 1887/280 1888/274 1883/275
f 1883/275 1888/274 1889/268
f 1889/268 1884/269 1883/275
f 1884/269 1889/268 1890/262
f 1890/262 1885/263 1884/269
f 1885/263 1890/262 1891/255
f 1891/255 1892/264 1885/263
f 1885/263 1892/264 1886/282
f 1893/273 1888/274 1887/280
f 1889/268 1888/274 1893/273
f 1893/273 1894/267 1889/268
f 1890/262 1889/268 1894/267
f 1894/267 1895/261 1890/262
f 1890/262 1895/261 1896/254
f 1896/254 1891/255 1890/262
f 1891/255 1896/254 1897/246
f 1897/246 1898/256 1891/255
f 1892/264 1891/255 1898/256
f 1887/280 1899/279 1893/273
f 1893/273 1899/279 1900/278
f 1900/278 1901/272 1893/273
f 1893/273 1901/272 1902/266
f 1902/266 1894/267 1893/273
f 1894/267 1902/266 1903/260
f 1903/260 1895/261 1894/267
f 1896/254 1895/261 1903/260
f 1903/260 1904/253 1896/254
f 1896/254 1904/253 1905/245
f 1905/245 1897/246 1896/254
f 1901/272 1900/278 1906/277
f 1906/277 1907/271 1901/272
f 1902/266 1901/272 1907/271
f 1907/271 1908/265 1902/266
f 1903/260 1902/266 1908/265
f 1908/265 1909/259 1903/260
f 1904/253 1903/260 1909/259
f 1909/259 1910/252 1904/253
f 1905/245 1904/253 1910/252
f 1238/276 1907/271 1906/277
f 1907/271 1238/276 1237/270
f 1237/270 1908/265 1907/271
f 1908/265 1237/270 1236/258
f 1236/258 1909/259 1908/265
f 1910/252 1909/259 1236/258
f 1236/258 1243/251 1910/252
f 1911/244 1910/252 1243/251
f 1910/252 1911/244 1905/245
f 1906/277 1199/281 1238/276
f 1243/251 1245/250 1911/244
f 1911/244 1245/250 1912/243
f 1912/243 1913/237 1911/244
f 1911/244 1913/237 1914/238
f 1914/238 1905/245 1911/244
f 1905/245 1914/238 1915/239
f 1915/239 1897/246 1905/245
f 1916/247 1897/246 1915/239
f 1916/247 1898/256 1897/246
f 1913/237 1912/243 1917/236
f 1917/236 1918/230 1913/237
f 1913/237 1918/230 1919/231
f 1919/231 1914/238 1913/237
f 1915/239 1914/238 1919/231
f 1919/231 1920/232 1915/239
f 1921/240 1915/239 1920/232
f 1915/239 1921/240 1916/247
f 1918/230 1917/236 1533/229
f 1533/229 1922/224 1918/230
f 1918/230 1922/224 1923/225
f 1923/225 1919/231 1918/230
f 1920/232 1919/231 1923/225
f 1923/225 1924/226 1920/232
f 1925/233 1920/232 1924/226
f 1920/232 1925/233 1921/240
f 1921/240 1925/233 1926/241
f 1926/241 1916/247 1921/240
f 1922/224 1533/229 1426/223
f 1426/223 1927/219 1922/224
f 1922/224 1927/219 1928/220
f 1928/220 1923/225 1922/224
f 1923/225 1928/220 1929/221
f 1929/221 1924/226 1923/225
f 1930/227 1924/226 1929/221
f 1930/227 1931/234 1924/226
f 1924/226 1931/234 1925/233
f 1925/233 1931/234 1932/242
f 1932/242 1926/241 1925/233
f 1927/219 1426/223 1432/218
f 1432/218 1933/211 1927/219
f 1927/219 1933/211 1934/212
f 1934/212 1928/220 1927/219
f 1928/220 1934/212 1935/204
f 1935/204 1929/221 1928/220
f 1929/221 1935/204 1936/205
f 1936/205 1937/222 1929/221
f 1929/221 1937/222 1930/227
f 1933/211 1432/218 1421/217
f 1421/217 1938/210 1933/211
f 1933/211 1938/210 1939/203
f 1939/203 1934/212 1933/211
f 1935/204 1934/212 1939/203
f 1939/203 1940/198 1935/204
f 1935/204 1940/198 1941/199
f 1941/199 1936/205 1935/204
f 1936/205 1941/199 1942/206
f 1942/206 1937/222 1936/205
f 1937/222 1942/206 1943/228
f 1943/228 1930/227 1937/222
f 1938/210 1421/217 1416/216
f 1416/216 1944/209 1938/210
f 1938/210 1944/209 1945/202
f 1945/202 1939/203 1938/210
f 1940/198 1939/203 1945/202
f 1945/202 1946/197 1940/198
f 1947/191 1940/198 1946/197
f 1941/199 1940/198 1947/191
f 1948/192 1941/199 1947/191
f 1941/199 1948/192 1949/200
f 1949/200 1942/206 1941/199
f 1943/228 1942/206 1949/200
f 1944/209 1416/216 1415/215
f 1415/215 1950/208 1944/209
f 1944/209 1950/208 1951/201
f 1951/201 1945/202 1944/209
f 1946/197 1945/202 1951/201
f 1951/201 1952/196 1946/197
f 1953/190 1946/197 1952/196
f 1946/197 1953/190 1947/191
f 1954/186 1947/191 1953/190
f 1947/191 1954/186 1948/192
f 1950/208 1415/215 1199/214
f 1199/214 1906/213 1950/208
f 1950/208 1906/213 1900/207
f 1900/207 1951/201 1950/208
f 1951/201 1900/207 1899/195
f 1899/195 1952/196 1951/201
f 1955/189 1952/196 1899/195
f 1952/196 1955/189 1953/190
f 1956/185 1953/190 1955/189
f 1953/190 1956/185 1954/186
f 1954/186 1956/185 1957/176
f 1957/176 1958/177 1954/186
f 1954/186 1958/177 1959/187
f 1959/187 1948/192 1954/186
f 1899/195 1887/194 1955/189
f 1955/189 1887/194 1882/188
f 1882/188 1960/184 1955/189
f 1955/189 1960/184 1956/185
f 1956/185 1960/184 1961/175
f 1961/175 1957/176 1956/185
f 1962/170 1957/176 1961/175
f 1958/177 1957/176 1962/170
f 1962/170 1963/171 1958/177
f 1958/177 1963/171 1964/159
f 1964/159 1959/187 1958/177
f 1965/193 1959/187 1964/159
f 1948/192 1959/187 1965/193
f 1965/193 1949/200 1948/192
f 1960/184 1882/188 1875/183
f 1875/183 1961/175 1960/184
f 1961/175 1875/183 1868/182
f 1868/182 1966/174 1961/175
f 1961/175 1966/174 1962/170
f 1967/169 1962/170 1966/174
f 1962/170 1967/169 1968/167
f 1968/167 1963/171 1962/170
f 1964/159 1963/171 1968/167
f 1862/181 1966/174 1868/182
f 1862/181 1969/180 1966/174
f 1970/173 1966/174 1969/180
f 1966/174 1970/173 1967/169
f 1967/169 1970/173 1971/172
f 1971/172 1972/168 1967/169
f 1968/167 1967/169 1972/168
f 1972/168 1973/166 1968/167
f 1974/164 1968/167 1973/166
f 1968/167 1974/164 1964/159
f 1969/180 1975/179 1970/173
f 1970/173 1975/179 1976/178
f 1976/178 1971/172 1970/173
f 1973/166 1977/163 1974/164
f 1978/158 1974/164 1977/163
f 1964/159 1974/164 1978/158
f 1978/158 1979/140 1964/159
f 1964/159 1979/140 1980/141
f 1964/159 1980/141 1981/323
f 1981/323 1982/327 1964/159
f 1964/159 1982/327 1965/193
f 1977/163 1983/162 1978/158
f 1984/157 1978/158 1983/162
f 1979/140 1978/158 1984/157
f 1984/157 1985/148 1979/140
f 1979/140 1985/148 1986/139
f 1986/139 1987/133 1979/140
f 1979/140 1987/133 1988/134
f 1988/134 1980/141 1979/140
f 1980/141 1988/134 1989/142
f 1989/142 1981/323 1980/141
f 1983/162 1990/161 1984/157
f 1991/156 1984/157 1990/161
f 1985/148 1984/157 1991/156
f 1991/156 1992/147 1985/148
f 1986/139 1985/148 1992/147
f 1992/147 1993/146 1986/139
f 1994/138 1986/139 1993/146
f 1987/133 1986/139 1994/138
f 1994/138 1995/132 1987/133
f 1996/120 1987/133 1995/132
f 1988/134 1987/133 1996/120
f 1990/161 1997/160 1991/156
f 1975/155 1991/156 1997/160
f 1992/147 1991/156 1975/155
f 1975/155 1969/154 1992/147
f 1862/153 1992/147 1969/154
f 1992/147 1862/153 1855/152
f 1855/152 1993/146 1992/147
f 1997/160 1976/165 1975/155
f 1855/152 1853/151 1993/146
f 1993/146 1853/151 1998/150
f 1998/150 1999/145 1993/146
f 1993/146 1999/145 1994/138
f 1994/138 1999/145 2000/144
f 2000/144 2001/137 1994/138
f 1995/132 1994/138 2001/137
f 1999/145 1998/150 2002/149
f 2002/149 2000/144 1999/145
f 2001/137 2003/136 1995/132
f 2004/131 1995/132 2003/136
f 1995/132 2004/131 1996/120
f 1996/120 2004/131 2005/119
f 2005/119 2006/111 1996/120
f 1996/120 2006/111 2007/112
f 2007/112 2008/135 1996/120
f 1996/120 2008/135 1988/134
f 2003/136 2009/130 2004/131
f 2005/119 2004/131 2009/130
f 2009/130 2010/126 2005/119
f 2011/118 2005/119 2010/126
f 2006/111 2005/119 2011/118
f 2011/118 2012/117 2006/111
f 2006/111 2012/117 2013/116
f 2013/116 2014/110 2006/111
f 2015/98 2006/111 2014/110
f 2007/112 2006/111 2015/98
f 2010/126 2016/125 2011/118
f 2017/124 2011/118 2016/125
f 2012/117 2011/118 2017/124
f 2017/124 1854/123 2012/117
f 2013/116 2012/117 1854/123
f 1854/123 2018/122 2013/116
f 2013/116 2018/122 2019/121
f 2019/121 2020/115 2013/116
f 2014/110 2013/116 2020/115
f 2016/125 2021/347 2017/124
f 1998/348 2017/124 2021/347
f 1854/123 2017/124 1998/348
f 1998/348 1853/350 1854/123
f 2021/347 2002/349 1998/348
f 2020/115 2022/114 2014/110
f 2023/109 2014/110 2022/114
f 2014/110 2023/109 2015/98
f 2015/98 2023/109 2024/97
f 2024/97 2025/88 2015/98
f 2015/98 2025/88 2026/89
f 2026/89 2027/113 2015/98
f 2015/98 2027/113 2007/112
f 2022/114 2028/108 2023/109
f 2024/97 2023/109 2028/108
f 2028/108 2029/104 2024/97
f 2030/96 2024/97 2029/104
f 2025/88 2024/97 2030/96
f 2030/96 2031/95 2025/88
f 2025/88 2031/95 2032/94
f 2032/94 2033/87 2025/88
f 2034/81 2025/88 2033/87
f 2026/89 2025/88 2034/81
f 2029/104 2035/103 2030/96
f 2036/102 2030/96 2035/103
f 2031/95 2030/96 2036/102
f 2036/102 1858/101 2031/95
f 2032/94 2031/95 1858/101
f 1858/101 2037/100 2032/94
f 2032/94 2037/100 2038/99
f 2038/99 2039/93 2032/94
f 2033/87 2032/94 2039/93
f 2035/103 2040/351 2036/102
f 2041/352 2036/102 2040/351
f 1858/101 2036/102 2041/352
f 2041/352 1857/354 1858/101
f 2040/351 2042/353 2041/352
f 2039/93 2043/92 2033/87
f 2044/86 2033/87 2043/92
f 2033/87 2044/86 2034/81
f 2034/81 2044/86 2045/80
f 2045/80 2046/75 2034/81
f 2047/76 2034/81 2046/75
f 2048/82 2034/81 2047/76
f 2034/81 2048/82 2026/89
f 2043/92 2049/85 2044/86
f 2045/80 2044/86 2049/85
f 2049/85 2050/79 2045/80
f 2051/74 2045/80 2050/79
f 2046/75 2045/80 2051/74
f 2051/74 1873/68 2046/75
f 2046/75 1873/68 1872/69
f 1872/69 2047/76 2046/75
f 2052/77 2047/76 1872/69
f 2047/76 2052/77 2053/84
f 2053/84 2054/83 2047/76
f 2047/76 2054/83 2048/82
f 2050/79 2055/73 2051/74
f 1874/67 2051/74 2055/73
f 1873/68 2051/74 1874/67
f 2055/73 2056/72 1874/67
f 1867/66 1874/67 2056/72
f 2056/72 2057/78 1867/66
f 1872/69 1881/70 2052/77
f 1881/70 2058/290 2052/77
f 2052/77 2058/290 2059/291
f 2059/291 2053/84 2052/77
f 2053/84 2059/291 2060/296
f 2060/296 2061/301 2053/84
f 2053/84 2061/301 2062/91
f 2062/91 2054/83 2053/84
f 1880/71 2058/290 1881/70
f 2063/285 2058/290 1880/71
f 2058/290 2063/285 2064/286
f 2064/286 2059/291 2058/290
f 2059/291 2064/286 2065/292
f 2065/292 2060/296 2059/291
f 2060/296 2065/292 2066/293
f 2066/293 2067/297 2060/296
f 2060/296 2067/297 2068/302
f 2068/302 2061/301 2060/296
f 2062/91 2061/301 2068/302
f 2063/285 1880/71 1886/282
f 1886/282 2069/283 2063/285
f 2063/285 2069/283 2070/284
f 2070/284 2064/286 2063/285
f 2064/286 2070/284 2071/287
f 2071/287 2065/292 2064/286
f 2065/292 2071/287 2072/288
f 2072/288 2066/293 2065/292
f 2073/294 2066/293 2072/288
f 2066/293 2073/294 2074/298
f 2074/298 2067/297 2066/293
f 2069/283 1886/282 1892/264
f 1892/264 2075/257 2069/283
f 2070/284 2069/283 2075/257
f 2075/257 2076/248 2070/284
f 2071/287 2070/284 2076/248
f 2076/248 2077/249 2071/287
f 2072/288 2071/287 2077/249
f 2077/249 2078/289 2072/288
f 2079/295 2072/288 2078/289
f 2072/288 2079/295 2073/294
f 1898/256 2075/257 1892/264
f 2075/257 1898/256 1916/247
f 1916/247 2076/248 2075/257
f 2076/248 1916/247 1926/241
f 1926/241 2077/249 2076/248
f 2077/249 1926/241 1932/242
f 1932/242 2078/289 2077/249
f 2080/345 2078/289 1932/242
f 2078/289 2080/345 2079/295
f 2081/346 2079/295 2080/345
f 2079/295 2081/346 2082/300
f 2082/300 2073/294 2079/295
f 2073/294 2082/300 2083/299
f 2083/299 2074/298 2073/294
f 1932/242 2084/343 2080/345
f 2085/344 2080/345 2084/343
f 2080/345 2085/344 2081/346
f 2084/343 1932/242 1931/234
f 1931/234 2086/340 2084/343
f 2087/342 2084/343 2086/340
f 2084/343 2087/342 2085/344
f 2088/235 2086/340 1931/234
f 2086/340 2088/235 2089/339
f 2089/339 2090/341 2086/340
f 2086/340 2090/341 2087/342
f 1931/234 1930/227 2088/235
f 2088/235 1930/227 1943/228
f 1943/228 2091/337 2088/235
f 2089/339 2088/235 2091/337
f 2091/337 2092/338 2089/339
f 2092/338 2091/337 2093/335
f 2093/335 2094/336 2092/338
f 2094/336 2093/335 2095/332
f 2095/332 2096/333 2094/336
f 2093/335 2091/337 1943/228
f 1943/228 2097/334 2093/335
f 2095/332 2093/335 2097/334
f 2097/334 2098/331 2095/332
f 2099/329 2095/332 2098/331
f 2096/333 2095/332 2099/329
f 2099/329 2100/330 2096/333
f 2100/330 2099/329 2101/325
f 2101/325 2102/326 2100/330
f 1949/200 2097/334 1943/228
f 2097/334 1949/200 1965/193
f 1965/193 2098/331 2097/334
f 2103/328 2098/331 1965/193
f 2098/331 2103/328 2099/329
f 2101/325 2099/329 2103/328
f 2103/328 2104/324 2101/325
f 2105/321 2101/325 2104/324
f 2102/326 2101/325 2105/321
f 2105/321 2106/322 2102/326
f 2106/322 2105/321 2107/318
f 2107/318 2108/319 2106/322
f 1965/193 1982/327 2103/328
f 2104/324 2103/328 1982/327
f 1982/327 1981/323 2104/324
f 2109/320 2104/324 1981/323
f 2104/324 2109/320 2105/321
f 2107/318 2105/321 2109/320
f 2109/320 2110/317 2107/318
f 2111/313 2107/318 2110/317
f 2108/319 2107/318 2111/313
f 2111/313 2112/314 2108/319
f 2112/314 2111/313 2113/309
f 2113/309 2114/310 2112/314
f 1981/323 1989/142 2109/320
f 2110/317 2109/320 1989/142
f 1989/142 2115/143 2110/317
f 2116/316 2110/317 2115/143
f 2117/312 2110/317 2116/316
f 2110/317 2117/312 2111/313
f 2111/313 2117/312 2118/308
f 2118/308 2113/309 2111/313
f 2113/309 2118/308 2119/305
f 2119/305 2120/306 2113/309
f 2114/310 2113/309 2120/306
f 2120/306 2121/307 2114/310
f 2115/143 1989/142 1988/134
f 1988/134 2008/135 2115/143
f 2115/143 2008/135 2007/112
f 2007/112 2116/316 2115/143
f 2122/315 2116/316 2007/112
f 2116/316 2122/315 2117/312
f 2117/312 2122/315 2123/311
f 2123/311 2118/308 2117/312
f 2118/308 2123/311 2124/90
f 2119/305 2118/308 2124/90
f 2124/90 2062/91 2119/305
f 2068/302 2119/305 2062/91
f 2120/306 2119/305 2068/302
f 2068/302 2125/303 2120/306
f 2121/307 2120/306 2125/303
f 2125/303 2126/304 2121/307
f 2007/112 2027/113 2122/315
f 2123/311 2122/315 2027/113
f 2027/113 2026/89 2123/311
f 2124/90 2123/311 2026/89
f 2026/89 2048/82 2124/90
f 2124/90 2048/82 2054/83
f 2054/83 2062/91 2124/90
f 2125/303 2068/302 2067/297
f 2067/297 2074/298 2125/303
f 2126/304 2125/303 2074/298
f 2074/298 2083/299 2126/304
f 2057/105 2038/99 2037/100
f 2037/100 1867/106 2057/105
f 1867/106 2037/100 1858/101
f 1858/101 1861/107 1867/106
f 2042/127 2019/121 2018/122
f 2018/122 2041/128 2042/127
f 2041/128 2018/122 1854/123
f 1854/123 1857/129 2041/128
f 1702/356 1850/38 1851/40
f 1851/40 1703/355 1702/356
f 1703/355 1851/40 1849/39
f 1849/39 2127/357 1703/355
f 2127/357 1849/39 1852/41
f 1852/41 1704/358 2127/357
f 1704/358 1852/41 1850/38
f 1850/38 1702/356 1704/358
f 2130/359 2129/360 2128/361
f 2128/361 2131/362 2130/359
f 2132/368 2130/359 2131/362
f 2131/362 2133/369 2132/368
f 1976/373 2132/368 2133/369
f 2133/369 1971/374 1976/373
f 1971/374 2133/369 2134/375
f 2134/375 1972/380 1971/374
f 2131/362 2128/361 2135/363
f 2135/363 2136/370 2131/362
f 2133/369 2131/362 2136/370
f 2136/370 2134/375 2133/369
f 2134/375 2136/370 2137/376
f 2137/376 2138/383 2134/375
f 2134/375 2138/383 2139/382
f 2134/375 2139/382 2140/381
f 1972/380 2134/375 2140/381
f 2140/381 1973/386 1972/380
f 2135/363 2128/361 2129/364
f 2129/364 2141/365 2135/363
f 2142/371 2135/363 2141/365
f 2136/370 2135/363 2142/371
f 2142/371 2137/376 2136/370
f 2137/376 2142/371 2143/372
f 2143/372 2144/377 2137/376
f 2137/376 2144/377 2145/384
f 2145/384 2138/383 2137/376
f 2138/383 2145/384 2146/388
f 2146/388 2139/382 2138/383
f 2140/381 2139/382 2146/388
f 2147/366 2141/365 2129/364
f 2143/372 2141/365 2147/366
f 2141/365 2143/372 2142/371
f 2129/364 2148/367 2147/366
f 2149/397 2147/366 2148/367
f 2147/366 2149/397 2150/378
f 2150/378 2151/379 2147/366
f 2147/366 2151/379 2143/372
f 2143/372 2151/379 2150/378
f 2150/378 2144/377 2143/372
f 2144/377 2150/378 2152/385
f 2152/385 2145/384 2144/377
f 2146/388 2145/384 2152/385
f 2152/385 2153/389 2146/388
f 2154/387 2146/388 2153/389
f 2146/388 2154/387 2140/381
f 2148/367 2155/400 2149/397
f 2149/397 2155/400 2156/396
f 2156/396 2157/390 2149/397
f 2150/378 2149/397 2157/390
f 2157/390 2152/385 2150/378
f 2157/390 2153/389 2152/385
f 2157/390 2158/392 2153/389
f 2153/389 2158/392 2154/387
f 1977/391 2154/387 2158/392
f 2154/387 1977/391 1973/386
f 1973/386 2140/381 2154/387
f 2155/400 2148/367 2129/402
f 2129/402 2130/399 2155/400
f 2156/396 2155/400 2130/399
f 2130/399 2132/398 2156/396
f 1997/395 2156/396 2132/398
f 2157/390 2156/396 1997/395
f 1997/395 1990/394 2157/390
f 2158/392 2157/390 1990/394
f 1990/394 1983/393 2158/392
f 2158/392 1983/393 1977/391
f 2132/398 1976/401 1997/395
f 2161/403 2160/404 2159/405
f 2159/405 2162/406 2161/403
f 2163/411 2161/403 2162/406
f 2162/406 2164/412 2163/411
f 2163/411 2164/412 2038/418
f 2038/418 2057/424 2163/411
f 2162/406 2159/405 2165/407
f 2165/407 2166/413 2162/406
f 2164/412 2162/406 2166/413
f 2166/413 2167/419 2164/412
f 2038/418 2164/412 2167/419
f 2167/419 2039/425 2038/418
f 2043/426 2039/425 2167/419
f 2165/407 2159/405 2160/408
f 2160/408 2168/409 2165/407
f 2169/414 2165/407 2168/409
f 2166/413 2165/407 2169/414
f 2169/414 2170/420 2166/413
f 2167/419 2166/413 2170/420
f 2170/420 2171/429 2167/419
f 2171/429 2172/428 2167/419
f 2172/428 2173/427 2167/419
f 2167/419 2173/427 2043/426
f 2168/409 2160/408 2174/410
f 2174/410 2175/417 2168/409
f 2168/409 2175/417 2176/416
f 2176/416 2177/415 2168/409
f 2168/409 2177/415 2169/414
f 2170/420 2169/414 2177/415
f 2177/415 2178/421 2170/420
f 2171/429 2170/420 2178/421
f 2178/421 2179/432 2171/429
f 2171/429 2179/432 2180/431
f 2180/431 2172/428 2171/429
f 2173/427 2172/428 2180/431
f 2181/423 2175/417 2174/410
f 2175/417 2181/423 2182/422
f 2182/422 2176/416 2175/417
f 2176/416 2182/422 2178/421
f 2178/421 2177/415 2176/416
f 2174/410 2183/441 2181/423
f 2181/423 2183/441 2184/440
f 2184/440 2185/434 2181/423
f 2182/422 2181/423 2185/434
f 2185/434 2186/433 2182/422
f 2182/422 2186/433 2179/432
f 2179/432 2178/421 2182/422
f 2183/441 2174/410 2160/443
f 2160/443 2161/444 2183/441
f 2184/440 2183/441 2161/444
f 2161/444 2163/445 2184/440
f 2056/439 2184/440 2163/445
f 2185/434 2184/440 2056/439
f 2056/439 2055/438 2185/434
f 2187/436 2185/434 2055/438
f 2185/434 2187/436 2188/437
f 2185/434 2188/437 2186/433
f 2179/432 2186/433 2188/437
f 2188/437 2180/431 2179/432
f 2163/445 2057/446 2056/439
f 2055/438 2050/442 2187/436
f 2187/436 2050/442 2049/435
f 2049/435 2189/430 2187/436
f 2188/437 2187/436 2189/430
f 2189/430 2180/431 2188/437
f 2180/431 2189/430 2173/427
f 2043/426 2173/427 2189/430
f 2189/430 2049/435 2043/426
f 2192/447 2191/448 2190/449
f 2190/449 2193/450 2192/447
f 2194/456 2192/447 2193/450
f 2192/447 2194/456 2195/463
f 2195/463 2191/468 2192/447
f 2196/469 2191/468 2195/463
f 2193/450 2190/449 758/451
f 758/451 762/452 2193/450
f 2197/453 2193/450 762/452
f 2193/450 2197/453 2194/456
f 2194/456 2197/453 2198/457
f 2198/457 2199/465 2194/456
f 2194/456 2199/465 2200/464
f 2200/464 2195/463 2194/456
f 2201/470 2195/463 2200/464
f 2195/463 2201/470 2196/469
f 2202/475 2196/469 2201/470
f 2191/478 2196/469 2202/475
f 762/452 761/454 2197/453
f 2197/453 761/454 764/455
f 764/455 2203/459 2197/453
f 2197/453 2203/459 2204/458
f 2197/453 2204/458 2198/457
f 2205/466 2198/457 2204/458
f 2198/457 2205/466 2200/464
f 2200/464 2199/465 2198/457
f 2203/459 764/455 752/460
f 752/460 2206/461 2203/459
f 2204/458 2203/459 2206/461
f 2206/461 2207/467 2204/458
f 2204/458 2207/467 2205/466
f 2205/466 2207/467 2208/473
f 2208/473 2209/472 2205/466
f 2200/464 2205/466 2209/472
f 2209/472 2210/471 2200/464
f 2200/464 2210/471 2201/470
f 2206/461 752/460 751/462
f 751/462 2211/474 2206/461
f 2206/461 2211/474 2208/473
f 2208/473 2207/467 2206/461
f 2211/474 751/462 750/477
f 750/477 2212/476 2211/474
f 2212/476 2208/473 2211/474
f 2209/472 2208/473 2212/476
f 2210/471 2209/472 2212/476
f 2212/476 2201/470 2210/471
f 2201/470 2212/476 2202/475
f 755/481 2202/475 2212/476
f 2202/475 755/481 758/480
f 758/480 2190/479 2202/475
f 2202/475 2190/479 2191/478
f 2212/476 750/477 755/481
f 2213/482 777/483 781/484
f 781/484 2214/485 2213/482
f 2215/491 2213/482 2214/485
f 2214/485 2216/492 2215/491
f 2217/493 2216/492 2214/485
f 2216/492 2217/493 2218/499
f 2218/499 2215/506 2216/492
f 2219/507 2215/506 2218/499
f 2220/486 2214/485 781/484
f 2214/485 2220/486 2217/493
f 2221/494 2217/493 2220/486
f 2217/493 2221/494 2222/500
f 2222/500 2218/499 2217/493
f 2223/508 2218/499 2222/500
f 2218/499 2223/508 2219/507
f 2224/511 2219/507 2223/508
f 2219/507 2224/511 2213/515
f 2213/515 2215/516 2219/507
f 781/484 780/487 2220/486
f 2225/488 2220/486 780/487
f 2225/488 2226/496 2220/486
f 2220/486 2226/496 2227/495
f 2220/486 2227/495 2221/494
f 2222/500 2221/494 2227/495
f 2227/495 2228/501 2222/500
f 2222/500 2228/501 2229/510
f 2229/510 2230/509 2222/500
f 2222/500 2230/509 2223/508
f 780/487 784/489 2225/488
f 2225/488 784/489 789/490
f 789/490 2231/497 2225/488
f 2226/496 2225/488 2231/497
f 2231/497 2232/502 2226/496
f 2226/496 2232/502 2228/501
f 2228/501 2227/495 2226/496
f 2231/497 789/490 772/498
f 772/498 2233/504 2231/497
f 2231/497 2233/504 2234/503
f 2234/503 2232/502 2231/497
f 2228/501 2232/502 2234/503
f 2234/503 2229/510 2228/501
f 2229/510 2234/503 2235/512
f 2230/509 2229/510 2235/512
f 2235/512 2223/508 2230/509
f 2223/508 2235/512 2224/511
f 770/513 2224/511 2235/512
f 2224/511 770/513 777/514
f 777/514 2213/515 2224/511
f 2233/504 772/498 771/505
f 771/505 2235/512 2233/504
f 2235/512 2234/503 2233/504
f 2235/512 771/505 770/513
f 2236/517 802/518 806/519
f 806/519 2237/520 2236/517
f 2238/521 2236/517 2237/520
f 2237/520 2239/522 2238/521
f 2242/1180 2241/1181 2240/1182
f 2240/1182 2243/1183 2242/1180
f 2244/1189 2242/1180 2243/1183
f 2243/1183 2245/1190 2244/1189
f 2244/1189 2245/1190 2019/1195
f 2019/1195 2042/1201 2244/1189
f 2243/1183 2240/1182 2246/1184
f 2246/1184 2247/1191 2243/1183
f 2245/1190 2243/1183 2247/1191
f 2247/1191 2248/1196 2245/1190
f 2019/1195 2245/1190 2248/1196
f 2248/1196 2020/1202 2019/1195
f 2022/1203 2020/1202 2248/1196
f 2246/1184 2240/1182 2241/1185
f 2241/1185 2249/1186 2246/1184
f 2246/1184 2249/1186 2250/1193
f 2250/1193 2251/1192 2246/1184
f 2247/1191 2246/1184 2251/1192
f 2251/1192 2252/1197 2247/1191
f 2248/1196 2247/1191 2252/1197
f 2253/1187 2249/1186 2241/1185
f 2249/1186 2253/1187 2254/1194
f 2254/1194 2250/1193 2249/1186
f 2255/1198 2250/1193 2254/1194
f 2250/1193 2255/1198 2252/1197
f 2252/1197 2251/1192 2250/1193
f 2241/1185 2256/1188 2253/1187
f 2253/1187 2256/1188 2257/1218
f 2257/1218 2258/1200 2253/1187
f 2254/1194 2253/1187 2258/1200
f 2258/1200 2259/1199 2254/1194
f 2254/1194 2259/1199 2255/1198
f 2260/1209 2255/1198 2259/1199
f 2255/1198 2260/1209 2261/1206
f 2261/1206 2252/1197 2255/1198
f 2252/1197 2261/1206 2248/1196
f 2257/1218 2256/1188 2241/1220
f 2241/1220 2242/1221 2257/1218
f 2262/1217 2257/1218 2242/1221
f 2258/1200 2257/1218 2262/1217
f 2262/1217 2263/1211 2258/1200
f 2259/1199 2258/1200 2263/1211
f 2263/1211 2264/1210 2259/1199
f 2259/1199 2264/1210 2260/1209
f 2260/1209 2264/1210 2265/1214
f 2265/1214 2266/1208 2260/1209
f 2261/1206 2260/1209 2266/1208
f 2266/1208 2267/1205 2261/1206
f 2261/1206 2267/1205 2248/1196
f 2242/1221 2244/1222 2262/1217
f 2040/1216 2262/1217 2244/1222
f 2263/1211 2262/1217 2040/1216
f 2040/1216 2035/1215 2263/1211
f 2268/1213 2263/1211 2035/1215
f 2263/1211 2268/1213 2265/1214
f 2263/1211 2265/1214 2264/1210
f 2244/1222 2042/1223 2040/1216
f 2035/1215 2029/1219 2268/1213
f 2268/1213 2029/1219 2028/1212
f 2028/1212 2269/1207 2268/1213
f 2265/1214 2268/1213 2269/1207
f 2269/1207 2266/1208 2265/1214
f 2266/1208 2269/1207 2270/1204
f 2270/1204 2267/1205 2266/1208
f 2267/1205 2270/1204 2248/1196
f 2248/1196 2270/1204 2022/1203
f 2022/1203 2270/1204 2269/1207
f 2269/1207 2028/1212 2022/1203
f 2273/1224 2272/1225 2271/1226
f 2271/1226 2274/1227 2273/1224
f 2275/1233 2273/1224 2274/1227
f 2274/1227 2276/1234 2275/1233
f 2275/1233 2276/1234 2000/1238
f 2000/1238 2002/1244 2275/1233
f 2274/1227 2271/1226 2277/1228
f 2277/1228 2278/1235 2274/1227
f 2276/1234 2274/1227 2278/1235
f 2278/1235 2279/1239 2276/1234
f 2000/1238 2276/1234 2279/1239
f 2279/1239 2001/1266 2000/1238
f 2003/1264 2001/1266 2279/1239
f 2277/1228 2271/1226 2272/1229
f 2272/1229 2280/1230 2277/1228
f 2281/1236 2277/1228 2280/1230
f 2278/1235 2277/1228 2281/1236
f 2281/1236 2282/1241 2278/1235
f 2278/1235 2282/1241 2283/1240
f 2283/1240 2279/1239 2278/1235
f 2284/1251 2279/1239 2283/1240
f 2279/1239 2284/1251 2285/1257
f 2279/1239 2285/1257 2003/1264
f 2286/1231 2280/1230 2272/1229
f 2287/1237 2280/1230 2286/1231
f 2280/1230 2287/1237 2281/1236
f 2282/1241 2281/1236 2287/1237
f 2287/1237 2288/1242 2282/1241
f 2283/1240 2282/1241 2288/1242
f 2288/1242 2289/1245 2283/1240
f 2284/1251 2283/1240 2289/1245
f 2289/1245 2290/1252 2284/1251
f 2284/1251 2290/1252 2291/1258
f 2291/1258 2285/1257 2284/1251
f 2003/1264 2285/1257 2291/1258
f 2272/1229 2292/1232 2286/1231
f 2293/1247 2286/1231 2292/1232
f 2286/1231 2293/1247 2294/1246
f 2294/1246 2295/1243 2286/1231
f 2286/1231 2295/1243 2287/1237
f 2288/1242 2287/1237 2295/1243
f 2295/1243 2294/1246 2288/1242
f 2289/1245 2288/1242 2294/1246
f 2294/1246 2296/1253 2289/1245
f 2290/1252 2289/1245 2296/1253
f 2296/1253 2297/1259 2290/1252
f 2291/1258 2290/1252 2297/1259
f 2292/1232 2298/1248 2293/1247
f 2299/1254 2293/1247 2298/1248
f 2293/1247 2299/1254 2296/1253
f 2296/1253 2294/1246 2293/1247
f 2298/1248 2292/1232 2272/1249
f 2272/1249 2273/1250 2298/1248
f 2300/1255 2298/1248 2273/1250
f 2298/1248 2300/1255 2299/1254
f 2299/1254 2300/1255 2021/1262
f 2021/1262 2016/1261 2299/1254
f 2301/1260 2299/1254 2016/1261
f 2301/1260 2297/1259 2299/1254
f 2299/1254 2297/1259 2296/1253
f 2273/1250 2275/1256 2300/1255
f 2021/1262 2300/1255 2275/1256
f 2275/1256 2002/1263 2021/1262
f 2297/1259 2301/1260 2291/1258
f 2009/1265 2291/1258 2301/1260
f 2291/1258 2009/1265 2003/1264
f 2301/1260 2010/1267 2009/1265
f 2016/1261 2010/1267 2301/1260
f 2236/1268 2238/1269 2302/1270
f 2302/1270 2303/1271 2236/1268
f 802/1272 2236/1268 2303/1271
f 2303/1271 799/1273 802/1272
f 1848/1317 1847/1318 1830/1301
f 1830/1301 1829/1300 1848/1317
f 36/1309 1848/1317 1829/1300
f 1829/1300 38/1309 36/1309
f 1529/981 1533/985 1917/971
f 1917/971 2304/976 1529/981
f 1530/982 1529/981 2304/976
f 2304/976 2305/983 1530/982
f 1531/987 1530/982 2305/983
f 2305/983 2306/986 1531/987
f 2307/984 2306/986 2305/983
f 2304/976 1917/971 2308/972
f 2308/972 2309/974 2304/976
f 2304/976 2309/974 2310/977
f 2310/977 2305/983 2304/976
f 2305/983 2310/977 2307/984
f 1410/978 2307/984 2310/977
f 2310/977 1411/975 1410/978
f 2311/966 2308/972 1917/971
f 2308/972 2311/966 2312/967
f 2312/967 2313/973 2308/972
f 2308/972 2313/973 2314/963
f 2314/963 2309/974 2308/972
f 2309/974 2314/963 1411/975
f 1411/975 2310/977 2309/974
f 1917/971 1912/970 2311/966
f 1245/917 2311/966 1912/970
f 1244/916 2311/966 1245/917
f 2312/967 2311/966 1244/916
f 1244/916 2315/968 2312/967
f 2313/973 2312/967 2315/968
f 2315/968 2316/969 2313/973
f 2313/973 2316/969 2314/963
f 2316/969 2317/962 2314/963
f 2314/963 2317/962 1398/960
f 1398/960 1397/964 2314/963
f 1411/975 2314/963 1397/964
f 2318/961 2315/968 1244/916
f 2316/969 2315/968 2318/961
f 2318/961 2317/962 2316/969
f 2317/962 2318/961 2319/957
f 2319/957 2320/958 2317/962
f 2317/962 2320/958 2321/959
f 2321/959 1398/960 2317/962
f 1398/960 2321/959 2322/954
f 2322/954 1399/955 1398/960
f 1244/916 2319/957 2318/961
f 1244/916 1242/914 2319/957
f 2319/957 1242/914 2323/952
f 2323/952 2320/958 2319/957
f 2321/959 2320/958 2323/952
f 2323/952 2324/953 2321/959
f 2322/954 2321/959 2324/953
f 2324/953 1374/949 2322/954
f 1373/950 2322/954 1374/949
f 1399/955 2322/954 1373/950
f 1373/950 2325/956 1399/955
f 1399/955 2325/956 1393/1017
f 1372/951 1393/1017 2325/956
f 1241/866 2323/952 1242/914
f 2323/952 1241/866 2326/947
f 2326/947 2324/953 2323/952
f 2324/953 2326/947 2327/948
f 2327/948 1374/949 2324/953
f 1374/949 2327/948 1367/943
f 1368/942 1367/943 2327/948
f 2328/941 1368/942 2327/948
f 1368/942 2328/941 1259/919
f 1259/919 2328/941 1240/859
f 2326/947 1241/866 1240/859
f 1240/859 2328/941 2326/947
f 2327/948 2326/947 2328/941
f 2325/956 1373/950 1372/951
f 2331/1325 2330/1324 2329/1323
f 2330/1324 2331/1325 2332/1326
f 2332/1326 2333/1327 2330/1324
f 2333/1327 2332/1326 2334/1328
f 2334/1328 2335/1329 2333/1327
f 2335/1329 2334/1328 2336/1330
f 2336/1330 2337/1331 2335/1329
f 2329/1323 2338/1332 2331/1325
f 2339/1333 2331/1325 2338/1332
f 2331/1325 2339/1333 2340/1334
f 2340/1334 2332/1326 2331/1325
f 2332/1326 2340/1334 2341/1335
f 2341/1335 2334/1328 2332/1326
f 2334/1328 2341/1335 2342/1336
f 2342/1336 2336/1330 2334/1328
f 2338/1332 2329/1323 2343/1337
f 2343/1337 2344/1338 2338/1332
f 2345/1339 2338/1332 2344/1338
f 2338/1332 2345/1339 2339/1333
f 2339/1333 2345/1339 2346/1340
f 2340/1334 2339/1333 2346/1340
f 2341/1335 2340/1334 2346/1340
f 2342/1336 2341/1335 2346/1340
f 2347/1341 2342/1336 2346/1340
f 2336/1330 2342/1336 2347/1341
f 2347/1341 2348/1342 2336/1330
f 2337/1331 2336/1330 2348/1342
f 2344/1338 2343/1337 2349/1343
f 2349/1343 2350/1344 2344/1338
f 2351/1345 2344/1338 2350/1344
f 2344/1338 2351/1345 2345/1339
f 2345/1339 2351/1345 2346/1340
f 2350/1344 2349/1343 2352/1346
f 2352/1346 2353/1347 2350/1344
f 2354/1348 2350/1344 2353/1347
f 2350/1344 2354/1348 2351/1345
f 2351/1345 2354/1348 2346/1340
f 2353/1347 2352/1346 2355/1349
f 2355/1349 2356/1350 2353/1347
f 2357/1351 2353/1347 2356/1350
f 2353/1347 2357/1351 2354/1348
f 2354/1348 2357/1351 2346/1340
f 2356/1350 2355/1349 2358/1352
f 2358/1352 2359/1353 2356/1350
f 2360/1354 2356/1350 2359/1353
f 2356/1350 2360/1354 2357/1351
f 2357/1351 2360/1354 2346/1340
f 2359/1353 2358/1352 2361/1355
f 2361/1355 2362/1356 2359/1353
f 2363/1357 2359/1353 2362/1356
f 2359/1353 2363/1357 2360/1354
f 2360/1354 2363/1357 2346/1340
f 2362/1356 2361/1355 2364/1358
f 2364/1358 2365/1359 2362/1356
f 2366/1360 2362/1356 2365/1359
f 2362/1356 2366/1360 2363/1357
f 2363/1357 2366/1360 2346/1340
f 2365/1359 2364/1358 2367/1361
f 2367/1361 2368/1362 2365/1359
f 2369/1363 2365/1359 2368/1362
f 2365/1359 2369/1363 2366/1360
f 2366/1360 2369/1363 2346/1340
f 2368/1362 2367/1361 2370/1364
f 2370/1364 2371/1365 2368/1362
f 2372/1366 2368/1362 2371/1365
f 2368/1362 2372/1366 2369/1363
f 2369/1363 2372/1366 2346/1340
f 2371/1365 2370/1364 2373/1367
f 2373/1367 2374/1368 2371/1365
f 2375/1369 2371/1365 2374/1368
f 2371/1365 2375/1369 2372/1366
f 2372/1366 2375/1369 2346/1340
f 2374/1368 2373/1367 2376/1370
f 2376/1370 2377/1371 2374/1368
f 2378/1372 2374/1368 2377/1371
f 2374/1368 2378/1372 2375/1369
f 2375/1369 2378/1372 2346/1340
f 2378/1372 2379/1373 2346/1340
f 2379/1373 2380/1374 2346/1340
f 2380/1374 2381/1375 2346/1340
f 2381/1375 2382/1376 2346/1340
f 2382/1376 2347/1341 2346/1340
f 2377/1371 2376/1370 2383/1377
f 2383/1377 2384/1378 2377/1371
f 2379/1373 2377/1371 2384/1378
f 2377/1371 2379/1373 2378/1372
f 2384/1378 2383/1377 2385/1379
f 2385/1379 2386/1380 2384/1378
f 2380/1374 2384/1378 2386/1380
f 2384/1378 2380/1374 2379/1373
f 2386/1380 2385/1379 2387/1381
f 2387/1381 2388/1382 2386/1380
f 2381/1375 2386/1380 2388/1382
f 2386/1380 2381/1375 2380/1374
f 2388/1382 2387/1381 2389/1383
f 2389/1383 2348/1342 2388/1382
f 2382/1376 2388/1382 2348/1342
f 2388/1382 2382/1376 2381/1375
f 2348/1342 2389/1383 2337/1331
f 2348/1342 2347/1341 2382/1376
f 2392/1323 2391/1324 2390/1325
f 2393/1326 2390/1325 2391/1324
f 2390/1325 2393/1326 2394/1334
f 2394/1334 2395/1333 2390/1325
f 2396/1332 2390/1325 2395/1333
f 2390/1325 2396/1332 2392/1323
f 2397/1337 2392/1323 2396/1332
f 2396/1332 2398/1338 2397/1337
f 2399/1343 2397/1337 2398/1338
f 2391/1324 2400/1327 2393/1326
f 2401/1328 2393/1326 2400/1327
f 2393/1326 2401/1328 2402/1335
f 2402/1335 2394/1334 2393/1326
f 2402/1335 2403/1340 2394/1334
f 2394/1334 2403/1340 2395/1333
f 2395/1333 2403/1340 2404/1339
f 2395/1333 2404/1339 2396/1332
f 2398/1338 2396/1332 2404/1339
f 2404/1339 2405/1345 2398/1338
f 2406/1344 2398/1338 2405/1345
f 2398/1338 2406/1344 2399/1343
f 2407/1346 2399/1343 2406/1344
f 2400/1327 2408/1329 2401/1328
f 2409/1330 2401/1328 2408/1329
f 2401/1328 2409/1330 2410/1336
f 2410/1336 2402/1335 2401/1328
f 2410/1336 2403/1340 2402/1335
f 2408/1329 2411/1331 2409/1330
f 2412/1342 2409/1330 2411/1331
f 2409/1330 2412/1342 2413/1341
f 2413/1341 2410/1336 2409/1330
f 2413/1341 2403/1340 2410/1336
f 2411/1331 2414/1383 2412/1342
f 2415/1382 2412/1342 2414/1383
f 2412/1342 2415/1382 2416/1376
f 2416/1376 2413/1341 2412/1342
f 2416/1376 2403/1340 2413/1341
f 2414/1383 2417/1381 2415/1382
f 2418/1380 2415/1382 2417/1381
f 2415/1382 2418/1380 2419/1375
f 2419/1375 2416/1376 2415/1382
f 2419/1375 2403/1340 2416/1376
f 2417/1381 2420/1379 2418/1380
f 2421/1378 2418/1380 2420/1379
f 2418/1380 2421/1378 2422/1374
f 2422/1374 2419/1375 2418/1380
f 2422/1374 2403/1340 2419/1375
f 2420/1379 2423/1377 2421/1378
f 2424/1371 2421/1378 2423/1377
f 2421/1378 2424/1371 2425/1373
f 2425/1373 2422/1374 2421/1378
f 2425/1373 2403/1340 2422/1374
f 2423/1377 2426/1370 2424/1371
f 2427/1368 2424/1371 2426/1370
f 2424/1371 2427/1368 2428/1372
f 2428/1372 2425/1373 2424/1371
f 2428/1372 2403/1340 2425/1373
f 2426/1370 2429/1367 2427/1368
f 2430/1365 2427/1368 2429/1367
f 2427/1368 2430/1365 2431/1369
f 2431/1369 2428/1372 2427/1368
f 2431/1369 2403/1340 2428/1372
f 2429/1367 2432/1364 2430/1365
f 2433/1362 2430/1365 2432/1364
f 2430/1365 2433/1362 2434/1366
f 2434/1366 2431/1369 2430/1365
f 2434/1366 2403/1340 2431/1369
f 2432/1364 2435/1361 2433/1362
f 2436/1359 2433/1362 2435/1361
f 2433/1362 2436/1359 2437/1363
f 2437/1363 2434/1366 2433/1362
f 2437/1363 2403/1340 2434/1366
f 2435/1361 2438/1358 2436/1359
f 2439/1356 2436/1359 2438/1358
f 2436/1359 2439/1356 2440/1360
f 2440/1360 2437/1363 2436/1359
f 2440/1360 2403/1340 2437/1363
f 2438/1358 2441/1355 2439/1356
f 2442/1353 2439/1356 2441/1355
f 2439/1356 2442/1353 2443/1357
f 2443/1357 2440/1360 2439/1356
f 2443/1357 2403/1340 2440/1360
f 2444/1354 2403/1340 2443/1357
f 2445/1351 2403/1340 2444/1354
f 2446/1348 2403/1340 2445/1351
f 2405/1345 2403/1340 2446/1348
f 2404/1339 2403/1340 2405/1345
f 2441/1355 2447/1352 2442/1353
f 2448/1350 2442/1353 2447/1352
f 2442/1353 2448/1350 2444/1354
f 2444/1354 2443/1357 2442/1353
f 2447/1352 2449/1349 2448/1350
f 2450/1347 2448/1350 2449/1349
f 2448/1350 2450/1347 2445/1351
f 2445/1351 2444/1354 2448/1350
f 2449/1349 2407/1346 2450/1347
f 2406/1344 2450/1347 2407/1346
f 2450/1347 2406/1344 2446/1348
f 2446/1348 2445/1351 2450/1347
f 2405/1345 2446/1348 2406/1344
f 2451/1386 634/1385 628/1384
f 634/1385 2451/1386 2452/1387
f 2452/1387 642/1388 634/1385
f 642/1388 2452/1387 2453/1389
f 2453/1389 644/1390 642/1388
f 644/1390 2453/1389 651/1391
f 2451/1386 628/1384 626/1392
f 626/1392 2454/1393 2451/1386
f 2451/1386 2454/1393 2455/1394
f 2455/1394 2452/1387 2451/1386
f 2453/1389 2452/1387 2455/1394
f 2456/1395 2453/1389 2455/1394
f 651/1391 2453/1389 2456/1395
f 2456/1395 652/1396 651/1391
f 544/1397 652/1396 2456/1395
f 2454/1393 626/1392 618/1398
f 618/1398 2457/1399 2454/1393
f 2455/1394 2454/1393 2457/1399
f 618/1398 609/1400 2457/1399
f 2457/1399 609/1400 607/1401
f 607/1401 2458/1402 2457/1399
f 2457/1399 2458/1402 2455/1394
f 2458/1402 607/1401 594/1403
f 594/1403 2459/1404 2458/1402
f 2455/1394 2458/1402 2459/1404
f 594/1403 583/1405 2459/1404
f 2460/1406 2459/1404 583/1405
f 2459/1404 2460/1406 2455/1394
f 583/1405 578/1407 2460/1406
f 2461/1408 2460/1406 578/1407
f 2455/1394 2460/1406 2461/1408
f 2461/1408 2462/1409 2455/1394
f 2455/1394 2462/1409 2463/1410
f 2455/1394 2463/1410 2464/1411
f 2464/1411 2465/1412 2455/1394
f 2455/1394 2465/1412 2466/1413
f 2455/1394 2466/1413 2456/1395
f 578/1407 572/1414 2461/1408
f 2462/1409 2461/1408 572/1414
f 572/1414 566/1415 2462/1409
f 2463/1410 2462/1409 566/1415
f 566/1415 559/1416 2463/1410
f 2463/1410 559/1416 552/1417
f 552/1417 2464/1411 2463/1410
f 2465/1412 2464/1411 552/1417
f 552/1417 543/1418 2465/1412
f 2465/1412 543/1418 544/1397
f 544/1397 2466/1413 2465/1412
f 2456/1395 2466/1413 544/1397
f 33/6 2467/1420 1433/1419
f 1792/1289 2467/1420 33/6
f 2467/1420 1792/1289 1793/1290
f 1793/1290 2468/1421 2467/1420
f 1433/1419 2467/1420 2468/1421
f 2468/1421 1444/1422 1433/1419
f 1444/1422 2468/1421 2469/1423
f 2469/1423 1450/1424 1444/1422
f 1450/1424 2469/1423 2470/1425
f 2470/1425 1457/1426 1450/1424
f 2468/1421 1793/1290 1796/1293
f 1796/1293 2469/1423 2468/1421
f 2470/1425 2469/1423 1796/1293
f 1796/1293 1797/1294 2470/1425
f 2470/1425 1797/1294 1799/1296
f 1799/1296 2471/1427 2470/1425
f 1457/1426 2470/1425 2471/1427
f 2471/1427 1463/1428 1457/1426
f 1463/1428 2471/1427 2472/1429
f 2472/1429 1465/1430 1463/1428
f 1466/1428 1465/1430 2472/1429
f 2472/1429 2473/1427 1466/1428
f 1468/1426 1466/1428 2473/1427
f 2472/1429 2471/1427 1799/1296
f 1799/1296 1802/1299 2472/1429
f 2472/1429 1802/1299 1803/1296
f 1803/1296 2473/1427 2472/1429
f 2474/1425 2473/1427 1803/1296
f 2473/1427 2474/1425 1468/1426
f 1474/1424 1468/1426 2474/1425
f 2474/1425 2475/1423 1474/1424
f 1189/1422 1474/1424 2475/1423
f 2475/1423 2476/1421 1189/1422
f 1186/1419 1189/1422 2476/1421
f 1803/1296 1806/1294 2474/1425
f 2474/1425 1806/1294 1808/1293
f 1808/1293 2475/1423 2474/1425
f 2476/1421 2475/1423 1808/1293
f 1808/1293 1809/1290 2476/1421
f 2477/1420 2476/1421 1809/1290
f 2476/1421 2477/1420 1186/1419
f 37/6 1186/1419 2477/1420
f 1812/1289 37/6 2477/1420
f 1809/1290 1812/1289 2477/1420
f 33/1274 1150/1432 2478/1431
f 2478/1431 1150/1432 1151/1433
f 1151/1433 2479/1434 2478/1431
f 1770/1277 2478/1431 2479/1434
f 2478/1431 1770/1277 33/1274
f 2479/1434 1151/1433 1152/1435
f 1152/1435 2480/1436 2479/1434
f 1771/1278 2479/1434 2480/1436
f 2479/1434 1771/1278 1770/1277
f 2480/1436 1152/1435 1154/1437
f 1154/1437 2481/1438 2480/1436
f 2480/1436 2481/1438 1776/1283
f 1776/1283 1774/1281 2480/1436
f 2480/1436 1774/1281 1771/1278
f 2481/1438 1154/1437 1156/1439
f 1156/1439 2482/1440 2481/1438
f 2481/1438 2482/1440 1778/1285
f 1778/1285 1776/1283 2481/1438
f 2482/1440 1156/1439 1157/1441
f 1157/1441 2483/1442 2482/1440
f 2482/1440 2483/1442 1779/1286
f 1779/1286 1778/1285 2482/1440
f 2484/1440 2483/1442 1157/1441
f 1779/1286 2483/1442 2484/1440
f 2484/1440 1782/1285 1779/1286
f 1782/1285 2484/1440 2485/1438
f 2485/1438 1783/1283 1782/1285
f 1783/1283 2485/1438 2486/1436
f 2486/1436 1785/1281 1783/1283
f 1787/1278 1785/1281 2486/1436
f 1157/1441 1163/1439 2484/1440
f 2485/1438 2484/1440 1163/1439
f 1163/1439 1164/1437 2485/1438
f 2486/1436 2485/1438 1164/1437
f 1164/1437 1173/1435 2486/1436
f 2487/1434 2486/1436 1173/1435
f 2486/1436 2487/1434 1787/1278
f 1790/1277 1787/1278 2487/1434
f 2487/1434 2488/1431 1790/1277
f 2488/1431 37/1274 1790/1277
f 37/1274 2488/1431 1176/1432
f 1175/1433 1176/1432 2488/1431
f 1173/1435 1175/1433 2487/1434
f 2488/1431 2487/1434 1175/1433
f 1638/1150 2489/1443 1631/1143
f 1638/1150 2490/1444 2489/1443
f 2489/1443 2490/1444 2491/1445
f 2492/1446 2489/1443 2491/1445
f 2489/1443 2492/1446 1631/1143
f 2492/1446 1629/1141 1631/1143
f 2492/1446 2493/1447 1629/1141
f 2493/1447 1628/1140 1629/1141
f 1638/1150 1645/1157 2490/1444
f 1645/1157 1685/1167 2490/1444
f 1685/1167 2494/1448 2490/1444
f 2490/1444 2494/1448 2491/1445
f 1685/1167 1686/1168 2494/1448
f 1686/1168 2495/1449 2494/1448
f 2494/1448 2495/1449 2491/1445
f 1686/1168 1616/1092 2495/1449
f 2496/1450 2495/1449 1616/1092
f 2495/1449 2496/1450 2491/1445
f 2496/1450 1616/1092 1615/1087
f 2497/1451 2496/1450 1615/1087
f 2496/1450 2497/1451 2491/1445
f 2497/1451 1615/1087 1614/1083
f 2498/1452 2497/1451 1614/1083
f 2497/1451 2498/1452 2491/1445
f 2498/1452 2499/1453 2491/1445
f 2499/1453 2500/1454 2491/1445
f 2500/1454 2501/1455 2491/1445
f 2501/1455 2493/1447 2491/1445
f 2493/1447 2492/1446 2491/1445
f 2498/1452 1614/1083 1619/1079
f 2499/1453 2498/1452 1619/1079
f 2499/1453 1619/1079 1622/1080
f 2500/1454 2499/1453 1622/1080
f 2500/1454 1622/1080 1624/1074
f 2501/1455 2500/1454 1624/1074
f 2501/1455 1624/1074 1628/1140
f 2493/1447 2501/1455 1628/1140
f 542/522 541/1457 2502/1456
f 2502/1456 541/1457 1767/1270
f 1767/1270 2503/1458 2502/1456
f 2504/1459 2502/1456 2503/1458
f 2505/1460 2502/1456 2504/1459
f 2502/1456 2505/1460 542/522
f 542/522 2505/1460 2506/1461
f 2506/1461 540/520 542/522
f 539/519 540/520 2506/1461
f 2506/1461 602/1462 539/519
f 2503/1458 1767/1270 1768/1271
f 1768/1271 2507/1463 2503/1458
f 2508/1464 2503/1458 2507/1463
f 2503/1458 2508/1464 2504/1459
f 2504/1459 2508/1464 2509/1465
f 2509/1465 2510/1466 2504/1459
f 2504/1459 2510/1466 2511/1467
f 2511/1467 2512/1468 2504/1459
f 2504/1459 2512/1468 2505/1460
f 2507/1463 1768/1271 611/1273
f 611/1273 613/1469 2507/1463
f 2513/1470 2507/1463 613/1469
f 2507/1463 2513/1470 2514/1471
f 2507/1463 2514/1471 2509/1465
f 2507/1463 2509/1465 2508/1464
f 613/1469 615/1472 2513/1470
f 2513/1470 615/1472 604/1473
f 604/1473 2515/1474 2513/1470
f 2514/1471 2513/1470 2515/1474
f 2515/1474 2516/1475 2514/1471
f 2514/1471 2516/1475 2510/1466
f 2510/1466 2509/1465 2514/1471
f 2517/1476 2515/1474 604/1473
f 2515/1474 2517/1476 2518/1477
f 2518/1477 2516/1475 2515/1474
f 2516/1475 2518/1477 2511/1467
f 2511/1467 2510/1466 2516/1475
f 604/1473 603/1478 2517/1476
f 2517/1476 603/1478 602/1462
f 602/1462 2506/1461 2517/1476
f 2517/1476 2506/1461 2518/1477
f 2518/1477 2506/1461 2511/1467
f 2511/1467 2506/1461 2505/1460
f 2505/1460 2512/1468 2511/1467
f 2520/1481 2519/1480 1691/1479
f 1691/1479 2519/1480 2521/1482
f 2521/1482 1698/1483 1691/1479
f 1698/1483 2521/1482 2522/1484
f 2522/1484 1699/1485 1698/1483
f 1700/1483 1699/1485 2522/1484
f 2522/1484 2523/1482 1700/1483
f 1701/1479 1700/1483 2523/1482
f 2523/1482 2524/1480 1701/1479
f 1701/1479 2524/1480 2525/1481
f 2525/1481 1704/358 1701/1479
f 2127/357 1704/358 2525/1481
f 2525/1481 2526/1486 2127/357
f 1703/355 2127/357 2526/1486
f 2526/1486 2527/1487 1703/355
f 1697/1488 1703/355 2527/1487
f 2527/1487 2528/1489 1697/1488
f 1696/1490 1697/1488 2528/1489
f 2528/1489 2529/1491 1696/1490
f 1695/1492 1696/1490 2529/1491
f 2529/1491 2530/1493 1695/1492
f 1695/1492 2530/1493 2531/1491
f 2531/1491 1694/1490 1695/1492
f 1694/1490 2531/1491 2532/1489
f 2532/1489 1693/1488 1694/1490
f 1693/1488 2532/1489 2533/1487
f 2533/1487 409/355 1693/1488
f 409/355 2533/1487 2534/1486
f 2534/1486 411/357 409/355
f 411/357 2534/1486 2520/1481
f 2520/1481 412/358 411/357
f 1691/1479 412/358 2520/1481
f 2522/1484 2521/1482 2535/1494
f 2536/1495 2535/1494 2521/1482
f 2535/1494 2536/1495 979/1496
f 979/1496 978/1497 2535/1494
f 2537/1498 2535/1494 978/1497
f 2535/1494 2537/1498 2522/1484
f 2522/1484 2537/1498 2538/1494
f 2538/1494 2523/1482 2522/1484
f 2521/1482 2519/1480 2536/1495
f 2539/1499 2536/1495 2519/1480
f 2536/1495 2539/1499 972/1500
f 972/1500 979/1496 2536/1495
f 2519/1480 2520/1481 2539/1499
f 2540/1501 2539/1499 2520/1481
f 2539/1499 2540/1501 1170/1502
f 1170/1502 972/1500 2539/1499
f 2520/1481 2534/1486 2540/1501
f 2541/1503 2540/1501 2534/1486
f 2540/1501 2541/1503 1166/1504
f 1166/1504 1170/1502 2540/1501
f 2534/1486 2533/1487 2541/1503
f 2542/1505 2541/1503 2533/1487
f 2541/1503 2542/1505 1167/1506
f 1167/1506 1166/1504 2541/1503
f 2533/1487 2532/1489 2542/1505
f 2543/1507 2542/1505 2532/1489
f 2542/1505 2543/1507 1168/1508
f 1168/1508 1167/1506 2542/1505
f 2532/1489 2531/1491 2543/1507
f 2544/1509 2543/1507 2531/1491
f 2543/1507 2544/1509 1169/1510
f 1169/1510 1168/1508 2543/1507
f 2531/1491 2530/1493 2544/1509
f 2544/1509 2530/1493 2529/1491
f 2529/1491 2545/1507 2544/1509
f 1169/1510 2544/1509 2545/1507
f 2545/1507 1177/1508 1169/1510
f 1177/1508 2545/1507 2546/1505
f 2546/1505 1178/1506 1177/1508
f 1178/1506 2546/1505 2547/1503
f 2547/1503 1182/1504 1178/1506
f 2545/1507 2529/1491 2528/1489
f 2528/1489 2546/1505 2545/1507
f 2546/1505 2528/1489 2527/1487
f 2527/1487 2547/1503 2546/1505
f 2547/1503 2527/1487 2526/1486
f 2526/1486 2548/1501 2547/1503
f 1182/1504 2547/1503 2548/1501
f 2548/1501 996/1502 1182/1504
f 996/1502 2548/1501 2549/1499
f 2549/1499 989/1500 996/1502
f 989/1500 2549/1499 2550/1495
f 2550/1495 984/1496 989/1500
f 2548/1501 2526/1486 2525/1481
f 2525/1481 2549/1499 2548/1501
f 2549/1499 2525/1481 2524/1480
f 2524/1480 2550/1495 2549/1499
f 2550/1495 2524/1480 2523/1482
f 2523/1482 2538/1494 2550/1495
f 984/1496 2550/1495 2538/1494
f 2538/1494 985/1497 984/1496
f 985/1497 2538/1494 2537/1498
f 2537/1498 1690/1511 985/1497
f 978/1497 1690/1511 2537/1498
f 1572/1514 1358/1513 2551/1512
f 2552/1515 2551/1512 1358/1513
f 2551/1512 2552/1515 2553/1516
f 2553/1516 2554/1517 2551/1512
f 2555/1518 2551/1512 2554/1517
f 2551/1512 2555/1518 1572/1514
f 1572/1514 2555/1518 2556/1519
f 2556/1519 1573/1520 1572/1514
f 1358/1513 1356/1521 2552/1515
f 2557/1522 2552/1515 1356/1521
f 2552/1515 2557/1522 2558/1523
f 2558/1523 2553/1516 2552/1515
f 2553/1516 2558/1523 2559/1524
f 2559/1524 2560/1525 2553/1516
f 2554/1517 2553/1516 2560/1525
f 2560/1525 2561/1526 2554/1517
f 2562/1527 2554/1517 2561/1526
f 2554/1517 2562/1527 2555/1518
f 2556/1519 2555/1518 2562/1527
f 1356/1521 1349/1528 2557/1522
f 2563/1529 2557/1522 1349/1528
f 2557/1522 2563/1529 2564/1530
f 2564/1530 2558/1523 2557/1522
f 2558/1523 2564/1530 2565/1531
f 2565/1531 2559/1524 2558/1523
f 2559/1524 2565/1531 2566/1532
f 2566/1532 2567/1533 2559/1524
f 2559/1524 2567/1533 2561/1526
f 2561/1526 2560/1525 2559/1524
f 1349/1528 1342/1534 2563/1529
f 2568/1535 2563/1529 1342/1534
f 2563/1529 2568/1535 2569/1536
f 2569/1536 2564/1530 2563/1529
f 2564/1530 2569/1536 2570/1537
f 2570/1537 2565/1531 2564/1530
f 2566/1532 2565/1531 2570/1537
f 2570/1537 2571/1538 2566/1532
f 2572/1539 2566/1532 2571/1538
f 2566/1532 2572/1539 2573/1540
f 2573/1540 2567/1533 2566/1532
f 1342/1534 1338/1541 2568/1535
f 2574/1542 2568/1535 1338/1541
f 2568/1535 2574/1542 2575/1543
f 2575/1543 2569/1536 2568/1535
f 2569/1536 2575/1543 2576/1544
f 2576/1544 2570/1537 2569/1536
f 2571/1538 2570/1537 2576/1544
f 2576/1544 2577/1545 2571/1538
f 2578/1546 2571/1538 2577/1545
f 2571/1538 2578/1546 2572/1539
f 2579/1547 2572/1539 2578/1546
f 2573/1540 2572/1539 2579/1547
f 1338/1541 1329/1548 2574/1542
f 2580/1549 2574/1542 1329/1548
f 2574/1542 2580/1549 2581/1550
f 2581/1550 2575/1543 2574/1542
f 2575/1543 2581/1550 2582/1551
f 2582/1551 2576/1544 2575/1543
f 2577/1545 2576/1544 2582/1551
f 2582/1551 2583/1552 2577/1545
f 2584/1553 2577/1545 2583/1552
f 2577/1545 2584/1553 2578/1546
f 2585/1554 2578/1546 2584/1553
f 2578/1546 2585/1554 2579/1547
f 1329/1548 1335/1555 2580/1549
f 2586/1556 2580/1549 1335/1555
f 2580/1549 2586/1556 2587/1557
f 2587/1557 2581/1550 2580/1549
f 2581/1550 2587/1557 2588/1558
f 2588/1558 2582/1551 2581/1550
f 2582/1551 2588/1558 2589/1559
f 2589/1559 2583/1552 2582/1551
f 2590/1560 2583/1552 2589/1559
f 2583/1552 2590/1560 2584/1553
f 2591/1561 2584/1553 2590/1560
f 2584/1553 2591/1561 2585/1554
f 1335/1555 1336/1562 2586/1556
f 2592/1563 2586/1556 1336/1562
f 2586/1556 2592/1563 2593/1564
f 2593/1564 2587/1557 2586/1556
f 2587/1557 2593/1564 2589/1559
f 2589/1559 2588/1558 2587/1557
f 1336/1562 1337/1565 2592/1563
f 2592/1563 1337/1565 1607/1566
f 1607/1566 2594/1567 2592/1563
f 2592/1563 2594/1567 2595/1568
f 2595/1568 2593/1564 2592/1563
f 2589/1559 2593/1564 2595/1568
f 2595/1568 2596/1569 2589/1559
f 2589/1559 2596/1569 2590/1560
f 2597/1570 2590/1560 2596/1569
f 2590/1560 2597/1570 2591/1561
f 2598/1571 2591/1561 2597/1570
f 2591/1561 2598/1571 2599/1572
f 2599/1572 2585/1554 2591/1561
f 2594/1567 1607/1566 1600/1573
f 1600/1573 2600/1574 2594/1567
f 2594/1567 2600/1574 2601/1575
f 2601/1575 2595/1568 2594/1567
f 2596/1569 2595/1568 2601/1575
f 2601/1575 2602/1576 2596/1569
f 2596/1569 2602/1576 2597/1570
f 2603/1577 2597/1570 2602/1576
f 2597/1570 2603/1577 2598/1571
f 2600/1574 1600/1573 1594/1578
f 1594/1578 2604/1579 2600/1574
f 2600/1574 2604/1579 2603/1577
f 2603/1577 2601/1575 2600/1574
f 2602/1576 2601/1575 2603/1577
f 2604/1579 1594/1578 1588/1580
f 1588/1580 2605/1581 2604/1579
f 2604/1579 2605/1581 2598/1571
f 2598/1571 2603/1577 2604/1579
f 2605/1581 1588/1580 1576/1582
f 1576/1582 2606/1583 2605/1581
f 2598/1571 2605/1581 2606/1583
f 2606/1583 2599/1572 2598/1571
f 2607/1584 2599/1572 2606/1583
f 2585/1554 2599/1572 2607/1584
f 2607/1584 2579/1547 2585/1554
f 2606/1583 1576/1582 1575/1585
f 1575/1585 2608/1586 2606/1583
f 2606/1583 2608/1586 2607/1584
f 2609/1587 2607/1584 2608/1586
f 2579/1547 2607/1584 2609/1587
f 2609/1587 2610/1588 2579/1547
f 2579/1547 2610/1588 2573/1540
f 2573/1540 2610/1588 2611/1589
f 2611/1589 2612/1590 2573/1540
f 2567/1533 2573/1540 2612/1590
f 2608/1586 1575/1585 1574/1591
f 1574/1591 2613/1592 2608/1586
f 2608/1586 2613/1592 2609/1587
f 2614/1593 2609/1587 2613/1592
f 2610/1588 2609/1587 2614/1593
f 2614/1593 2611/1589 2610/1588
f 2611/1589 2614/1593 2562/1527
f 2562/1527 2612/1590 2611/1589
f 2561/1526 2612/1590 2562/1527
f 2612/1590 2561/1526 2567/1533
f 2613/1592 1574/1591 1573/1520
f 1573/1520 2556/1519 2613/1592
f 2613/1592 2556/1519 2614/1593
f 2562/1527 2614/1593 2556/1519
f 913/1596 912/1595 2615/1594
f 2615/1594 912/1595 916/1597
f 916/1597 2616/1598 2615/1594
f 2615/1594 2616/1598 2617/1599
f 2617/1599 2618/1600 2615/1594
f 2615/1594 2618/1600 2619/1601
f 2619/1601 2620/1602 2615/1594
f 2615/1594 2620/1602 913/1596
f 913/1596 2620/1602 2621/1603
f 2621/1603 908/1604 913/1596
f 2622/1605 2616/1598 916/1597
f 2617/1599 2616/1598 2622/1605
f 2622/1605 2623/1606 2617/1599
f 2617/1599 2623/1606 2624/1607
f 2624/1607 2625/1608 2617/1599
f 2617/1599 2625/1608 2626/1609
f 2626/1609 2618/1600 2617/1599
f 2619/1601 2618/1600 2626/1609
f 916/1597 919/1610 2622/1605
f 2622/1605 919/1610 922/1611
f 922/1611 2627/1612 2622/1605
f 2622/1605 2627/1612 2624/1607
f 2624/1607 2623/1606 2622/1605
f 2628/1613 2627/1612 922/1611
f 2624/1607 2627/1612 2628/1613
f 2628/1613 2629/1614 2624/1607
f 2624/1607 2629/1614 2630/1615
f 2630/1615 2625/1608 2624/1607
f 2626/1609 2625/1608 2630/1615
f 2630/1615 2631/1616 2626/1609
f 2626/1609 2631/1616 2632/1617
f 2632/1617 2633/1618 2626/1609
f 2626/1609 2633/1618 2619/1601
f 922/1611 927/1619 2628/1613
f 2628/1613 927/1619 931/1620
f 931/1620 2634/1621 2628/1613
f 2628/1613 2634/1621 2635/1622
f 2635/1622 2629/1614 2628/1613
f 2630/1615 2629/1614 2635/1622
f 2635/1622 2636/1623 2630/1615
f 2630/1615 2636/1623 2637/1624
f 2637/1624 2631/1616 2630/1615
f 2632/1617 2631/1616 2637/1624
f 2638/1625 2634/1621 931/1620
f 2635/1622 2634/1621 2638/1625
f 2638/1625 2639/1626 2635/1622
f 2635/1622 2639/1626 2640/1627
f 2640/1627 2636/1623 2635/1622
f 2637/1624 2636/1623 2640/1627
f 2640/1627 2641/1628 2637/1624
f 2637/1624 2641/1628 2642/1629
f 2642/1629 2643/1630 2637/1624
f 2637/1624 2643/1630 2632/1617
f 931/1620 936/1631 2638/1625
f 2638/1625 936/1631 937/1632
f 937/1632 2644/1633 2638/1625
f 2638/1625 2644/1633 2640/1627
f 2640/1627 2639/1626 2638/1625
f 2645/1634 2644/1633 937/1632
f 2640/1627 2644/1633 2645/1634
f 2645/1634 2641/1628 2640/1627
f 2642/1629 2641/1628 2645/1634
f 2645/1634 2646/1635 2642/1629
f 2642/1629 2646/1635 2647/1636
f 2647/1636 2648/1637 2642/1629
f 2642/1629 2648/1637 2649/1638
f 2649/1638 2643/1630 2642/1629
f 2632/1617 2643/1630 2649/1638
f 937/1632 942/1639 2645/1634
f 2645/1634 942/1639 944/1640
f 944/1640 2646/1635 2645/1634
f 2647/1636 2646/1635 944/1640
f 944/1640 951/1641 2647/1636
f 2647/1636 951/1641 1141/1642
f 1141/1642 2650/1643 2647/1636
f 2647/1636 2650/1643 2649/1638
f 2649/1638 2648/1637 2647/1636
f 2651/1644 2650/1643 1141/1642
f 2649/1638 2650/1643 2651/1644
f 2651/1644 2652/1645 2649/1638
f 2649/1638 2652/1645 2632/1617
f 2632/1617 2652/1645 2653/1646
f 2653/1646 2633/1618 2632/1617
f 2619/1601 2633/1618 2653/1646
f 1141/1642 910/1647 2651/1644
f 2654/1648 2651/1644 910/1647
f 2651/1644 2654/1648 2653/1646
f 2653/1646 2652/1645 2651/1644
f 910/1647 909/1649 2654/1648
f 2621/1603 2654/1648 909/1649
f 2653/1646 2654/1648 2621/1603
f 2621/1603 2655/1650 2653/1646
f 2653/1646 2655/1650 2619/1601
f 2619/1601 2655/1650 2621/1603
f 2621/1603 2620/1602 2619/1601
f 909/1649 908/1604 2621/1603
f 2656/1653 386/1652 390/1651
f 382/1654 386/1652 2656/1653
f 2656/1653 2657/1655 382/1654
f 382/1654 2657/1655 2658/1656
f 2658/1656 379/1657 382/1654
f 374/1658 379/1657 2658/1656
f 390/1651 2659/1659 2656/1653
f 2660/1660 2656/1653 2659/1659
f 2656/1653 2660/1660 2661/1661
f 2661/1661 2657/1655 2656/1653
f 2658/1656 2657/1655 2661/1661
f 2661/1661 2662/1662 2658/1656
f 2658/1656 2662/1662 2663/1663
f 2663/1663 2664/1664 2658/1656
f 2658/1656 2664/1664 374/1658
f 2659/1659 390/1651 393/1665
f 393/1665 2665/1666 2659/1659
f 2659/1659 2665/1666 2666/1667
f 2666/1667 2667/1668 2659/1659
f 2659/1659 2667/1668 2660/1660
f 2668/1669 2660/1660 2667/1668
f 2661/1661 2660/1660 2668/1669
f 2668/1669 2669/1670 2661/1661
f 2661/1661 2669/1670 2663/1663
f 2663/1663 2662/1662 2661/1661
f 2670/1671 2665/1666 393/1665
f 2666/1667 2665/1666 2670/1671
f 2670/1671 2671/1672 2666/1667
f 2666/1667 2671/1672 2672/1673
f 2672/1673 2673/1674 2666/1667
f 2666/1667 2673/1674 2674/1675
f 2674/1675 2667/1668 2666/1667
f 2667/1668 2674/1675 2668/1669
f 393/1665 396/1676 2670/1671
f 2670/1671 396/1676 398/1677
f 398/1677 2675/1678 2670/1671
f 2670/1671 2675/1678 2672/1673
f 2672/1673 2671/1672 2670/1671
f 2676/1679 2675/1678 398/1677
f 2672/1673 2675/1678 2676/1679
f 2676/1679 2677/1680 2672/1673
f 2672/1673 2677/1680 2678/1681
f 2678/1681 2673/1674 2672/1673
f 2674/1675 2673/1674 2678/1681
f 2678/1681 2679/1682 2674/1675
f 2674/1675 2679/1682 2680/1683
f 2680/1683 2668/1669 2674/1675
f 398/1677 399/1684 2676/1679
f 2676/1679 399/1684 401/1685
f 401/1685 2681/1686 2676/1679
f 2676/1679 2681/1686 2682/1687
f 2682/1687 2677/1680 2676/1679
f 2678/1681 2677/1680 2682/1687
f 2682/1687 2683/1688 2678/1681
f 2678/1681 2683/1688 2684/1689
f 2684/1689 2679/1682 2678/1681
f 2679/1682 2684/1689 2685/1690
f 2685/1690 2680/1683 2679/1682
f 2686/1691 2680/1683 2685/1690
f 2668/1669 2680/1683 2686/1691
f 2686/1691 2669/1670 2668/1669
f 2687/1692 2681/1686 401/1685
f 2682/1687 2681/1686 2687/1692
f 2687/1692 2688/1693 2682/1687
f 2682/1687 2688/1693 2689/1694
f 2689/1694 2683/1688 2682/1687
f 2684/1689 2683/1688 2689/1694
f 2689/1694 2690/1695 2684/1689
f 2684/1689 2690/1695 2691/1696
f 2691/1696 2685/1690 2684/1689
f 401/1685 402/1697 2687/1692
f 2687/1692 402/1697 404/1698
f 404/1698 2692/1699 2687/1692
f 2687/1692 2692/1699 2689/1694
f 2689/1694 2688/1693 2687/1692
f 2693/1700 2692/1699 404/1698
f 2689/1694 2692/1699 2693/1700
f 2693/1700 2690/1695 2689/1694
f 2690/1695 2693/1700 2694/1701
f 2694/1701 2691/1696 2690/1695
f 2695/1702 2691/1696 2694/1701
f 2685/1690 2691/1696 2695/1702
f 2695/1702 2696/1703 2685/1690
f 2685/1690 2696/1703 2686/1691
f 404/1698 406/1704 2693/1700
f 2694/1701 2693/1700 406/1704
f 406/1704 360/1705 2694/1701
f 2694/1701 360/1705 359/1706
f 359/1706 2697/1707 2694/1701
f 2694/1701 2697/1707 2695/1702
f 2695/1702 2697/1707 2698/1708
f 2698/1708 2699/1709 2695/1702
f 2695/1702 2699/1709 2700/1710
f 2700/1710 2696/1703 2695/1702
f 2686/1691 2696/1703 2700/1710
f 2700/1710 2701/1711 2686/1691
f 2686/1691 2701/1711 2663/1663
f 2663/1663 2669/1670 2686/1691
f 2698/1708 2697/1707 359/1706
f 359/1706 364/1712 2698/1708
f 2698/1708 364/1712 367/1713
f 367/1713 2702/1714 2698/1708
f 2698/1708 2702/1714 2700/1710
f 2700/1710 2699/1709 2698/1708
f 2703/1715 2702/1714 367/1713
f 2700/1710 2702/1714 2703/1715
f 2703/1715 2701/1711 2700/1710
f 2663/1663 2701/1711 2703/1715
f 2703/1715 2664/1664 2663/1663
f 374/1658 2664/1664 2703/1715
f 2703/1715 370/1716 374/1658
f 367/1713 370/1716 2703/1715
f 2704/1717 1689/1167 1682/1157
f 1689/1167 2704/1717 2705/1448
f 2705/1448 1687/1168 1689/1167
f 1687/1168 2705/1448 2706/1449
f 2706/1449 1517/1092 1687/1168
f 1517/1092 2706/1449 2707/1450
f 2707/1450 1512/1087 1517/1092
f 1682/1157 2708/1444 2704/1717
f 2705/1448 2704/1717 2708/1444
f 2708/1444 2709/1445 2705/1448
f 2705/1448 2709/1445 2706/1449
f 2706/1449 2709/1445 2707/1450
f 2707/1450 2709/1445 2710/1451
f 1512/1087 2707/1450 2710/1451
f 2710/1451 1508/1083 1512/1087
f 1508/1083 2710/1451 2711/1452
f 2711/1452 1504/1079 1508/1083
f 2708/1444 1682/1157 1681/1150
f 1681/1150 2712/1443 2708/1444
f 2712/1443 2709/1445 2708/1444
f 2712/1443 1681/1150 1680/1143
f 1680/1143 2713/1446 2712/1443
f 2713/1446 2709/1445 2712/1443
f 2714/1447 2709/1445 2713/1446
f 2715/1455 2709/1445 2714/1447
f 2716/1454 2709/1445 2715/1455
f 2717/1453 2709/1445 2716/1454
f 2711/1452 2709/1445 2717/1453
f 2710/1451 2709/1445 2711/1452
f 2713/1446 1680/1143 1683/1141
f 1683/1141 2714/1447 2713/1446
f 2714/1447 1683/1141 1684/1140
f 1684/1140 2715/1455 2714/1447
f 2715/1455 1684/1140 1499/1074
f 1499/1074 2716/1454 2715/1455
f 2716/1454 1499/1074 1505/1080
f 1505/1080 2717/1453 2716/1454
f 2717/1453 1505/1080 1504/1079
f 1504/1079 2711/1452 2717/1453
f 2718/1386 765/1384 759/1385
f 775/1392 765/1384 2718/1386
f 2718/1386 2719/1393 775/1392
f 778/1398 775/1392 2719/1393
f 2719/1393 2720/1399 778/1398
f 778/1398 2720/1399 785/1400
f 800/1401 785/1400 2720/1399
f 2721/1387 2718/1386 759/1385
f 2722/1394 2718/1386 2721/1387
f 2718/1386 2722/1394 2719/1393
f 2722/1394 2720/1399 2719/1393
f 2720/1399 2722/1394 2723/1402
f 2720/1399 2723/1402 800/1401
f 803/1403 800/1401 2723/1402
f 2723/1402 2724/1404 803/1403
f 803/1403 2724/1404 810/1405
f 759/1385 756/1388 2721/1387
f 2725/1389 2721/1387 756/1388
f 2725/1389 2722/1394 2721/1387
f 756/1388 748/1390 2725/1389
f 748/1390 747/1391 2725/1389
f 2726/1395 2725/1389 747/1391
f 2722/1394 2725/1389 2726/1395
f 747/1391 746/1396 2726/1395
f 2726/1395 746/1396 745/1397
f 745/1397 2727/1413 2726/1395
f 2726/1395 2727/1413 2722/1394
f 2728/1412 2727/1413 745/1397
f 2722/1394 2727/1413 2728/1412
f 745/1397 850/1418 2728/1412
f 2728/1412 850/1418 843/1417
f 843/1417 2729/1411 2728/1412
f 2722/1394 2728/1412 2729/1411
f 2729/1411 2730/1410 2722/1394
f 2722/1394 2730/1410 2731/1409
f 2722/1394 2731/1409 2732/1408
f 2732/1408 2733/1406 2722/1394
f 2724/1404 2722/1394 2733/1406
f 2722/1394 2724/1404 2723/1402
f 2730/1410 2729/1411 843/1417
f 843/1417 837/1416 2730/1410
f 2730/1410 837/1416 830/1415
f 830/1415 2731/1409 2730/1410
f 2731/1409 830/1415 824/1414
f 824/1414 2732/1408 2731/1409
f 2732/1408 824/1414 818/1407
f 818/1407 2733/1406 2732/1408
f 2733/1406 818/1407 810/1405
f 810/1405 2724/1404 2733/1406
f 2734/1456 2238/1457 2239/522
f 2302/1270 2238/1457 2734/1456
f 2734/1456 2735/1458 2302/1270
f 2303/1271 2302/1270 2735/1458
f 2735/1458 2736/1463 2303/1271
f 799/1273 2303/1271 2736/1463
f 2736/1463 793/1469 799/1273
f 2239/522 2737/1460 2734/1456
f 2738/1459 2734/1456 2737/1460
f 2735/1458 2734/1456 2738/1459
f 2738/1459 2739/1464 2735/1458
f 2736/1463 2735/1458 2739/1464
f 2739/1464 2740/1465 2736/1463
f 2736/1463 2740/1465 2741/1471
f 2736/1463 2741/1471 2742/1470
f 793/1469 2736/1463 2742/1470
f 2742/1470 794/1472 793/1469
f 2743/1461 2737/1460 2239/522
f 2737/1460 2743/1461 2744/1467
f 2744/1467 2745/1468 2737/1460
f 2737/1460 2745/1468 2738/1459
f 2738/1459 2745/1468 2744/1467
f 2744/1467 2746/1466 2738/1459
f 2738/1459 2746/1466 2740/1465
f 2740/1465 2739/1464 2738/1459
f 2239/522 2237/520 2743/1461
f 2743/1461 2237/520 806/519
f 806/519 805/1462 2743/1461
f 2747/1476 2743/1461 805/1462
f 2747/1476 2748/1477 2743/1461
f 2748/1477 2744/1467 2743/1461
f 2744/1467 2748/1477 2749/1475
f 2749/1475 2746/1466 2744/1467
f 2746/1466 2749/1475 2741/1471
f 2741/1471 2740/1465 2746/1466
f 805/1462 809/1478 2747/1476
f 2747/1476 809/1478 814/1473
f 814/1473 2750/1474 2747/1476
f 2748/1477 2747/1476 2750/1474
f 2750/1474 2749/1475 2748/1477
f 2741/1471 2749/1475 2750/1474
f 2750/1474 2742/1470 2741/1471
f 2742/1470 2750/1474 814/1473
f 814/1473 794/1472 2742/1470
f 2751/1512 1414/1513 1548/1514
f 1414/1513 2751/1512 2752/1515
f 2752/1515 1413/1521 1414/1513
f 1413/1521 2752/1515 2753/1522
f 2753/1522 1407/1528 1413/1521
f 1407/1528 2753/1522 2754/1529
f 2754/1529 1408/1534 1407/1528
f 1548/1514 2755/1518 2751/1512
f 2756/1517 2751/1512 2755/1518
f 2751/1512 2756/1517 2757/1516
f 2757/1516 2752/1515 2751/1512
f 2752/1515 2757/1516 2758/1523
f 2758/1523 2753/1522 2752/1515
f 2753/1522 2758/1523 2759/1530
f 2759/1530 2754/1529 2753/1522
f 2760/1519 2755/1518 1548/1514
f 2761/1527 2755/1518 2760/1519
f 2755/1518 2761/1527 2756/1517
f 2762/1526 2756/1517 2761/1527
f 2756/1517 2762/1526 2763/1525
f 2763/1525 2757/1516 2756/1517
f 2757/1516 2763/1525 2764/1524
f 2764/1524 2758/1523 2757/1516
f 2758/1523 2764/1524 2765/1531
f 2765/1531 2759/1530 2758/1523
f 1548/1514 1541/1520 2760/1519
f 2766/1592 2760/1519 1541/1520
f 2767/1593 2760/1519 2766/1592
f 2760/1519 2767/1593 2761/1527
f 2761/1527 2767/1593 2768/1589
f 2768/1589 2769/1590 2761/1527
f 2761/1527 2769/1590 2762/1526
f 2770/1533 2762/1526 2769/1590
f 2762/1526 2770/1533 2764/1524
f 2764/1524 2763/1525 2762/1526
f 1541/1520 1535/1591 2766/1592
f 2771/1586 2766/1592 1535/1591
f 2772/1587 2766/1592 2771/1586
f 2766/1592 2772/1587 2767/1593
f 2767/1593 2772/1587 2773/1588
f 2773/1588 2768/1589 2767/1593
f 2768/1589 2773/1588 2774/1540
f 2774/1540 2769/1590 2768/1589
f 2769/1590 2774/1540 2770/1533
f 2775/1532 2770/1533 2774/1540
f 2764/1524 2770/1533 2775/1532
f 2775/1532 2765/1531 2764/1524
f 1535/1591 1534/1585 2771/1586
f 2776/1583 2771/1586 1534/1585
f 2777/1584 2771/1586 2776/1583
f 2771/1586 2777/1584 2772/1587
f 2772/1587 2777/1584 2778/1547
f 2778/1547 2773/1588 2772/1587
f 2774/1540 2773/1588 2778/1547
f 2778/1547 2779/1539 2774/1540
f 2774/1540 2779/1539 2775/1532
f 2780/1538 2775/1532 2779/1539
f 2775/1532 2780/1538 2781/1537
f 2781/1537 2765/1531 2775/1532
f 2759/1530 2765/1531 2781/1537
f 1534/1585 1526/1582 2776/1583
f 2782/1581 2776/1583 1526/1582
f 2776/1583 2782/1581 2783/1571
f 2783/1571 2784/1572 2776/1583
f 2776/1583 2784/1572 2777/1584
f 2777/1584 2784/1572 2785/1554
f 2785/1554 2778/1547 2777/1584
f 2778/1547 2785/1554 2786/1546
f 2786/1546 2779/1539 2778/1547
f 2779/1539 2786/1546 2780/1538
f 1526/1582 1525/1580 2782/1581
f 2787/1579 2782/1581 1525/1580
f 2783/1571 2782/1581 2787/1579
f 2787/1579 2788/1577 2783/1571
f 2783/1571 2788/1577 2789/1570
f 2789/1570 2790/1561 2783/1571
f 2784/1572 2783/1571 2790/1561
f 2790/1561 2785/1554 2784/1572
f 2785/1554 2790/1561 2791/1553
f 2791/1553 2786/1546 2785/1554
f 2786/1546 2791/1553 2792/1545
f 2792/1545 2780/1538 2786/1546
f 1525/1580 1524/1578 2787/1579
f 2793/1574 2787/1579 1524/1578
f 2788/1577 2787/1579 2793/1574
f 2793/1574 2794/1575 2788/1577
f 2788/1577 2794/1575 2795/1576
f 2795/1576 2789/1570 2788/1577
f 2789/1570 2795/1576 2796/1569
f 2796/1569 2797/1560 2789/1570
f 2790/1561 2789/1570 2797/1560
f 2797/1560 2791/1553 2790/1561
f 2791/1553 2797/1560 2798/1552
f 2798/1552 2792/1545 2791/1553
f 1524/1578 1528/1573 2793/1574
f 2799/1567 2793/1574 1528/1573
f 2794/1575 2793/1574 2799/1567
f 2799/1567 2800/1568 2794/1575
f 2794/1575 2800/1568 2796/1569
f 2796/1569 2795/1576 2794/1575
f 1528/1573 1532/1566 2799/1567
f 2801/1563 2799/1567 1532/1566
f 2800/1568 2799/1567 2801/1563
f 2801/1563 2802/1564 2800/1568
f 2800/1568 2802/1564 2803/1559
f 2803/1559 2796/1569 2800/1568
f 2797/1560 2796/1569 2803/1559
f 2803/1559 2798/1552 2797/1560
f 2804/1551 2798/1552 2803/1559
f 2792/1545 2798/1552 2804/1551
f 2804/1551 2805/1544 2792/1545
f 2780/1538 2792/1545 2805/1544
f 1532/1566 1531/1565 2801/1563
f 2801/1563 1531/1565 2306/1562
f 2306/1562 2806/1556 2801/1563
f 2802/1564 2801/1563 2806/1556
f 2806/1556 2807/1557 2802/1564
f 2803/1559 2802/1564 2807/1557
f 2807/1557 2808/1558 2803/1559
f 2803/1559 2808/1558 2804/1551
f 2809/1550 2804/1551 2808/1558
f 2804/1551 2809/1550 2810/1543
f 2810/1543 2805/1544 2804/1551
f 2806/1556 2306/1562 2307/1555
f 2307/1555 2811/1549 2806/1556
f 2807/1557 2806/1556 2811/1549
f 2811/1549 2809/1550 2807/1557
f 2808/1558 2807/1557 2809/1550
f 2811/1549 2307/1555 1410/1548
f 1410/1548 2812/1542 2811/1549
f 2809/1550 2811/1549 2812/1542
f 2812/1542 2810/1543 2809/1550
f 2810/1543 2812/1542 2813/1535
f 2813/1535 2814/1536 2810/1543
f 2805/1544 2810/1543 2814/1536
f 2814/1536 2781/1537 2805/1544
f 2805/1544 2781/1537 2780/1538
f 2812/1542 1410/1548 1409/1541
f 1409/1541 2813/1535 2812/1542
f 2813/1535 1409/1541 1408/1534
f 1408/1534 2754/1529 2813/1535
f 2814/1536 2813/1535 2754/1529
f 2754/1529 2759/1530 2814/1536
f 2781/1537 2814/1536 2759/1530
f 2815/1594 1033/1595 1038/1596
f 1034/1597 1033/1595 2815/1594
f 2815/1594 2816/1598 1034/1597
f 1034/1597 2816/1598 2817/1605
f 2817/1605 1035/1610 1034/1597
f 1029/1611 1035/1610 2817/1605
f 1038/1596 2818/1602 2815/1594
f 2815/1594 2818/1602 2819/1601
f 2819/1601 2820/1600 2815/1594
f 2815/1594 2820/1600 2821/1599
f 2821/1599 2816/1598 2815/1594
f 2817/1605 2816/1598 2821/1599
f 2822/1603 2818/1602 1038/1596
f 2819/1601 2818/1602 2822/1603
f 2822/1603 2823/1650 2819/1601
f 2819/1601 2823/1650 2824/1646
f 2824/1646 2825/1618 2819/1601
f 2819/1601 2825/1618 2826/1609
f 2826/1609 2820/1600 2819/1601
f 2821/1599 2820/1600 2826/1609
f 1038/1596 1042/1604 2822/1603
f 2822/1603 1042/1604 1048/1649
f 1048/1649 2827/1648 2822/1603
f 2822/1603 2827/1648 2824/1646
f 2824/1646 2823/1650 2822/1603
f 2827/1648 1048/1649 1228/1647
f 1228/1647 2828/1644 2827/1648
f 2824/1646 2827/1648 2828/1644
f 2828/1644 2829/1645 2824/1646
f 2824/1646 2829/1645 2830/1617
f 2830/1617 2825/1618 2824/1646
f 2826/1609 2825/1618 2830/1617
f 2830/1617 2831/1616 2826/1609
f 2826/1609 2831/1616 2832/1615
f 2832/1615 2833/1608 2826/1609
f 2826/1609 2833/1608 2821/1599
f 2828/1644 1228/1647 1227/1642
f 1227/1642 2834/1643 2828/1644
f 2828/1644 2834/1643 2835/1638
f 2835/1638 2829/1645 2828/1644
f 2830/1617 2829/1645 2835/1638
f 2835/1638 2836/1630 2830/1617
f 2830/1617 2836/1630 2837/1624
f 2837/1624 2831/1616 2830/1617
f 2832/1615 2831/1616 2837/1624
f 2838/1636 2834/1643 1227/1642
f 2835/1638 2834/1643 2838/1636
f 2838/1636 2839/1637 2835/1638
f 2835/1638 2839/1637 2840/1629
f 2840/1629 2836/1630 2835/1638
f 2837/1624 2836/1630 2840/1629
f 2840/1629 2841/1628 2837/1624
f 2837/1624 2841/1628 2842/1627
f 2842/1627 2843/1623 2837/1624
f 2837/1624 2843/1623 2832/1615
f 1227/1642 1223/1641 2838/1636
f 2838/1636 1223/1641 1222/1640
f 1222/1640 2844/1635 2838/1636
f 2838/1636 2844/1635 2840/1629
f 2840/1629 2839/1637 2838/1636
f 2845/1634 2844/1635 1222/1640
f 2840/1629 2844/1635 2845/1634
f 2845/1634 2841/1628 2840/1629
f 2842/1627 2841/1628 2845/1634
f 2845/1634 2846/1633 2842/1627
f 2842/1627 2846/1633 2847/1625
f 2847/1625 2848/1626 2842/1627
f 2842/1627 2848/1626 2849/1622
f 2849/1622 2843/1623 2842/1627
f 2832/1615 2843/1623 2849/1622
f 1222/1640 1221/1639 2845/1634
f 2845/1634 1221/1639 1220/1632
f 1220/1632 2846/1633 2845/1634
f 2847/1625 2846/1633 1220/1632
f 1220/1632 1226/1631 2847/1625
f 2847/1625 1226/1631 1225/1620
f 1225/1620 2850/1621 2847/1625
f 2847/1625 2850/1621 2849/1622
f 2849/1622 2848/1626 2847/1625
f 2851/1613 2850/1621 1225/1620
f 2849/1622 2850/1621 2851/1613
f 2851/1613 2852/1614 2849/1622
f 2849/1622 2852/1614 2832/1615
f 2832/1615 2852/1614 2853/1607
f 2853/1607 2833/1608 2832/1615
f 2821/1599 2833/1608 2853/1607
f 1225/1620 1030/1619 2851/1613
f 2851/1613 1030/1619 1029/1611
f 1029/1611 2854/1612 2851/1613
f 2851/1613 2854/1612 2853/1607
f 2853/1607 2852/1614 2851/1613
f 2817/1605 2854/1612 1029/1611
f 2853/1607 2854/1612 2817/1605
f 2817/1605 2855/1606 2853/1607
f 2853/1607 2855/1606 2821/1599
f 2821/1599 2855/1606 2817/1605
f 2100/1651 2102/1652 2856/1653
f 2856/1653 2102/1652 2106/1654
f 2106/1654 2857/1655 2856/1653
f 2856/1653 2857/1655 2858/1661
f 2858/1661 2859/1660 2856/1653
f 2860/1659 2856/1653 2859/1660
f 2856/1653 2860/1659 2100/1651
f 2096/1665 2100/1651 2860/1659
f 2861/1656 2857/1655 2106/1654
f 2858/1661 2857/1655 2861/1656
f 2861/1656 2862/1662 2858/1661
f 2858/1661 2862/1662 2863/1663
f 2863/1663 2864/1670 2858/1661
f 2858/1661 2864/1670 2865/1669
f 2865/1669 2859/1660 2858/1661
f 2866/1668 2859/1660 2865/1669
f 2859/1660 2866/1668 2860/1659
f 2106/1654 2108/1657 2861/1656
f 2861/1656 2108/1657 2112/1658
f 2112/1658 2867/1664 2861/1656
f 2861/1656 2867/1664 2863/1663
f 2863/1663 2862/1662 2861/1656
f 2868/1715 2867/1664 2112/1658
f 2863/1663 2867/1664 2868/1715
f 2868/1715 2869/1711 2863/1663
f 2863/1663 2869/1711 2870/1691
f 2870/1691 2864/1670 2863/1663
f 2865/1669 2864/1670 2870/1691
f 2870/1691 2871/1683 2865/1669
f 2872/1675 2865/1669 2871/1683
f 2865/1669 2872/1675 2866/1668
f 2873/1667 2866/1668 2872/1675
f 2860/1659 2866/1668 2873/1667
f 2112/1658 2114/1716 2868/1715
f 2868/1715 2114/1716 2121/1713
f 2121/1713 2874/1714 2868/1715
f 2868/1715 2874/1714 2875/1710
f 2875/1710 2869/1711 2868/1715
f 2870/1691 2869/1711 2875/1710
f 2875/1710 2876/1703 2870/1691
f 2870/1691 2876/1703 2877/1690
f 2877/1690 2871/1683 2870/1691
f 2878/1682 2871/1683 2877/1690
f 2871/1683 2878/1682 2872/1675
f 2879/1708 2874/1714 2121/1713
f 2875/1710 2874/1714 2879/1708
f 2879/1708 2880/1709 2875/1710
f 2875/1710 2880/1709 2881/1702
f 2881/1702 2876/1703 2875/1710
f 2877/1690 2876/1703 2881/1702
f 2881/1702 2882/1696 2877/1690
f 2883/1689 2877/1690 2882/1696
f 2877/1690 2883/1689 2878/1682
f 2884/1681 2878/1682 2883/1689
f 2872/1675 2878/1682 2884/1681
f 2121/1713 2126/1712 2879/1708
f 2879/1708 2126/1712 2083/1706
f 2083/1706 2885/1707 2879/1708
f 2879/1708 2885/1707 2881/1702
f 2881/1702 2880/1709 2879/1708
f 2886/1701 2885/1707 2083/1706
f 2881/1702 2885/1707 2886/1701
f 2886/1701 2882/1696 2881/1702
f 2887/1695 2882/1696 2886/1701
f 2882/1696 2887/1695 2883/1689
f 2883/1689 2887/1695 2888/1694
f 2888/1694 2889/1688 2883/1689
f 2883/1689 2889/1688 2884/1681
f 2083/1706 2082/1705 2886/1701
f 2886/1701 2082/1705 2081/1704
f 2081/1704 2890/1700 2886/1701
f 2886/1701 2890/1700 2887/1695
f 2888/1694 2887/1695 2890/1700
f 2890/1700 2891/1699 2888/1694
f 2888/1694 2891/1699 2892/1692
f 2892/1692 2893/1693 2888/1694
f 2888/1694 2893/1693 2894/1687
f 2894/1687 2889/1688 2888/1694
f 2884/1681 2889/1688 2894/1687
f 2890/1700 2081/1704 2085/1698
f 2085/1698 2891/1699 2890/1700
f 2892/1692 2891/1699 2085/1698
f 2085/1698 2087/1697 2892/1692
f 2892/1692 2087/1697 2090/1685
f 2090/1685 2895/1686 2892/1692
f 2892/1692 2895/1686 2894/1687
f 2894/1687 2893/1693 2892/1692
f 2896/1679 2895/1686 2090/1685
f 2894/1687 2895/1686 2896/1679
f 2896/1679 2897/1680 2894/1687
f 2894/1687 2897/1680 2884/1681
f 2884/1681 2897/1680 2898/1673
f 2898/1673 2899/1674 2884/1681
f 2884/1681 2899/1674 2872/1675
f 2872/1675 2899/1674 2873/1667
f 2090/1685 2089/1684 2896/1679
f 2896/1679 2089/1684 2092/1677
f 2092/1677 2900/1678 2896/1679
f 2896/1679 2900/1678 2898/1673
f 2898/1673 2897/1680 2896/1679
f 2901/1671 2900/1678 2092/1677
f 2898/1673 2900/1678 2901/1671
f 2901/1671 2902/1672 2898/1673
f 2898/1673 2902/1672 2873/1667
f 2873/1667 2899/1674 2898/1673
f 2092/1677 2094/1676 2901/1671
f 2901/1671 2094/1676 2096/1665
f 2096/1665 2903/1666 2901/1671
f 2901/1671 2903/1666 2873/1667
f 2873/1667 2902/1672 2901/1671
f 2860/1659 2903/1666 2096/1665
f 2873/1667 2903/1666 2860/1659
# 5710 elements

